Descrição,Quantidade,Preço Unit. (R$)
20BI 5CL,1,56.38
AAS AD PROTECT 100MG 30CP,8,18.35
AAS IF 30CP,6,17.39
ABIDOR 500MG 20CP,5,5.39
ABLOK 25MG 30CP,14,10.77
ABLOK 50MG 30CP,1,20.47
"ABLOK PLUS 25/12,5MG 30CP",3,19.92
"ABLOK PLUS 50/12,5MG 30CP",6,36.81
ABRILAR XP 100ML,2,39.02
ABS.ALWAYS BASICO 16UN C/ABAS SECA,14,6.4
ABS.ALWAYS BASICO 32UN C/ABAS SECA,4,11.91
ABS.ALWAYS BASICO 32UN C/ABAS SUAVE,4,10.64
ABS.ALWAYS BASICO 8UN C/ABAS SECA,9,3.66
ABS.ALWAYS BASICO 8UN S/ABAS SECA,5,3.66
ABS.ALWAYS BASICO L+P- 10UN C/ABAS SU,7,3.89
ABS.ALWAYS NOTURNO 16UN C/ABAS SECA,3,12.33
ABS.ALWAYS NOTURNO 16UN C/ABAS SUAVE,3,12.26
ABS.ALWAYS NOTURNO 32UN C/ABAS SECA,2,19.88
ABS.ALWAYS NOTURNO 32UN C/ABAS SUAVE,2,19.88
ABS.ALWAYS NOTURNO 8UN C/ABAS SECA,11,6.45
ABS.ALWAYS NOTURNO 8UN C/ABAS SUAVE,5,6.45
ABS.ALWAYS NOTURNO XG 8UN C/ABAS SUAV,11,8.82
ABS.ALWAYS PINK C/ABAS 8UN,13,4.26
ABS.ALWAYS PROT.DIARIO 15UN REGULAR C,6,5.72
ABS.ALWAYS ULTRAFINO 8UN C/ABAS SECA,4,5.53
ABS.CAREFREE 40UN BRISA S/PERFUME,4,12.73
ABS.CAREFREE 40UN ORIGINAL REGULAR,7,12.73
ABS.CAREFREE 80UN PROTEÇÃO C/PERFUME,1,19.55
ABS.CAREFREE 80UN TODO DIA FLEXI S/PE,2,24.18
ABS.CAREFREE 80UN TODO DIA S/PERFUME,6,19.55
ABS.CONFORT MASTER TAM UNICO 20UN,7,13.02
ABS.DIANA 40UN S/ABAS SUAVE,8,7.94
ABS.DIANA 8UN C/ABAS SUAVE,41,2.94
ABS.DIANA DIARIO 80UN PROMO,5,14.83
ABS.DIANA LV16 PG14UN C/ABAS SUAVE,1,5.19
ABS.DIANA NOT SU C/ABAS 8UN,19,4.61
ABS.DIANA SUAVE C/ABAS COM 28 UNID.,1,8.69
ABS.GERIATRICO BIGMAXI 20UN SUPER,7,14.78
ABS.GERIATRICO GERIATEX 20UN,1,16.09
ABS.GERIATRICO GERIATEX PREMIUM 16UN,7,14.18
ABS.INTIMUS DAYS 15UN S/ABAS S/PERFUM,12,4.4
ABS.INTIMUS DAYS S/ABAS 80UN ANTIBACT,4,14.8
ABS.INTIMUS GEL NORMAL 16UN C/ABAS SE,9,6.79
ABS.INTIMUS GEL NORMAL 16UN C/ABAS SU,8,6.79
ABS.INTIMUS GEL NORMAL 32UN C/ABAS SU,4,11.98
ABS.INTIMUS GEL NORMAL 8UN C/ABAS SUA,14,3.69
ABS.INTIMUS GEL NOTURNO 16UN C/ABAS S,8,9.98
ABS.INTIMUS GEL NOTURNO 30UN C/ABAS S,5,17.05
ABS.INTIMUS GEL NOTURNO 30UN C/ABAS S,7,17.04
ABS.INTIMUS GEL NOTURNO 8UN C/ABAS SE,40,5.69
ABS.INTIMUS GEL NOTURNO 8UN C/ABAS SU,15,5.69
ABS.INTIMUS INDICACAO DE TROCA 40UN,4,9.95
ABS.INTIMUS INTERNO 16UN MEDIO,6,14.04
ABS.INTIMUS INTERNO 16UN SUPER,25,14.14
ABS.INTIMUS INTERNO 8UN MEDIO,8,8.3
ABS.INTIMUS PROT DIARIA 80UN CUIDADO,4,14.8
ABS.INTIMUS PROT DIARIO IND TROCA 15U,5,5.41
ABS.INTIMUS PROT DIARIO IND TROCA 80U,4,19.72
ABS.INTIMUS U.FINO DIA&NOITE C/28UN C,4,19.19
ABS.OB 10UN MEDIO,20,8.02
ABS.OB 10UN SUPER,4,8.02
ABS.OB PRO CONFORT 16UN MEDIO,8,13.94
ABS.OB PRO CONFORT 16UN SUPER,8,13.49
ABS.OB PRO CONFORT 8UN MINI,7,9.08
ABS.P/SEIOS CREMER 12UN,1,11.45
ABS.PLENITUD ACT FEMME M 14UN,3,11.46
ABS.PLENITUD FEMME NOTURNO S ABAS 8UN,3,19.3
ABS.S.LIVRE 16UN ADAPT ESPECIAL SV C/,16,6.57
ABS.S.LIVRE 32UN ADAPT PLUS SUAVE C/A,7,13.83
ABS.S.LIVRE 32UN ADAPT SUAVE C/ABAS,6,11.28
ABS.S.LIVRE 8UN ADAPT ESPECIAL SV C/A,15,3.58
ABS.S.LIVRE 8UN ADAPT PLUS SUAVE C/AB,27,4.3
ABS.S.LIVRE 8UN ADAPT SUAVE S/ABAS,6,3.49
ABS.S.LIVRE 8UN NOTURNO SECA C/ABAS,12,6.92
ABS.S.LIVRE 8UN NOTURNO SUAVE C/ABAS,7,6.77
ABS.S.LIVRE C/16UN ADAPT PLUS SUAVE,13,8.01
ABS.S.LIVRE LV16PG14 NOTURNO SUAVE C/,4,12.78
ABS.S.LIVRE LV32PG24 NOTURNO SECA C/A,10,23.03
ABS.S.LIVRE LV32PG24 NOTURNO SUAVE C/,1,21.1
ABS.TAMPAX 10UN SUPER PLUS,1,19.86
ACALENTUS 210MCG 120CP ORODISP MELATO,2,19.95
ACALENTUS 30CP MAST CAMOMILA MELATONI,4,19.9
ACALENTUS L-TRIPTOFANO 250MG 60CPS MA,3,29.0
ACALENTUS MELATONINA 60CPS MAXINUTRI,4,19.05
ACALENTUS MELATONINA 90CPS MAXINUTRI,4,21.29
ACALENTUS PLUS 60CP MELAT+L-TRIPTOFAN,4,29.93
ACALENTUS PLUS 90CP MELAT+L-TRIPTOFAN,4,36.84
ACCU-CHEK ACTIVE 50 TIRAS,3,50.24
ACCU-CHEK ACTIVE KIT AP+50 TIRAS TEST,2,104.92
ACCU-CHEK GUIDE 25 TIRAS,3,49.45
ACCU-CHEK GUIDE 50 TIRAS,1,58.09
ACCU-CHEK PERFORMA 50 TIRAS,2,83.99
ACCU-CHEK SOFTCLIX 25 LANCETAS,2,16.35
ACEBROFILINA XP IF 120ML BIOSINTETICA,2,7.23
ACECLOFENACO 100MG 12CP,1,5.09
ACERATUM 10ML DELTA,3,14.12
"ACERTALIX 10+2,5MG C 30 COMP REV",1,83.38
"ACERTALIX 5+1,25MG 30CP",1,69.18
"ACERTANLO 3,5MG/2,5MG 30CP",1,53.05
ACERTANLO 7MG/5MG 30CP,1,71.41
ACERTIL 10MG 30CP,2,57.73
ACERTIL 5MG 30CP,1,43.28
ACETATO DE CLORMADINONA+ETINILESTRADI,2,12.99
ACETATO DE DEXAMETASONA CR 10G GEOLAB,17,6.91
ACETATO DE DEXAMETASONA CR 10G PRATI,1,7.4
ACETATO DE HIDROCORTISONA CR 30G TEUT,2,15.85
ACETILCISTEINA 100MG 16X5G EUROFARMA,1,20.77
ACETILCISTEINA 120MG 16ENV 5G PRT,10,16.87
ACETILCISTEINA 40MG 16ENV 5G,3,18.47
ACETILCISTEINA XP AD 120ML GEOLAB,2,10.94
ACETILCISTEINA XP AD 120ML GERMED,5,27.63
ACETILCISTEINA XP IF 120ML GEOLAB,4,19.21
ACETILCISTEINA XP IF 120ML LEGRAND,6,22.19
ACETONA 100ML FARMAX,83,2.46
ACETONA 500ML FARMAX,8,11.29
ACETONIDA DE TRIANCINOLONA PM 10G GER,4,9.66
ACICLOVIR 200MG 25CP NOVARTIS,4,7.46
ACICLOVIR 200MG 30CP PRATI/DONADUZZI,10,11.3
ACICLOVIR 400MG 30CP PRATI/DONADUZZI,2,34.1
ACICLOVIR 50MG/G 10G,1,3.3
ACICLOVIR 50MG/G 10G PRATI/DONADUZZI,10,4.18
ACIDIF SIAGE RESGATE IMEDIATO 150ML,1,46.59
ACIDIF.SALON LINE ANTIPORO D REPENT P,3,15.99
ACIDIF.SALON LINE MEU LISO ESCUDO ANT,3,15.66
ACIDO ACETILSALICILICO 100MG 30CP,4,7.66
ACIDO ACETILSALICILICO 100MG 60CP,1,14.51
ACIDO ACETILSALICILICO IF 30CP EMS,3,9.62
ACIDO TRANEXAMICO 250MG 12CP LEGRAND,6,39.58
ACNASE CR 25G,1,46.66
ACNASE GEL 20G,1,27.85
ACNASE LAP 3G,2,15.95
ACNASE SAB 110G,2,12.03
ACNASE SAB ANTIACNE 80G,1,12.48
ACNASE SAB ESFOLIANTE 80G,2,12.42
ACNASE SAB LIMPEZA PROFUNDA 80G,2,12.44
ACNIBEN ESFOL GEL FAC 105G,1,62.18
ACNIBEN ESPUMA LIMP FACIAL 150ML,1,43.21
ACNIBEN MICELLAR CLEANSER 400ML,1,73.91
ACNIBEN SAB FACIAL BARRA 80G,1,26.12
ACNIBEN SAB LIQ LIMPEZA 208G,2,45.66
ACNIBEN SAB LIQ LIMPEZA 416G,1,69.92
ACTINE GEL DE LIMPEZA 240G,1,52.99
ACTINE GEL DE LIMPEZA 400G,7,51.57
ACTINE GEL DE LIMPEZA CONTROL 140G,2,46.64
ACTINE GEL DE LIMPEZA CONTROL 400G,2,60.47
ACTINE ONE FPS50 SEM COR 40G,2,45.09
ACTINE PROT.SOLAR COR FPS60 40G,2,48.81
ACTINE PROT.SOLAR FPS60 40G,2,41.44
ACTINE PROT.SOLAR TOM 1 FPS50 40G,2,33.0
ACTINE PROT.SOLAR TOM 2 FPS50 40G,2,33.0
ACTINE PROT.SOLAR TOM 3 FPS50 40G,2,33.0
ACU FRESH COL 10ML GEOLAB,6,16.7
ACU FRESH COL 5MG 10 ML GEOLAB,2,12.7
ACUCAR UNIAO 1KG,10,4.79
AD-MUC KIDS GEL 10G-DEMAIS,1,45.09
AD-TIL 20ML,1,18.09
ADACNE CLIN GEL 45G*,1,65.24
ADAPALENO GEL 1MG 30G MEDLEY ML,1,20.51
ADAPTADOR TOMADA UNIVERSAL,2,29.06
ADAPTIS 1% COL 10ML,1,59.98
ADDERA CAL 1000UI C/30 COMP,1,50.02
ADDERA CAL 2000UI C/30 COMP,1,93.66
ADDERA D3 10.000UI C/ 4 COMP,1,35.12
ADDERA D3 50.000UI 4CAPS,1,107.69
ADDERA D3 7.000UI 30 CAPS GEL,1,91.57
ADDERA MAX CAL C 30 COMP,1,99.7
ADDERA+IMUNIDADE MAX 30CP,1,76.36
ADEFORTE 1X3ML,3,20.52
ADEFORTE TURBO AMPOLA C 3ML,4,30.0
ADESIVO PARA COLICA C/1UN DOUTORSAN,1,9.99
ADESIVO PARA FEBRE G C/2UN DOUTORSAN,3,9.99
ADESIVO PARA FEBRE P C/2UNI DOUTORSAN,2,9.99
ADINOS GEL 15G,2,12.35
ADIPEPT 40MG 28CP,1,33.1
ADOC.ADOCYL SACARINA 100ML,3,3.36
ADOC.ADOCYL SACARINA 200ML,2,6.2
ADOC.ADOCYL STEVIA 80ML,3,7.06
ADOC.ADOCYL SUCRALOSE 80ML,1,6.06
ADOC.FINN GT SUCRALOSE 65ML,2,8.98
ADOC.FINN PO XILITOL 30X5G SC,2,27.91
ADOC.LINEA GT 75ML,6,10.88
ADOC.LINEA PO LV3 PG2,21,13.95
ADOC.LINEA STEVIA GT 60ML,6,7.99
ADOC.ZERO CAL 100ML,3,6.05
ADOC.ZERO CAL 200ML,5,10.29
ADOC.ZERO CAL ERITRITOL 65ML,1,13.31
ADOC.ZERO CAL PO 30X 5G ERITRITOL,2,28.28
"ADOC.ZERO CAL PO 50X0,8G STEVIA",5,9.27
"ADOC.ZERO CAL PO 50X0,8G SUCRALOSE",3,8.49
ADOLESS 28CP,1,33.58
ADVANTAN 0.01% CR 15G,1,48.75
ADVANTAN LC CREMOSA BIS.20G,4,88.2
ADVIL 12H 600MG 6CP,3,20.15
ADVIL 400MG 16CP,2,33.83
ADVIL 400MG 3CAPS,27,5.37
ADVIL 400MG 8CAPS,16,16.75
AERODINI SPRAY 200DOSES TEUTO,23,27.5
AEROLIN SPR 200DOSES,9,17.66
AFOPIC 5MG 20CP TEUTO,2,7.79
AGUA BORICADA 100ML FARMAX,20,2.25
AGUA COLONIA MURIEL ACQUA VANILLA 250,3,14.2
AGUA COLONIA MURIEL FLOR AMENDOA 250M,2,12.78
AGUA COLONIA MURIEL LAVANDA 250ML,2,14.2
AGUA INGLESA CATARINENSE 500ML,2,23.26
AGUA MICELAR 100ML FACE BEAUTIFUL,1,4.0
AGUA MICELAR 400ML,2,39.99
AGUA MICELAR ULTRA LA ROCHE 200ML 1UN,1,80.74
"AGUA MINERAL CRYSTAL 1,5ML",30,2.99
AGUA MINERAL CRYSTAL 500ML,8,1.99
"AGUA MINERAL CRYSTAL C/GAS 1,5ML",39,2.04
AGUA MINERAL CRYSTAL C/GAS 500ML,23,1.99
"AGUA MINERAL MINALBA 1,5LT",1,3.69
AGUA MINERAL S/GAS MINALBA 510ML,1,1.42
AGUA MINERAL VITORIOSA 500ML,2,1.69
AGUA OXIGENADA 10 VOLUMES 100ML UNIPH,4,2.28
AGUA OXIGENADA 100ML 20V CREMOSO,9,2.84
AGUA OXIGENADA 100ML 40V CREMOSO,2,4.32
AGUA OXIGENADA 10VOL 100ML FARMAX,30,2.31
AGUA OXIGENADA 80ML SPRAY 10V MUSA,13,5.89
AGUA OXIGENADA CREMOSA MARCIA 20VOL,19,1.49
AGUA OXIGENADA CREMOSA MARCIA 30VOL,36,1.35
AGUA OXIGENADA CREMOSA MARCIA 40VOL,37,1.58
AGUA OXIGENADA CREMOSA MARCIA 900ML 3,3,10.61
AGUA OXIGENADA CREMOSA MARCIA 900ML 4,3,10.61
AGULHA P/CANETA 4MM ACCU-FINE,90,0.69
AGULHA P/CANETA BD ULTRAFINE 5/16,100,1.03
AIDE 3 GT 10ML,1,46.73
AIDE 3 GT 20ML,1,78.51
AKINETON 2MG 80CP *,2,28.19
ALBEL 400MG 1CPS GEOLAB,19,5.86
ALBEL 400MG 3CPS GEOLAB,10,17.59
ALBEL 400MG 5CPD MASTIG GEOLAB,7,7.22
ALBEL SS 10ML GEOLAB,9,6.66
ALBENDAZOL 400MG 1CP PRATI-DONADUZZI,110,5.39
ALBENDAZOL 400MG 3CP,1,3.6
ALBENDAZOL 400MG 5CP PRATI/DONADUZZI,1,5.8
ALBENDAZOL SS 40MG 10ML PRATIDONADUZZ,25,5.29
ALBOCRESIL GEL 50G,1,34.66
ALBOCRESIL SL 12ML,2,35.05
ALCOOL 70% 1 L TUPI,4,7.99
ALCOOL 70% 50ML FARMAX,11,2.77
ALCOOL ASSEPSIA SWABS UN,1,16.4
ALCOOL GEL GIOVANNA BABY 500ML AZUL,1,16.78
ALCOOL GEL GIOVANNA BABY 60ML CLAS,5,4.56
ALCOOL GEL P/MAOS FARMAX 50G,28,2.49
ALCOOL IODADO 100ML RIOQUIMICA,8,5.59
ALCOOL PRING HIDRATADO 70% 1LT,43,7.99
ALDACTONE 25MG 30CP,1,26.09
ALDOMET 250MG 30CP,1,36.61
"ALEKTOS 2,5MG 120ML",2,68.17
ALEKTOS 20MG 20CP,2,58.8
ALENDRONATO DE SODIO 70 MG 4 CP CELLE,5,1.66
ALENDRONATO DE SODIO 70MG 4CP TEUTO,3,2.48
ALENIA 12/400MG 60CL REFIL,2,121.6
ALENIA 12/400MG 60CP +INALADOR,1,111.6
ALENIA 6/200MCG 60CL C/INALADOR,2,110.57
ALENIA 6/200MCG REFIL 60CL,1,90.38
ALGESTONA+ESTRADIOL 150+10MG INJ.1ML,9,9.29
ALGIE 150MG C/10 COMP,1,35.12
ALGINAC 1000MG 15CP,5,28.32
ALGINAC 1000MG 30CP,1,58.65
ALGINAC INJ.3X1ML+3X2ML,2,20.7
ALGINAC RETARD 10CP,3,41.0
ALGODAO BOLA 95G SANCARE,10,7.25
ALGODAO BOLAS TOPZ 95GR,1,6.89
ALGODAO BOLAS TOPZ 50GR,6,3.69
ALGODAO CREMER BOLAS 50G,12,4.3
ALGODAO CREMER BOLAS 95G,9,6.75
ALGODAO CREMER HIDROFOLIO 25G,41,2.61
ALGODAO DISCO TOPZ C/50UN,7,7.79
ALGODAO NATHY 100G QUADRADINHO,2,5.99
ALGODAO NATHY 250G,5,8.4
ALGODAO NATHY 500G,2,15.41
ALGODAO QUADRADINHO TOPZ C/150UN,4,6.49
ALGODAO TOPZ 50G,17,3.89
ALICATE DE CUTICULA 171 MUNDIAL PRETO,1,9.99
ALICATE DE CUTICULA 522 MUNDIAL,12,17.0
ALICATE DE CUTICULA 722 MUNDIAL,6,43.1
ALICATE DE CUTICULA 777 MUNDIAL,2,32.32
ALICATE DE CUTICULA MERHEJE BASIC,3,7.83
ALICATE DE CUTICULA MERHEJE LILAS,1,7.87
ALICATE DE CUTICULA MERHEJE ROSA,3,7.59
ALICATE DE UNHA 520 MUNDIAL,2,45.06
ALICATE DE UNHA PROFISSIONAL MODELO 4,3,18.38
ALIVIOSOL AERO 200 ML,14,26.99
ALIVIOSOL LOC 150G,5,21.32
ALIVIUM 200MG 20ML GTS,1,48.21
ALIVIUM 400MG 8CAPS,1,14.23
ALIVIUM 600MG 10CAPS,1,38.5
ALIVIUM GT 50MG 30ML,2,28.01
ALLEGRA 120MG 10CP,2,68.28
ALLEGRA 120MG 2 COMP,11,15.38
ALLEGRA 60MG 10CP,1,37.09
ALLEGRA D 10CP*,5,42.87
ALLEGRA PED.6MG 150ML (SERINGA),2,70.64
ALLEGRA PED.6MG 60ML (SERINGA),2,29.8
ALLESTRA 20 21DR,1,31.39
ALLESTRA 30 21CP,2,31.28
ALLEXOFEDRIN D 60+120MG 10CP,3,41.95
ALLOVITA SOL CAP KIT 2 X 50 ML,1,55.72
ALMEIDA PRADO 46,3,32.79
ALOIS 10MG 30CP *,1,73.9
ALOPURINOL 100MG 30CP SANDOZ,2,8.15
ALOPURINOL 300MG 30CP SANDOZ,2,22.46
ALPHAGAN COL 5ML,1,104.74
ALPINO 80G AO LEITE,8,8.07
"ALPRAZOLAM 0,25MG 30CP EMS*",1,4.88
"ALPRAZOLAM 0,25MG 30CP GERMED*",4,4.97
"ALPRAZOLAM 0,5MG 30CP EMS*",3,3.75
"ALPRAZOLAM 0,5MG 30CP MEDLEY*",1,16.33
ALPRAZOLAM 1MG 30CP NOVA QUIMICA*,3,1.81
ALPRAZOLAM 2MG 30CP NOVA QUIMICA*,1,44.11
ALTA D 15.000UI 4CP,1,34.0
ALTA D 50.000UI 4CP,2,55.12
ALTA D 7.000UI 4CP,2,11.46
ALTAD 500 UI GOTAS 10ML,1,66.89
ALURAX 2 MG C/ 30 COMP,2,46.64
AMACIHAIR 220G AZEITE DE OLIVA,3,20.66
AMACIHAIR 220G LISO BALDINHO,3,20.66
AMATO 100MG 60CP*,1,133.85
AMATO 25MG 60CP*,1,33.11
AMATO 50MG 60CP*,2,95.12
AMBROL XP 100ML BRASTERAPICA,1,13.89
AMBROL XP 100ML PEDIATRICO BRASTERAPI,3,12.65
AMBROXMEL XP AD 120ML CIMED,3,9.79
AMBROXMEL XP IF 120ML CIMED,5,12.56
AMILIA TALCO LIQUIDO 80G,1,78.82
AMINOFILINA 200G 20CP TEUTO,3,4.13
AMIORON 200 MG C/30 CAPS GEOLAB,1,20.22
AMMY 4MG 28CP HYPERA,2,103.1
AMOME 50MCG SUS NASAL 60ACIO,1,29.51
AMONIA 100ML FARMAX,9,1.79
AMONIA 100ML RADAR,1,1.69
"AMORA 2MG+0,03MG 21CP",2,39.67
AMOX+CLAV 400+57ML PO SUSP 70ML,9,13.16
AMOX+CLAV 875+125MG 20CPD,8,71.9
AMOXICILINA 250MG SUSP 150ML PRATI,6,7.32
AMOXICILINA 500MG 21CP NEO QUIMICA,12,24.96
AMOXICILINA 875MG 14CP EMS,1,43.84
AMOXICILINA NEO 250MG 150ML,7,5.35
AMOXICILINA+CLAV.POT 500MG 12CP RANBA,11,23.84
AMOXICILINA+CLAV.POT 500MG 21CP RANBA,15,44.89
AMOXICILINA+CLAV.POT.500/125MG 30CP S,3,106.81
AMOXICILINA+CLAV.POT.875MG 14CP TEUTO,7,42.06
AMOXICILINA+CLAV.POT.875MG 20CP LEGRA,11,60.43
AMOXICILINA+CLAV.POT.SS 250MG 75ML SA,5,17.82
AMOXICILINA+CLAV.POT.SS 400MG 70ML EU,19,66.96
AMOXIL 500MG 21CL*,2,37.08
AMP.ANTICASPA BRILHO DA SEDA 10ML,22,1.49
AMPLICTIL 20ML *,12,9.66
AMPOLA NATUHAIR 10ML ANTI-QUEDA,10,1.5
AMPOLA NATUHAIR 10ML ANTICASPA,15,1.5
AMPOLA NATUHAIR 10ML QUERATINA,1,1.5
AMPOLA NATUHAIR 10ML VIT A+E+B5,7,1.5
AMPOLA PANTENE PRO SHOT REESTRUT 3X15,2,16.58
AMPOLA TRATAM.CHOQUE 10ML CAVALO SELV,24,2.17
AMYTRIL 10MG 30CP *,3,15.47
AMYTRIL 25MG 30CP *,1,25.73
ANADOR 1G C 10 COMP,2,6.67
ANASOL BASE FACIAL CLARA FPS30 60G,3,29.34
ANASOL BASE FACIAL CLARA FPS60 MULTIF,2,51.37
ANASOL BASE FACIAL FPS75 MULTIFUNCAO,2,44.46
ANASOL BASE FACIAL MEDIA FPS30 60G,3,34.5
ANASOL BASE FACIAL MEDIA FPS60 MULTIF,1,41.96
ANASOL FACIAL FPS50 60G,13,26.0
ANASOL FACIAL FPS75 60G,3,27.0
ANASOL FPS30 120 ML LOC. PROTETORA,9,20.5
ANASOL FPS30 200 ML PROTETOR SOLAR,26,27.9
ANASOL FPS50 120ML BLOQUEADOR SOLAR,21,22.27
ANASOL FPS50 125G KIDS,14,27.0
ANASOL FPS50 200ML BLOQUEADOR SOLAR,9,29.41
ANASOL FPS60 200 ML SPRAY TRANSPARENT,4,47.47
ANASOL FPS75 120ML,11,24.41
ANASOL FPS75 200ML,7,32.27
ANASOL FPS99 120G,6,44.51
ANASOL P.SOLAR FAC ANTIO.ANTIAC F70 4,1,32.79
ANASOL SPRAY FPS6 125 ML OLEO BRONZEA,7,18.99
ANASOL TSD ANTIOLE+ANTIBRILHO FPS60 5,1,31.36
ANASOL TSD ANTIOLE+CLAREADOR FPS70 50,2,32.79
ANASOL TSD ANTIOLE+CLAREADOR FPS90 50,2,35.64
ANASOL TSD ANTIOLE+SENSITIVE FPS90 50,3,35.64
ANASOL TSD ANTIOLE.FPS60 50G,2,31.36
ANASOL TSD ANTIOLE.FPS99 50G,2,35.64
ANCORON 100MG 30CP,2,23.08
ANCORON 100MG 60CP,1,20.18
ANCORON 200MG 30CP,1,35.88
ANDRIODERMOL LQ 50ML,1,20.43
ANGIOPRIL 10MG 30CP,2,13.85
ANNITA 500MG 6CP,7,62.34
ANNITA SS 100ML,2,57.46
ANNITA SS 45ML,2,21.45
ANSITEC 10MG 60CP *,1,169.27
ANSITEC 10MG 90CP*,1,188.0
ANSITEC 5MG 60CP *,2,93.39
ANSITEC 5MG 90CP *,2,113.78
ANTARA 500 MG 30 CP,1,63.43
ANTARCTICA GUARANA 200ML,13,2.19
ANTARCTICA GUARANA 200ML ZERO,16,2.19
ANTHE ULT COVER F60 COR 2.0 30G,1,65.73
ANTHELIOS AIRL S/COR FPS80 40G,1,71.3
ANTHELIOS AIRLICIUM FPS80 COR 2.0 40G,1,59.39
ANTHELIOS AIRLICIUM FPS80 COR 3.0 40G,1,73.38
ANTHELIOS AIRLICIUM FPS80 COR 5.0 40G,2,59.39
ANTHELIOS AIRLICIUM FPS80 COR 6.0 40G,1,60.07
ANTHELIOS ULTRA COVER PL CLARA FPS60,2,68.46
ANTHELIOS UV AIR COR 2.0 FPS60 45ML,3,60.43
ANTHELIOS UV AIR COR 4.0 FPS60 45ML,1,57.68
ANTHELIOS UV AIR COR 6.0 FPS60 45ML,1,72.26
ANTHELIOS UV AIR S/COR FPS60 45ML,2,73.12
ANTIMOS LENCO REPELENTE 16UN,44,5.0
ANTROFI CR VAGINAL 30G C/20APLICADORE,1,82.22
ANTUX XP 120ML,1,39.0
AP.BIC ACQUA AZUL 2UN,3,52.34
AP.BIC COMFORT 2 TWIN L5P4,4,7.4
AP.BIC COMFORT 3 ADV BLK,1,3.22
AP.BIC COMFORT 3 LAMINAS 1UN SENSIVEL,4,3.23
AP.BIC COMFORT TWIN 2UN,5,3.07
AP.BIC COMFORT TWIN 2UN SENSIVEL,3,3.07
AP.BIC SOLEIL COMFORT3 ADV SEN L4P3,4,12.55
AP.BIC SOLEIL ESCAPE LAVANDA 3UN,1,15.87
AP.BIC SOLEIL NATURALS 3UN,1,9.23
AP.DE PRESSAO PULSO AUTO HEM-6181 OMR,3,96.04
AP.GILLETTE CORPO 2UN,2,13.66
AP.GILLETTE FUSION 5,2,43.63
AP.GILLETTE MACH3 + CG C/2UN,2,28.32
AP.GILLETTE MACH3 1UN REGULAR,2,20.37
AP.GILLETTE MACH3 CARBONO + CG 1UN,2,23.78
AP.GILLETTE MACH3 CORPO + CG 1UN,1,27.94
AP.GILLETTE VENUS3 + REC PELE SENS 1U,23,18.71
AP.GILLETTE VENUS3 INTIMA 2UN,2,13.62
AP.GILLETTE VENUS3 INTIMA L4P3UN,3,24.85
AP.GILLETTE VENUS3 SIMPLY LV4PG3 PINK,4,23.67
AP.GILLETTE VENUS3 SUAVE ORIG,8,3.77
AP.GILLETTE VENUS3 SUAVE SENSITIV LV4,4,23.43
AP.PRESSãO ESF.C/ESTETO PREMIUM(VELCR,1,78.0
AP.PRESTOBARBA 3 2UN COOL,44,13.61
AP.PRESTOBARBA 3 2UN MASCULINO,11,13.45
AP.PRESTOBARBA 3 4UN CARVAO,3,20.52
AP.PRESTOBARBA 3 CARVAO 2UN,3,13.35
AP.PRESTOBARBA 3 CARVAO ATIVADO,4,3.92
AP.PRESTOBARBA 3 L4UN P3UN MASCULINO,3,20.49
AP.PRESTOBARBA CHAMP 3 1UN SUAVE,3,3.92
AP.PRESTOBARBA GILLETTE DERMA PR.L4P3,3,21.76
AP.PRESTOBARBA GILLETTE DERMA PROTEC.,17,13.65
AP.PRESTOBARBA ULTRA GRIP 2UN CM MASC,1,4.85
AP.PRESTOBARBA ULTRA GRIP 2UN SENSITI,47,4.47
AP.PROBAK II 2UN,14,3.03
APAXY 300MG C/20 CP GEOLAB,1,14.96
APEVITIN BC XP 240ML EMS,2,11.19
"APIXABANA 2,5 MG 20 CP EMS",1,22.71
APIXABANA 5MG 20CP,1,17.82
APIXABANA 5MG 60CP SANDOZ,1,48.57
APLAUSE 20MG 30CP,1,81.18
APRACUR EV 6UN,15,7.14
APRESOLINA 25MG 20DR,16,5.24
APRESOLINA 25MG 60DR,3,17.71
APRESOLINA 50MG 20DR,12,11.06
ARADOIS 25MG 30CP,1,30.43
ARADOIS 50MG 30CP,7,8.72
ARADOIS 50MG 60 CP,2,16.07
ARCALION 20DR,1,35.19
ARCOXIA 90MG 14CP*,1,127.72
AREMAZ 7MG/ML 100ML XPE HEDERA,3,6.15
ARFLEX RETARD 200MG 12CL,2,51.03
ARFLEX RETARD 200MG 6CL,2,36.17
ARIPIPRAZOL 15MG C/30 COMP BIOSINTETI,2,103.27
ARISTAB 10MG 10CP*,1,72.33
ARISTAB 1MG SUSP OR 150ML,2,166.33
ARLIVRY XP CEREJA 100ML NATULAB,1,7.29
ARNICA CRM 60 G,11,7.66
ARNICA TOTAL GEL CR 60G ALMEIDA PRADO,3,16.33
ARPADOL 400MG 30CP,1,65.01
ARTANE 2MG 30CP *,4,8.89
ARTELAC COL 10ML,1,14.93
ARTROGEN DUO 30 SACHES,1,154.7
ARTROLIVE 30CAPS,2,69.65
ARTROLIVE SACHES 30EV,1,110.0
ASCORVIT-C 1000MG 30CPS,3,28.26
ASCORVIT-C 1000MG 60CPS,5,27.85
ASEPXIA GEL SECATIVO 15G,5,15.24
ASEPXIA SAB CARVAO DETOX 150ML,2,17.46
ASEPXIA SAB LIMP PROFUNDA 150ML,2,17.46
ASEPXIA SAB.ESF DETOX CARVÃO 120G,2,15.23
ASEPXIA SAB.LIMPEZA DETOX CARVÃO 80G,6,9.67
ASEPXIA SAB.LIMPEZA P.ADSTRINGENTE 80,6,7.5
ASEPXIA SAB.LIMPEZA P.ENXOFRE 80G,4,7.87
ASEPXIA SAB.LIMPEZA P.ESFOLIANTE 80G,2,7.3
ASEPXIA SAB.LIMPEZA P.FORTE 80G,5,7.3
ASEPXIA SAB.LIMPEZA P.NEUTRO 80G,4,6.9
ASEPXIA SAB.LIMPEZA PROFUNDA 300ML,2,27.53
ASMOFEN 120ML TEUTO,2,17.54
ASPA RETOQUE DE RAIZES 60ML CAST ESCU,2,26.49
ASPA RETOQUE DE RAIZES 60ML CAST MEDI,2,26.49
ASPIRADOR NASAL DE SUCCAO VILA TOY,1,18.99
ASPIRADOR NASAL INFANTIL SIL AC50020,3,28.12
ASPIRINA AD EV 10CP,8,6.95
ASPIRINA C EFERV EV 1X2CP,24,5.78
ASPIRINA PREVENT 100MG 30CP,5,19.6
ASSEPTCARE 1% SPRAY 50ML NEO QUIMICA,8,16.72
ASSERT 100MG 30CP *,1,113.86
ASSERT 50MG 30CP *,1,81.78
ASTRO 1500MG SUSP.+SERINGA,1,43.96
ASTRO 500MG 3CP,2,19.6
ASTRO 500MG 5CP,1,32.66
ASTRO 600MG SS 9ML,2,30.87
ASTRO 900MG SS,2,43.96
AT.DE CACHOS NATU HAIR 1KG CACHOS INT,2,12.99
AT.DE CACHOS NATU HAIR 300ML RECONSTR,1,12.99
ATACAND 8MG 30CP,2,95.79
"ATACAND HCT 8/12,5MG 30CP",1,96.16
ATAD.CREPOM CREMER 10CM,57,3.0
ATAD.CREPOM CREMER 12CM,50,3.57
ATAD.CREPOM CREMER 15CM,15,4.45
ATAD.CREPOM CREMER 20CM,4,6.35
ATAD.CREPOM CREMER 25CM,4,7.74
ATAD.CREPOM CREMER 6CM,22,1.4
ATAD.CREPOM CREMER 8CM,99,2.48
ATAK CLAV 400MG SS 70ML,3,23.73
ATAK CLAV 875+125 MG C/ 14 COMP,2,39.36
ATAK CLAV 875+125 MG C/ 20 COMP,1,52.31
"ATENOCLOR 50+12,5MG 30CP VITAMEDIC",3,6.8
ATENOLOL 25MG 30CP SANDOZ,78,12.41
ATENOLOL 50MG 30CP SANDOZ,70,14.2
"ATENSINA 0,150MG 30CP",5,7.38
ATENTAH 10MG C/30 CAPS C1*,2,25.0
ATENTAH 18MG C 30 CAPS C1*,1,46.77
ATENTAH 25MG C 30 CAPS C1*,2,64.98
ATENTAH 40MG C 30 CAPS C1*,2,106.13
ATIV CACHOS NATUHAIR SUP OLEOS 1KG,3,12.99
ATIVADOR SALON LINE 300ML BOMBA ORIGI,2,13.48
ATIVADOR SALON LINE 500ML CACHOS NUT,1,21.06
ATIVADOR SALON LINE 500ML CACHOS SOS,2,21.06
ATIVADOR SALON LINE OLEO DE COCO 1KG,1,29.99
ATIVADOR SALON LINE SOS KIDS DEFIN 30,3,15.59
ATORVASTATINA 10MG 30CP GERMED,1,14.45
ATORVASTATINA 10MG 30CP TEUTO MLT,2,54.34
ATORVASTATINA 20MG 30CP LEGRAND MLT,10,54.34
ATORVASTATINA 40MG 30CP GERMED,1,24.46
ATORVASTATINA 40MG 30CP LEGRAND ML,2,107.39
ATORVASTATINA 80MG 30CP GERMED,1,84.83
ATROPINA 1% COL 5ML,1,9.35
ATROVENT N AER 200DOSES 10ML,2,32.66
ATROVENT SL 20ML,4,24.11
ATROVERAN DIP 1G C/10COMP,1,7.05
ATROVERAN GT 20ML,1,19.23
ATROVERAN HOT ADESIVO C/1 SACHE,6,9.57
AUSTRALIAN GOLD FACIAL FPS70 40ML,5,30.41
AUSTRALIAN GOLD PROT.CORP AG FPS30 20,2,48.38
AUSTRALIAN GOLD PROT.GEL SOOTH ALOE 1,4,32.32
AUSTRALIAN GOLD PROT.SOLAR FPS60 COR,2,38.84
AUSTRALIAN GOLD PROT.SOLAR FPS60 COR,3,38.84
AUTO LANCETAS G-TECH II 28G 100UN,5,31.15
AUTO TESTE DE ANTIGENO COVID 19,12,19.9
"AVAMYS 27,5MG SPRAY 120DOSES",7,58.98
AVENE AGUA TERMAL SPRAY 300ML,1,80.0
AVENE CICALFATE CREME 20ML,2,25.89
AVENE CLEANANCE GEL 150ML,1,53.9
AVENE CLEANANCE GEL 300ML,4,76.49
AVENE CLEANANCE GEL 400G,1,89.63
Avene Cleanance Intense Gel 150gr+40g,1,54.57
AVENE CLEANANCE KIT LIMP.PROF 150+40G,1,53.9
AVENE CLEANANCE UV FPS70+CLEAN GEL 40,2,58.62
AVENE MAT PERF CLARA FPS70 40G,1,55.0
AVENE MAT PERF MED FPS70 40G,4,55.0
AVIDE 100 MG C/ 9 CAPS,1,43.67
AXETILCEFUROXIMA 250MG 10CP EUROFARMA,2,29.95
AXETILCEFUROXIMA 250MG 50ML RANBAXY,1,83.79
AXETILCEFUROXIMA 500MG 14CP,3,59.99
AXONIUM 10 MG 30CP*,1,91.86
"AXONIUM 2,5MG 30CP*",1,39.33
AXONIUM 5 MG 30CP*,1,80.49
AZELAN CR 30G,2,71.99
AZELAN GEL 30G,2,75.03
AZI 1000MG 1CP*,1,23.6
AZI 500MG 3CP*,1,28.25
AZI 600MG SS ORAL PO + DIL.*,1,19.29
"AZITROMICINA 1500MG 37,5ML PHARLAB",3,20.23
"AZITROMICINA 1500MG SUSP 37,5ML EUROF",2,78.5
AZITROMICINA 500MG 3CP,13,0.08
AZITROMICINA 500MG 5CP NEO QUIMICA,34,4.88
AZITROMICINA 600MG PO SUSP 15ML EUROF,2,38.27
AZITROMICINA 600MG PO SUSP 15ML NEO Q,2,38.26
"AZITROMICINA 900MG PO SUSP 22,5ML PRA",1,16.35
"AZITROPHAR 900MG 22,5ML PO",2,16.0
AZORGA COL 5ML,2,64.13
AZOX 20MG/ML 45 ML,1,23.41
AZOX 500 MG C/ 6 COMP,1,42.61
AZUKON MR 30MG 100CP,1,53.24
AZUKON MR 30MG 30CP,2,12.78
AZUKON MR 30MG 60CP,1,21.71
BACLOFEN 10 MG 60 CP,6,8.39
BACLOFEN 10MG 20CP TEUTO,3,16.06
BACLOFENO 10MG 20CP TEUTO,3,15.13
BACTRIM 20CP,1,21.2
BACTRIM F 10CP,3,20.8
BACTRIM F SS 100ML,1,46.62
BACTRIM SS 100ML,2,24.11
BACTROBAN POM 10G,5,45.07
BALA 7 BELO IOGURTE 90G,1,2.78
BALA 7 BELO RECH FRAMBOESA 90G,2,3.46
BALA BUT TOF 53% CACAU 90G,2,3.79
BALA BUT TOF CACAU 53% MENTA 90G,2,3.79
BALA BUT TOF CACAU 53% PISTACHE 90G,6,3.79
BALA BUT TOF CACAU 53% TRUFA 90G,1,3.79
BALA BUT TOF CAFE EXPRESSO 90G,5,3.89
"BALA DE GENGIBRE,MEL E PROP.ZIINZIIN",2,3.06
"BALA DE MENTA,MEL E GENGIBRE 45G",5,3.8
BALA MAST FRUTIBELO FRAMBOESA 100G,5,1.65
BALANCA DIGITAL G-TECH GLASS 10,1,83.9
BALAS DE GELATINA FINI 100G MINHOCAS,9,5.12
BALAS DE GELATINA FINI 100G MINHOCAS,7,4.8
BALAS DE GELATINA FINI 80G SORVETINHO,2,3.79
BALAS DE GELATINA FINI 90G ACIDO TB M,5,4.81
BALAS DE GELATINA FINI 90G BANANA,30,4.8
BALAS DE GELATINA FINI 90G BEIJOS,30,4.81
BALAS DE GELATINA FINI 90G DENTADURAS,20,5.13
BALAS DE GELATINA FINI CHICLE 80G MEL,23,5.1
BALAS DE GELATINA FINI CHICLE 80G SAL,9,4.39
BALAS DE GELATINA FINI MARSHMALLOW 80,7,5.12
BALAS DE GELATINA FINI REGALIZ 80G MO,12,5.11
BALAS DE GELATINA FINI TUBES 15G 3 CO,12,0.87
BALAS DE GELATINA FINI TUBES 15G MORA,13,0.87
BALAS DE GELATINA FINI TUBES 15G TUTT,16,0.87
BALAS DE GELATINA FINI TUBES 15G UVA/,24,0.95
BALAS DE GELATINA FINI TUBES 80G ARCO,8,5.79
BALAS DE GELATINA FINI TUBES 80G UVA,23,5.02
BALAS DE MASHMALLOW FINI TORCAO 60G,10,5.1
BALM BARB DR JONES SHAVING 100ML,3,22.76
BALM DISCIP SIAGE GLOW EXPERT 100ML,2,38.79
BALM VULT PROTETOR LABIAL MELANCIA,2,12.41
BALM VULT PROTETOR LABIAL MENTA,1,12.41
BALM VULT PROTETOR LABIAL SOLEIL VEGA,2,12.41
BALSAMO BENGUE GEL 20G,1,19.39
BALSAMO BENGUE PM 20G,2,13.55
BAMIFIX 300MG 20DR,2,25.31
BAND AID PEQUENOS FERIMENTOS 16UN,5,6.71
BAND AID TRANSPARENTE 10UN,15,5.99
BAND AID TRANSPARENTE 40UN,8,11.16
"BANDAGEM ELAST.CREMER 7,6CM X 4,5M",5,22.99
BARISTAR C/ 30 CAPS,1,61.22
BARRA DE CASTANHAS/AMENDOIM E FRUTAS,8,3.27
BARRA SUPLEM.WHEY 36G BROWNIE CHOCOLA,13,5.8
BARRA SUPLEM.WHEY 36G COCO,15,5.8
BARRA SUPLEM.WHEY 36G DOCE DE LEITE,17,5.8
BARRA SUPLEM.WHEY 36G MORANGO,10,5.8
"BART H 150MG+12,5MG 30CP",1,80.72
"BART H 300+12,5MG 30CP",1,121.52
BASAGLAR 100UI 5X3ML,1,237.0
BASAGLAR 100UI/ML KWIKPEN 5X3ML 5 CAN,1,246.47
BASE LIQ VULT MEGA 26ML V170,2,15.89
BASE LIQ VULT MEGA 26ML V180,1,15.89
BASE LIQ VULT MEGA 26ML V200,1,15.89
BASE LIQ VULT NANO HD 26ML V130,2,22.06
BASE LIQ VULT NANO HD 26ML V190,2,22.06
BASE LIQ VULT NANO HD 26ML V230,2,22.06
BASE LIQUIDA MEDIA COBERTURA COR/1 30,1,6.9
BASE LIQUIDA MEDIA COBERTURA COR/2 30,2,6.9
BASE LIQUIDA MEDIA COBERTURA COR/3 30,3,6.9
BASE LIQUIDA MEDIA COBERTURA COR/4 30,3,6.9
BASE LIQUIDA MEDIA COBERTURA COR/5 30,2,6.9
BASE LIQUIDA MEDIA COBERTURA COR/6 30,2,6.9
BASE LIQUIDA MEDIA COBERTURA COR/8 30,3,6.9
BASE LIQUIDA MEDIA COBERTURA COR/9 30,2,6.9
BASE NIINA SECRETS H.GLOW N10 30ML EU,6,57.79
BASILICAO POMADA 25G BELLAPHYTUS,2,15.69
BASTAO ANTIATRITO CORPORAL 15G,3,64.22
BASTAO ANTIOLEOSIDADE FACIAL 15G,2,61.51
BASTONETES TOPZ 75UN,14,2.27
BASTONETES TOPZ 75UN PATRULHA CANINA,45,2.64
BATERIA CR2032 DURACEL LITIO 1 UNID,1,6.47
BATERIA DURACEL ALKALINA 9V 1UN,1,25.03
BATOM LIQUIDO MATTE LUXURY A FACE BEA,27,6.94
BATON 16G AO LEITE,51,1.7
BATON 16G CHOCOLATE BRANCO,34,1.51
BATON 16G MORANGO,1,1.58
BB SERUM VULT 30ML ACIDO HIALURONICO,1,34.23
BB SERUM VULT 30ML V160,1,21.0
BB SERUM VULT 30ML V210,1,21.0
BEDOZE SOL INJ 1ML C/2 AMPOLAS,3,36.32
BELADONA PM 20G LAHAS,2,11.69
"BELARA 2+0,03MG 21CP",2,53.9
BELLA FEMME GEL HIDRATANTE CORPO 300G,2,13.99
BELLA FEMME RIMEL,1,11.99
BELMIRAX 100MG 6CP BELFAR,6,5.41
BELMIRAX SUSP INF 30ML BELFAR,6,5.88
BENALET BOLSO MENTA 4UN,3,3.78
BENALET MEL-LIMAO 12PAST,1,33.74
BENALET MENTA 12PAST,1,32.18
BENEGRIP 12CP,6,23.23
BENEGRIP EV 6DR,7,12.2
BENEGRIP MULTI 240ML FRUTAS VERMELHAS,1,35.46
BENEGRIP MULTI DIA C/12CP,1,0.53
BENEGRIP MULTI NOITE C/12CP,1,22.86
BENERVA 300MG 30CP,1,28.18
BENESTARE 625MG 30CP ASPEN,1,29.24
BENEUM 300MG 30CP TEUTO,3,20.45
BENICAR 20MG 30CP,2,65.59
BENICAR 40MG 30CP,1,46.52
BENICAR ANLO 20/5MG 30CP,2,71.35
BENICAR ANLO 40/5MG 30CP,1,82.33
"BENICAR HCT 20/12,5MG 30CP",2,50.67
"BENICAR HCT 40/12,5MG 30CP",2,86.02
BENICAR HCT 40/25MG 30CP,2,57.72
"BENICAR TRIPLO 20+12,5+5MG 30CP",2,99.58
BENZIN SAB 60G,6,13.74
BENZOATO DE BENZILA 250MG/ML 100ML,11,5.85
BEPANTOL DERMA CR 20G,1,23.1
BEPANTOL DERMA CR 40G,3,44.38
BEPANTOL DERMA HIDRAT CORP 400ML,1,69.43
BEPANTOL DERMA LC HID REST CORPO 200M,1,47.1
BEPANTOL DERMA LC HID REST REGENER 20,2,42.77
"BEPANTOL DERMA PROT LABIAL FPS50 4,5G",1,18.28
"BEPANTOL DERMA REGENERADOR LABIAL 7,5",3,29.33
BEPANTOL DERMA ROSA MOSQUETA 20G,1,23.87
BEPANTOL DERMA SL SPRAY 50ML,2,28.86
BEPANTOL DERMA TOQUE SECO CR 30G,6,25.26
BEPANTOL PM BABY 30G C/15%OFF,11,11.0
BEPANTOL TATTOO CR RESTAURADOR 30G,5,26.57
BEROTEC 100MCG AER 10ML,2,26.72
BESEROL 12CP,3,20.0
"BESIL DE LEVANLODIPINO 2,5 MG 30 CP N",3,20.14
BESIL DE LEVANLODIPINO 5MG 30CP BIOLA,1,51.5
BESIL DE LEVANLODIPINO 5MG 30CP BIOLA,2,26.51
BESIL DE LEVANLODIPINO 5MG 30CP NEO,1,35.0
BESILATO DE ANLODIPINO 10MG 30CP GEOL,4,4.24
BESILATO DE ANLODIPINO 10MG 30CP NEOQ,3,4.61
BESILATO DE ANLODIPINO 5MG 30CP NEO Q,55,1.79
BETA+GENT+TOLNAF+CLIOQ 20G CR G,3,8.51
BETACORTAZOL CR 30G BELFAR,5,21.36
BETADINE 16MG 30CP,2,24.89
BETADINE XR 48MG 30CP,1,67.86
BETASERC 16MG 30CP,1,28.35
BETASERC 24MG 30CP,1,42.64
BETASERC 24MG 60CP,1,77.91
BETATRINTA 5+2MG INJ 1ML,5,19.11
BETINA 16MG 30CP,1,17.15
BETINA 24MG 30CP,1,23.0
BETNOVATE CAPILAR 50G,1,54.41
BETOGENTA CR 30G GEOLAB,7,19.2
BETOGENTA PM 30G GEOLAB,3,8.5
BETRICORT POMADA 30G GEOLAB,5,18.63
BEXAI 35MG 10CP,1,41.75
BHENA 10MG 30CP,1,65.55
BI-PROFENID 150MG 10CP,1,44.68
BICARBONATO DE SODIO 50G FARMAX,1,3.2
BICERTO 150MG C/10 COMP,1,44.36
BICO ANTIVAZAMENTO LICA 0 MESES AZ 13,1,35.69
BICO KUKA BIG SIL ORT N1 (5014),3,13.95
BICO KUKA BIG SIL ORT N2 (5017),2,14.19
BICO KUKA BIG SIL ORT N2 (5019),1,14.19
BICO KUKA SIL ORT N2 (5069),1,10.8
BICO KUKA SILICONE 1UN (5025),3,10.62
BICO KUKA SILICONE BIG 1UN (5005),2,11.83
BICO MAM FLUXO EXTRA RAPIDO(1013),1,35.69
BICO MAM FLUXO EXTRA RAPIDO(1416),3,35.69
BICO MAM FLUXO LENTO N2,1,35.69
BICO MAM FLUXO MEDIO(1216),1,35.69
BICO MAM FLUXO S.RAPI +6M EMB DUP(101,1,35.69
BICO MAM ORTODONTICO(1336),2,19.87
BICO MAM ORTODONTICO(1436),1,19.88
BIFILAC C/30 COMP,1,86.27
BILASTINA G. NEO 20 MG 30 CP,3,39.5
BIMATOPROSTA SL OFT 3MG 3ML GEOLAB,2,28.3
BIO LENT SOFT 350+120ML+ESTO TEUTO,3,24.02
BIO-OIL 200ML,1,76.46
BIO-OIL 60ML NATURAL,1,38.64
BIO-OIL OLEO 125ML,1,64.83
BIOCOLOR DESCOLORANTE PO 50G,12,7.21
BIOFENAC 10MG AER 60G,2,30.64
BIOFENAC 11MG/G GEL 60G,1,14.82
"BIOFENAC DI 46,5MG 10CP",1,11.25
BIOTONICO FONTOURA N 400ML,1,36.1
BIOTONICO FONTOURA UVA 400ML,2,39.39
BIOTTA 25BI DURA CT C/ 10 CAPS,1,74.39
BIOVICERIN C 12 FLAC 5ML,1,46.45
BIOVICERIN C 2 FLAC 5ML,2,9.01
BIOVICERIN C 6 FLAC 5ML,3,27.07
BIOZINC GOTAS 10MG ML 15ML,2,20.01
BIOZINC KIDS SL 75ML,3,31.2
BIS LACTA 20UN AO LEITE,6,5.64
BIS LACTA 20UN CHOCOLATE BRANCO,1,6.44
BIS LACTA 20UN OREO,3,6.44
BIS LACTA XTRA 45G AO LEITE,9,3.21
BISCOITO GAROTO CHOC.TRIO 90G PRESTIG,4,9.71
BISCOITO HANUTA 22G CREME AVELA,3,4.47
BISCOITO OREO 90G,3,2.81
BISCOITO OREO CHOCOLATE 90G,3,2.81
BISCOITO OREO MINI 35G,15,2.58
BISMU-JET TOPICO C/MENTOL 20ML LEGRAN,3,22.42
BISOLVON EX AD 120ML,4,18.14
BISOLVON EX IF 120ML,4,25.25
BISSULF.DE CLOPIDOGREL 75MG 28CP SAND,4,10.66
BISURAN XP AD 120 ML EMS,2,12.47
BISURAN XP INF 120ML EMS,5,9.23
BLANCY TX SAB. CLAREADOR 120ML,1,71.07
BLEPHAGEL GEL 40G,1,114.16
BLINDAGEM VEGANO 20ML LOVELY FACE BEA,3,7.95
BLONDOR CAMOMILA ENVELOPE 20G,102,7.44
BLONDOR CAMOMILA KIT 20G,1,18.1
BLUSH COMPACTO FACE BEAUTIFUL,13,6.95
BODY SPLASH BEAUTYLOO MORANGO 100ML,1,5.95
BODY SPLASH BEAUTYLOO TUTTI FRUTTI 10,1,5.95
BODY SPLASH JUPXT ALEGRIA TROPICAL,2,14.95
BODY SPLASH JUPXT BRISA DO VERAO,1,14.95
BODY SPLASH JUPXT BURGUESINHA,1,14.95
BODY SPLASH JUPXT CRIA DO RIO,2,14.95
BODY SPLASH JUPXT GAROTA CARIOCA,1,14.95
BODY SPLASH JUPXT RITMO DO RIO,2,14.95
BODY SPLASH LOVELY PITAYA 100ML,2,8.99
BODY SPLASH S.L 200ML BELEZA FATAL,2,23.45
BODY SPLASH S.L 200ML FLORES BRILHANT,2,19.69
BODY SPLASH S.L 200ML MISS RADIANTE,2,23.45
BODY SPLASH S.L 200ML PODER PINK,2,23.45
BODY SPLASH S.L 200ML ROSE INTENSE,2,19.69
BODY SPLASH S.L 200ML VERAO ARABE,1,23.45
BODY SPLASH S.L 200ML VIBE POP,3,19.69
BODY SPLASH S.L 200ML VIVA LA VIDA,1,23.45
BODY SPLASH S.L KIDS 200ML BAUNILHA D,2,20.56
BODY SPLASH S.L KIDS 200ML BOB ESPONJ,1,20.56
BODY SPLASH S.L KIDS 200ML MELANCIA,3,20.56
BODY SPLASH S.L KIDS 200ML UVA,1,20.56
BOLSA P/AGUA QUENTE 2LT GD MERCUR,3,40.0
BOLSA P/AGUA QUENTE 500ML PQ MERCUR,5,49.01
BOLSA P/AGUA QUENTE/FRIA 450ML ZEIN,3,9.99
BOLSA SALON LINE GRANDE DIVERSAS,1,9.98
BOLSA TERMICA GEL MERCUR MEDIA,6,9.99
BOM AR ALEGRIA 360ML,2,10.83
BOM AR CHEIRINHO DE TALCO 360ML,2,10.83
BOM AR LAVANDA 360ML,1,10.83
BOMBA TIRA LEITE G-TECH AUTOMATICA,2,126.24
BOMBA TIRA LEITE LEITE MANUAL MAM,1,156.5
BOMBOM SERENATA DE AMOR,21,1.26
BOSTON SIMPLUS MULTIACAO SL 120ML,1,65.72
BOTOX AZURE PROBELLE 150G,2,19.2
BOTOX FORCA SUPER PROBELLE 150G,1,19.2
BRAMICAR 40MG C/30 COMP,1,79.72
BRAMICAR 40MG C/60 COMP,1,102.02
"BRAMICAR HCT 40 12,5MG C/30 COMP",2,58.31
BRAMICAR HCT 80 25MG C/30 COMP,1,86.09
BRASART 160MG 30CP,1,42.53
BRASART 320MG 30CP,1,56.22
BRASART 80MG 30CP,2,41.5
BRASART BCC 160/5MG 30CP,1,93.0
BRASART BCC 160/5MG 60CP,1,168.3
BRASART BCC 320/5MG 30CP,1,96.37
"BRASART HCT 160+12,5MG 30CP",2,79.55
BRASART HCT 160+25MG 30CP,1,55.18
"BRASART HCT 320+12,5MG 30CP",3,51.14
BRASART HCT 320+25MG 30CP,1,91.87
"BRASART HCT 80+12,5MG 30CP",1,47.78
BRAVAN 160MG 30CP,1,40.77
BRAVAN 80MG 30CP,1,35.08
BRAVAN DUO 160+10MG C 30CP,1,53.3
BRAVAN DUO 160MG + 5MG C/30 COMP,1,45.66
BRAVAN DUO 320+5MG 30CP,1,55.53
BRAVAN DUO 80+5MG C 30CP,1,39.83
BRAVAN HCT 160+25MG 30CP,1,37.0
"BRAVAN HCT 80+12,5MG 30CP",1,54.97
BRINCO DELUXE,11,18.0
BRINCO SENSITIVE KIDS VARIADOS,8,20.0
BRINCO SENSITIVE PLUS VARIADOS,5,22.0
BRINCO SENSITIVE VARIADOS,11,20.0
BRINCO STUDEX CLASSIC,56,14.0
BRINCO SUPERMAXXI,11,20.0
BRITENS COL 5ML,1,98.49
BROMAZEPAM 3MG 30CP*BIOSINTETICA,5,14.65
BROMAZEPAM 3MG 30CP*TEUTO MT,9,12.93
BROMAZEPAM 6MG 30CP*TEUTO MT,1,18.23
BROMETO DE IPRATROPIO SL 20ML TEUTO L,2,7.4
BROMIDRATO DE VORTIOXETINA 10MG 30CP,2,60.59
BROMIDRATO DE VORTIOXETINA 5MG 30CP E,2,37.99
BROMOPRIDA 10MG 20CP TEUTO,2,15.28
BROMOPRIDA GT 4MG 20ML TEUTO MLT,2,11.9
BRONDILAT XP AD 120ML,6,44.73
BRONDILAT XP IF 120ML,1,38.03
BRONTEK XPE INF 120 ML GEOLAB,3,14.93
BRUMA FIXADORA JUPXT 100ML,2,6.95
BRUMA ILUMINADORA 100ML FACE BEAUTIFU,3,6.0
BRUMA ILUMINADORA FACIAL&CORPO 100ML,3,6.95
BUCLINA 30CP,4,12.09
BUDESONIDA 32MCG 120DOSES BIOSINTETIC,1,17.53
BUDESONIDA 64MCG 120 DOSES,2,29.51
BUP 150MG 30CP *,1,85.22
BUP XL 150MG 30CP *,3,83.5
BUP XL 150MG 60CP *,1,131.16
BUP XL 300MG 30CP *,1,69.35
BUPIUM XL 150MG 30CP *,1,79.64
BUPROPIONA 150MG 30CP,1,27.25
BUPROVIL 300MG 20CP MULTILAB,3,13.0
BUPROVIL 300MG 30CP MULTILAB,3,17.74
BUPROVIL 600MG 20CP MULTILAB,2,18.9
BUSCODUO 20CP,3,18.23
BUSCOFEM 400MG 10CP,5,27.57
BUSCOFEM 400MG EV 2CP,20,3.85
BUSCOFEM GIRLS 200MG 10CP,2,18.29
BUSCOPAN 20DR,3,22.01
BUSCOPAN COMPOSTO 20DR,7,23.23
BUSCOPAN COMPOSTO GOTAS 20ML,3,24.04
BUSCOPAN GT 20ML,2,23.23
BUSCOPAN PED 10MG ML S ORAL 20ML,2,15.5
BUSONID 32MCG SS NASAL 120D 6ML,6,22.67
BUSONID 400MG 60CL REFIL,1,73.56
BUSONID 50MCG AQUOSA NASAL 120D 6ML,3,32.52
BUSONID 64MCG AQUOSA NASAL 120D,1,35.16
BYE BYE FEVER ADULTO C/2UN,12,9.64
BYE BYE FEVER BEBES C 2UN,17,11.97
BYE BYE FEVER CRIANCA C 2UN,27,8.89
CABO TIPO C P/TIPO C,1,23.12
CALADRYL REPELENTE 100ML,26,13.0
CALAMED AER 150ML CIMED,2,18.29
CALAMED GEL ALOE VERA 120G CIMED,27,12.56
CALCIO 500 CARB.CALCIO 1250MG 60CP,1,18.77
CALCITRAN D3 400MG 30CP,1,29.0
CALCITRAN MDK 30CP,1,45.4
CALCITRAN TRIFLEX 30 COMP,1,62.29
CALCIUM MAX K2 CIT MA 250MG+D3 60CAP,2,52.48
CALCIUM MAXX ARTRO 260MG 60CAP,2,54.69
CALCIUM MAXX MDK 260MG 60CAP,2,54.69
CALDE K2 30CP,1,106.52
CALDE KM 30CP,1,118.07
CALDE MAX 2.000UI C/60 COMP,1,257.75
CALDE MDK 1000UI C30 CP,3,78.23
CALDE MDK 2000UI C30 CP,1,74.68
CALMAN 20CP,2,46.67
CALMAN LQ 100ML,1,53.59
CALTREN 10MG 30CP,1,67.23
CAMOMILINA C 20CAPS,1,37.13
"CANABIDIOL 23,75MG ML",1,135.0
CANDESARTANA CILEXETILA 16MG 30CP BIO,4,33.5
CANDESARTANA CILEXETILA 16MG 30CP SAN,3,83.95
CANDICORT CR 30G,1,35.95
CANDICORT PM 30G,2,35.0
CANDITRAT SS 50ML TEUTO,4,15.78
CANECA KUKA TREINA.DEC.FUN 200ML MENI,1,27.75
CANESTEN CR 20G,2,22.89
CANETA DELINEADORA SOBRANCELHA VULT C,12,29.87
CANFORA UN BRAVIR,71,0.9
CAPITAL SOLEI PUR 3EM1 F70 40G S/COR,1,72.68
CAPITAL SOLEI DAILY F60 COR 40G,1,80.92
CAPITAL SOLEI FPS50 HYDRA-MATTE 30G,1,49.91
CAPITAL SOLEIL F50 COR 4.0 30G,2,50.0
CAPITAL SOLEIL F50 COR 5.0 30G,1,48.41
CAPITAL SOLEIL UV-CLEA 2.0 FPS60,3,66.34
CAPITAL SOLEIL UV-CLEA 4.0 FPS60 40G,3,65.25
CAPITAL SOLEIL UV-CLEA FPS60 40G,6,65.25
CAPITAL SOLEIL UV-PIG 4.0 FPS60 40G,1,66.61
CAPTOPRIL 25MG 30CP EMS,10,2.4
CAPTOPRIL 25MG 30CP MEDLEY MLT,2,6.51
CAPTOPRIL 25MG C/30CP,1,2.64
CAPTOPRIL 50MG 30 CP GLOBO,4,13.3
CARBAMAZEPINA 200MG 30CP*TEUTO,6,13.83
CARBAMAZEPINA 400MG 30CP*TEUTO MT,4,27.73
CARBIDOL 25/250MG 30CP TEUTO,4,40.1
CARBOCISTEINA 20MG 100ML NATIVITA,2,7.61
CARBOCISTEINA 50MG 100ML NATIVITA,3,7.8
CARBOLITIUM 300MG 60CP *,3,49.21
CARBOLITIUM CR 450MG 30CP *,2,61.14
CARBOLITIUM CR 450MG 60CP *,1,42.23
CARGA GILLETTE MACH3 2UN,3,17.17
CARGA GILLETTE MACH3 CARBONO 2UN,1,23.1
CARGA GILLETTE MACH3 CARBONO LV4PG3,2,37.29
CARGA GILLETTE MACH3 REGULAR LV4PG3,2,34.91
CARMED BODY SPLASH FR 200ML LUZ DO SO,6,27.2
CARMED BODY SPLASH FR 200ML NAS NUVEN,4,27.2
CARMED FINI 10G ANA CASTELA SABOR BRI,3,19.42
CARMED FINI BG 10G POM ACAI,4,19.42
CARMED FINI BG 10G POM AMORA CLARO,5,19.42
CARMED FINI BG 10G POM BANANA,6,19.42
CARMED FINI BG 10G POM BEIJOS C COR,11,17.16
CARMED FINI BG 10G POM CEREJA,11,19.0
CARMED FINI BG 10G POM COCA COLA INCO,10,19.42
CARMED FINI BG 10G POM COCA COLA MARR,5,19.42
CARMED FINI BG 10G POM COCA COLA VERM,4,19.42
CARMED FINI BG 10G POM DENTADURA,5,14.9
CARMED FINI BG 10G POM DOCE DE LEITE,6,19.42
CARMED FINI BG 10G POM GLITER 3EM1,9,19.42
CARMED FINI BG 10G POM LEITE CONDENSA,6,19.42
CARMED FINI BG 10G POM SMURFS,4,19.0
CARMED FINI BG 10G POM SPRITE INCOLOR,10,19.42
CARMED GEL DENTAL C/FLUOR 70G FINI BE,23,13.99
CARMED GEL DENTAL C/FLUOR 70G FINI CE,24,13.99
CARMED GEL DENTAL C/FLUOR 70G FINI DE,10,13.99
CARMED GEL DENTAL C/FLUOR 70G FINI ME,10,13.99
CARMED GEL DENTAL C/FLUOR 70G FINI MI,24,13.99
CARREGADOR TOMADA 2 USB,1,21.7
CARREGADOR VEICULAR 2 USB,1,17.9
"CARVEDILOL 12,5MG 30CP BIOSINTETICA",2,34.75
CARVEDILOL 25MG 30CP BIOSINTETICA,3,58.6
"CARVEDILOL 3,125MG 30CP BIOSINTETICA",3,25.8
"CARVEDILOL 6,25MG 30CP BIOSINTETICA",3,1.97
"CASPACIL 2,5% SHAMPOO C/100 ML",3,68.04
CASTANHA DA INDIA 100 MG 30 CP BELFAR,4,9.92
CASTANHA DA INDIA 45CL HERBARIUM,2,41.94
CATAFLAM 50MG 10DR,3,17.05
CATAFLAM 50MG 20DR,1,29.46
CATAFLAM AER 60G,1,45.28
CATAFLAM AER 60G SPORT ICE,1,39.08
CATAFLAM D 50MG 20CP,1,33.62
CATAFLAM EMULGEL 30G,1,11.82
CECLOR 250MG 100ML,1,67.33
CECLOR 375MG 100ML,3,91.46
CECLOR BD 500MG 10CP,1,58.89
CEFADROXILA 250MG SS 100ML EUROFARMA,1,48.45
CEFADROXILA 500MG 8CP EMS,1,38.03
CEFADROXILA 500MG 8CP TEUTO MT,2,35.52
CEFALEXINA 500MG 10CP TEUTO,20,17.49
CEFALEXINA 500MG 40CP TEUTO MT,1,67.94
CEFALIUM ONE 750MG 20CPR,1,13.07
CEFALIV 12CP *,2,17.67
"CEFTRIAXONA 1G 3,5ML PO SOL INJ BLAU",6,11.69
CEFTRIAXONA SOD.1G INJ+DILUENTE.EUROF,1,26.26
CEFTRIAXONA SOD.500MG INJ EUROFARMA,2,17.46
CEKLIN FOR VIT C+ARGININA+ZINCO 10CP,48,5.0
CEKLIN MAX VIT C+D+ZINCO 30CP EFERV,7,12.0
CEKLIN VIT C 10 CP EFERV,107,2.99
CEKLIN VIT C 30 CP EFERV,23,9.02
CEKLIN VIT C TRIPLA ACAO C/10 CP EFER,41,3.39
CELEBRA 200MG 10CP*,2,62.35
CELECOXIBE 200MG 10CP *EUROFARMA,2,28.69
CELECOXIBE 200MG 15CP *RANBAX,3,11.28
CELECOXIBE 200MG 30CP *EUROFARMA,2,83.81
CELESTAMINE GT 20ML,1,33.67
CELESTAMINE XP 120ML,1,55.65
CELESTONE EL 120ML,2,26.69
CELETIL XPE 120 ML GEOLAB,5,16.0
CENEVIT 1G 10CP EFERV.,9,10.46
CENEVIT 1G ZINCO 10CP,7,12.78
CENOURA E BRONZE FPS30 50G FACIAL,9,26.0
CENOURA E BRONZE FPS50 50G FACIAL,9,26.0
CENOURA E BRONZE P.SOLAR FPS30 200ML+,12,23.0
CENOURA E BRONZE SPRAY FPS30 200ML,5,23.06
CENTRUM 30CP,1,55.0
CENTRUM HOMEM ESSENT 30CP,4,65.52
CENTRUM HOMEM ESSENT 60CP,1,90.0
CENTRUM KIT 60CP+30CP A-Z,2,121.03
CENTRUM KIT MULHER 60+30CP,1,141.0
CENTRUM MULHER 30CP ESSENTIALS,1,69.17
CENTRUM MULHER 60CP ESSENTIALS,1,90.0
CENTRUM PO IMUNIDADE UN SACHES GUARA.,2,1.3
CENTRUM SELECT HOMEM 30CP,1,88.08
CENTRUM SELECT MULHER 30CP,1,92.48
CEPACOL FUSION S/ALCOOL L500P350ML,3,8.94
CEPACOL LV500 PG350ML MENTA ICE,3,13.73
CEPACOL MENTA FUSION C/ ALCOOL 250ML,3,7.22
CEPACOL MENTA PROT S/ALCOOL 250ML,3,8.86
CEPACOL SL 250ML FLUOR,4,10.35
CEPACOL SL 250ML JUNIOR TUTTI FRUTTI,4,11.07
CEPACOL SL LV500 PG350ML FLUOR,4,13.35
CEPACOL SL LV500 PG350ML MENTA,2,13.73
CEPACOL SL LV500 PG350ML TRADICIONAL,4,14.8
CERA MODELADORA NUTRIMAXI 150G EXT FO,3,14.65
CERA ORTODONTICA HILLO 3G 1UN,5,5.69
CERAVE CR.HIDRATANTE 50G,1,29.66
CERAVE CR.HIDRATATANTE 200G,1,62.19
CERAVE CR.RENOVADOR PES 88ML,1,70.08
CERAVE CREME DE MAOS 100G,1,70.08
CERAVE ESPUMA DE LIMP 140G,1,46.86
CERAVE GEL DE LIMPEZA 150G,2,46.86
CERAVE GEL DE LIMPEZA 340G,1,68.34
CERAVE GEL DE LIMPEZA 340G ACNE CONTR,1,73.51
CERAVE GEL DE LIMPEZA 454G,1,73.67
CERAVE GEL DE LIMPEZA 60G,1,33.89
CERAVE LC.HIDRATANTE 200ML,1,54.14
CERAVE LC.HIDRATANTE 340ML,1,70.76
CERAVE LC.HIDRATANTE 473ML PELE SECA,1,83.0
CERAVE LC.HIDRATANTE FACIAL FPS50 52M,1,71.79
CERAVE OLEO DE LIMPEZA HIDRATANTE 236,2,60.42
CERAZETTE 28CP,1,39.33
CEREAL EM BARRA TRIO 20G BANANA/AVEIA,1,1.44
CEREAL EM BARRA TRIO 20G BRIGADEIRO,4,1.44
CEREAL EM BARRA TRIO 20G COCO/CHOCOLA,9,1.44
CEREAL EM BARRA TRIO 20G MOR/CHOCOLAT,2,1.44
CEREAL EM BARRA TRIO 20G MOUSSE CHOCO,5,1.69
CEREAL EM BARRA TRIO 25G NUTS CHOCOLA,2,2.33
CERUMIN 8ML,4,15.97
CETAPHIL AD RESTOR SAB LIQ 236ML,1,84.72
CETAPHIL ADVANCED MOISTURIZ 473G,2,90.39
CETAPHIL CREME HIDRATANTE 453G,1,79.74
CETAPHIL GEL CREME 453G,1,81.88
CETAPHIL LC HIDRATANTE ADVANCED 226G,2,61.32
CETAPHIL LC HIDRATANTE ADVANCED 473ML,5,83.93
CETAPHIL LC LIMPEZA PUMP 300ML,2,65.11
CETAPHIL LOC HIDRAT 59ML,1,23.84
CETAPHIL LOC PRO UREIA 10% 236ML,1,64.55
CETAPHIL LOCAO DE LIMPEZA 100ML,1,42.33
CETAPHIL OIL CONTR GEL FAC 124ML,1,32.95
CETAPHIL OIL CONTR GEL FAC 250ML,1,43.54
CETAPHIL SAB LIMP FAC RADIANCE 100G,1,68.15
CETAPHIL SAB LIQ OIL CONTROL 124ML,1,36.05
CETAPHIL SAB LIQ OIL CONTROL 250ML,1,47.69
CETOBETA CREME 30 G,2,23.27
CETOBETA POMADA 30 G,3,23.27
CETOCONAZOL 200MG 10CP TEUTO MLT,1,19.45
CETOCONAZOL 20MG 30G CR.NATIVITA,1,4.38
CETOCONAZOL CR 30G CIMED,5,13.19
CETOCONAZOL CR 30G TEUTO MLT,1,14.92
CETOCONAZOL SH 100ML PREVENT,11,8.46
CETOCONAZOL+BETAM.+NEOM.CR 30G TEUTO,6,18.18
CETOCONAZOL+BETAM.+NEOM.PM 30G TEUTO,5,18.18
CETOCONAZOL+BETAMET.PM 30G TEUTO MLT,1,16.61
CETOPROFENO 100MG 20CP MEDLEY,3,37.13
CETOPROFENO 150MG 10CL NEO QUIMICA,25,6.92
CETOPROFENO 20MG 20ML TEUTO,12,13.08
CETOPROFENO 50MG 24CL MEDLEY,2,21.39
CETRILAN CR 40G,2,28.0
CETROLAC COL 5ML,1,42.24
CHA LEAO 10X10G CAPIM CIDREIRA,1,3.15
CHA LEAO 10X10G HORTELA,4,3.15
CHA LEAO 10X16G CHA PRETO,5,3.15
CHA LEAO 10X20G ERVA-DOCE,6,3.15
"CHA MATTE LEAO NATURAL 10X1,6G",9,2.65
"CHA MATTE LEAO NATURAL 25X1,6G",6,5.6
CHICLETE BUBBALOO MIX 15G,9,0.77
CHICLETE BUBBALOO MORANGO 15G,2,0.77
CHICLETE BUBBALOO TUTTI FRUTTI 15G,10,0.77
CHICLETE TRIDENT GARRAFA 48GRS ACID B,1,10.4
CHICLETE TRIDENT GARRAFA 48GRS MELA/M,12,10.4
CHICLETE TRIDENT GARRAFA 54GRS HORTEL,4,10.4
CHICLETTE ADAMS FRUTA ROSA,27,0.3
CHICLETTE ADAMS HORTELA AMARELO,61,0.3
CHICLETTE TRIDENT 5UN CANELA,30,2.45
CHICLETTE TRIDENT 5UN FRESH INTENSE,43,2.44
CHICLETTE TRIDENT 5UN HORTELA/MENTA,3,2.45
CHICLETTE TRIDENT 5UN MELANCIA,25,2.45
CHICLETTE TRIDENT 5UN MENTA/MENTA,3,2.45
CHICLETTE TRIDENT 5UN MORANGO/FRUTILL,26,2.45
CHICLETTE TRIDENT 5UN TUTTI-FRUTTI,6,2.44
CHICLETTE TRIDENT MAX 5UN HORTELA,22,2.24
CHICLETTE TRIDENT MAX 5UN MENTA BLUEB,22,2.24
CHOC T-PRO CHOC AO LEITE 26G,7,3.69
CHOC TRENTO BITES AO LEITE 40G,12,2.16
CHOC TRENTO BITES AVELA 40G,12,3.38
CHOC TRENTO BITES BRANCO-DARK 40G,8,3.12
CHOC TRENTO BITES DUO 40G,10,3.38
CHOC TRENTO CHOCOLATE AO LEITE 29G,23,2.07
CHOC TRENTO CHOCOLATE BRANCO 29G,33,2.07
CHOC TRENTO MASSIMO BANOFFEE 25G,7,1.89
CHOC TRENTO MASSIMO BROWNIE 25G,23,2.07
CHOC TRENTO MASSIMO CHOCOLATE 25G,14,1.89
CHOC TRENTO MASSIMO DARK 25G,23,2.07
CHOC TRENTO MASSIMO DUO 25G,5,1.89
CHOC TRENTO MASSIMO NUTS AO LEITE 25G,9,2.07
CHOC TRENTO SLIM CREME 20G,8,1.56
CHOC TRENTO SPECIALE AVELA 26G,4,3.18
CHOC TRENTO SPECIALE AVELA BCO 26G,11,3.31
CHOC TRENTO SPECIALE PISTACHE/AVELA 2,10,3.31
CHOC TRENTO TORTA MACA 29G,9,2.07
CHOC TRENTO TRUFA CHOCOLATE 29G,11,2.07
CHOCOLATE CHARGE 40G,28,3.41
CHOCOLATE CLASSIC 80G AO LEITE,12,7.93
CHOCOLATE GAROTO 25G CROCANTE,19,2.5
CHOCOLATE GAROTO CARIBE 28G,1,3.0
CHOCOLATE LOLLO 28G,19,3.41
CHOCOLATE NESTLE 20G SURPRESA AO LEIT,5,2.41
CHOKITO 32G,29,2.89
CHUP.KUKA CLASSIC N1(2492)ROSA,1,8.66
CHUP.KUKA CLASSIC N1(2493)BEGE,2,8.66
CHUP.KUKA CLASSIC N2(2496)AZUL,1,8.66
CHUP.KUKA CLASSIC N2(2497)ROSA,2,8.66
CHUP.KUKA CRISTAL COLOR ORTO N1(2007),1,14.96
CHUP.KUKA CRISTAL COLOR ORTO N1(2008),2,14.96
CHUP.KUKA CRISTAL COLOR ORTO N2(2010),1,14.96
CHUP.KUKA CRISTAL COLOR ORTO N2(2022),1,14.96
CHUP.KUKA SIL SOFT ORTO N1 TRANSPAREN,2,17.71
CHUP.KUKA SIL SOFT ORTO N2 TRANSPAREN,2,17.71
CHUP.KUKA SILIC.SOFT COMFORT B. RED.,2,19.38
CHUP.KUKA SILIC.SOFT COMFORT B.RED.2,1,19.38
CHUP.KUKA SOFT ORTO SIL N1(2701)AZUL,2,17.71
CHUP.LOLLY ORTO SIL T2 C/1 UN,4,2.44
CHUP.MAM AIR 18+ ROSA,1,28.07
CHUP.MAM AIR 6+ MESES ROSA (2832),1,29.1
CHUP.MAM AIR NIGTH 6+ MESES AZUL (283,2,29.1
CHUP.MAM COMFORT NEUTRA 0-6,4,31.34
CHUP.MAM COMFORT ROSA 0-6,2,31.34
CHUP.MAM NIGTH 0-6 MESES AZUL,1,24.16
CHUP.MAM NIGTH 0-6 MESES ROSA,2,24.16
CHUP.MAM NIGTH 6+ MESES AZUL,3,24.16
CHUP.MAM NIGTH 6+ MESES ROSA,1,24.16
CHUP.MAM ORIGINAL 0-6 AZUL,2,24.16
CHUP.MAM ORIGINAL 0-6 ROSA,4,24.16
CHUP.MAM ORIGINAL 16+ AZUL,3,24.16
CHUP.MAM ORIGINAL 16+ ROSA,6,24.16
CHUP.MAM ORIGINAL 6+ MESES AZUL,2,19.22
CHUP.MAM ORIGINAL 6+ MESES NEUTRA,2,19.22
CHUP.MAM ORIGINAL 6+ MESES ROSA,4,19.22
CHUP.MAM ORIGINAL COLEÇÃO TRENDS +6 A,2,24.16
CHUP.MAM ORIGINAL COLEÇÃO TRENDS +6 R,2,24.16
CHUP.MAM ORIGINAL NIGHT 1UN AZUL 16,4,26.19
CHUP.MAM ORIGINAL NIGHT 1UN ROSA 16,2,26.19
CHUP.MAM ORIGINAL TRENDS 0-6,1,21.22
CIALIS 20MG 2CP,1,123.71
CIBEX 200MG 10CP SUPERA,1,22.93
CICAPLAST BAUME B5 20ML,2,40.1
CICAPLAST BAUME B5 40ML,2,68.65
"CICAPLAST LABIO 7,5ML",3,59.0
CICATRICURE AGUA MICELAR 200ML,2,14.31
CICATRICURE CR 50G FPS30,1,40.25
CICATRICURE CR ANTI RUGAS 30G,1,25.06
CICATRICURE CR ANTI RUGAS 50G,2,33.01
CICATRICURE CR FACIAL PORCELAN 50G,1,38.05
CICATRICURE GEL 30G,4,20.31
CICATRICURE GEL 60G,2,32.24
CICATRICURE GEL LIMP FAC PORCELAN 150,2,19.91
CICATRICURE GEL REGENERADOR 30G,1,24.71
CICATRICURE P SOLAR FPS50 ANTI 40G,3,28.19
CICATRICURE P SOLAR FPS50 CLARA 40G,3,28.0
CICATRICURE P SOLAR FPS50 ESCUR 40G,2,25.0
CICATRICURE PEELING PORCELAN 30ML,2,42.81
CICLOPIROX OLAMINA 10MG 20G MEDLEY,1,24.45
CICLOPRIMOGYNA 21DR,6,9.96
CIFLOGEX PAST.CEREJA 12UN CIMED,8,9.95
CIFLOGEX PAST.LARANJA 12UN CIMED,10,6.99
CIFLOGEX PAST.MEL-LIMAO 12UN CIMED,4,9.95
CIFLOGEX PAST.MENTA-LIMAO 12UN CIMED,11,9.95
CIFLOGEX PAST.MENTA-LIMAO DIET 12U CI,21,6.99
CIFLOGEX SPRAY MEL 30ML CIMED,23,11.27
CIFLOGEX SPRAY MENTA 30ML CIMED,19,11.27
CILIOS TUFINHO 14MM UNIDADE,3,3.99
CILODEX COL 5ML,1,27.73
CILOSTAZOL 100MG 30CP BIOSINTETICA,3,16.1
CILOSTAZOL 100MG 30CP EUROFARMA,2,48.22
CILOSTAZOL 50MG 30CP BIOSINTETICA,3,8.61
CILOSTAZOL 50MG 30CP EUROFARMA,1,24.48
CILOSTAZOL 50MG 60CP BIOSINTETICA,2,14.78
CILOXAN COL 5ML,1,18.81
CIMECORT CR 30G CIMED,1,17.96
CIMEGRIPE 20CL CIMED,1288,7.99
CIMETIDINA 200MG 10CP TEUTO,1,9.61
CIMETIDINA 400MG 16CP TEUTO,2,26.3
CIPRO 500MG 6CP,1,127.81
CIPROFIBRATO 100MG 30CP NEO QUIMICA,3,46.79
CISTEIL 200MG 16X5G GEOLAB,5,24.38
CISTEIL 600MG 16X5G GEOLAB,58,40.75
CISTEIL XPE ADULTO 120 ML,11,26.27
CISTEIL XPE INFANTIL 120 ML,11,18.23
CITALOPRAM 20MG 30CP TEUTO,5,32.24
CITALOPRAM 20MG 30CP*TORRENT,8,4.98
CITOBE 5000MCG+100+100MG 30CP MOMENTA,1,48.35
CITONEURIN 5000 30DR,2,75.26
CITONEURIN CONTROL 1000 C 30CP,1,63.59
CITRATO DE SILDENAF.50MG 4CP,41,1.41
CITRATO DE SILDENAF.50MG 4CP NEO QUIM,138,1.49
CITRATO DE TAMOXIFENO 20MG 30CP EUROF,1,25.36
CITTA 20MG 30CP *,1,52.1
"CIXIN 0,5MG 20CP GEO LAB",8,4.94
CLANISTIL COL 15ML NEO QUIMICA,6,8.17
CLAREADOR PHYTOERVAS SUN IN 120ML COR,1,12.49
CLARIL COL 15ML,4,22.48
CLARITROMICINA 250MG SS 60ML EMS,1,86.61
CLARITROMICINA 500MG 10CP PHARLAB,2,24.31
CLARITROMICINA 500MG 14CP PHARLAB,2,63.2
CLAVULIN BD 400MG SS 70ML,2,65.03
CLAVULIN BD 875MG 14CP,3,49.97
CLAZI XR LIB PROL 30MG C 30CP,1,10.52
CLEARBLUE PLUS TESTE,1,14.87
CLEARBLUE TESTE DIGITAL,2,45.62
CLEARBLUE TESTE SAIBA ANTES,2,21.25
CLENIL A FLAC.10X2ML,2,70.31
CLENIL HFA 200MCG SPRAY 200DOSES,2,60.66
CLENIL HFA 250MCG SPRAY C/200DOSES,1,59.83
CLENIL HFA 50MCG SPRAY 200DOSES,5,37.06
CLINDAMIN C 300MG 16CP,3,46.81
CLINDOXYL CONTROL 10% GEL 45G,3,61.03
CLINDOXYL CONTROL 5% GEL 45G,1,62.56
CLO 75MG 20CP*,1,48.29
CLOB-X CR 30G,1,39.0
CLOMID 50MG 10CP,1,61.28
"CLONAZEPAM 0,5MG 30CP GEOLAB*",11,6.64
"CLONAZEPAM 0,5MG 30CP MEDLEY*",1,3.26
"CLONAZEPAM 2,5MG 20ML*GEOLAB",35,4.71
"CLONAZEPAM 2,5MG 20ML*TEUTO",6,9.6
CLONAZEPAM 2MG 30CP*GEOLAB,32,2.94
CLOPIN DUO 75MG 30CP,1,40.34
CLOR.DE AMBROXOL GOTAS 50ML Nativita,6,3.74
CLOR.DE AMBROXOL XP AD 100ML MENTA NA,4,6.49
CLOR.DE AMIODARONA 100MG 30CP GEOLAB,2,11.53
CLOR.DE AMIODARONA 200MG 30CP GEOLAB,2,26.34
CLOR.DE AMIODARONA 200MG 30CP ZYDUS,2,18.39
CLOR.DE AMITRIPT.25MG 30CP* MEDLEY ML,2,6.2
CLOR.DE AMITRIPT.75MG 30CP* MEDLEY,2,9.84
CLOR.DE BUPROPIONA 300MG 30CP*NOVA QU,1,70.82
CLOR.DE CICLOBENZAPRINA 10MG 15CP BIO,1,5.26
CLOR.DE CICLOBENZAPRINA 5MG 15CP BIOS,7,10.75
CLOR.DE CICLOBENZAPRINA 5MG 30CP BIOS,1,21.73
CLOR.DE CIPROFLOXACINO 500MG 14CP PRA,5,5.91
CLOR.DE CIPROFLOXACINO+DEXAMET OFT 5M,6,13.12
CLOR.DE CLINDAMICINA 300MG 16CL TEUTO,2,50.58
CLOR.DE DILTIAZEM 30MG 50CP EMS,1,17.45
CLOR.DE DILTIAZEM 60MG 50CP EMS,2,26.95
CLOR.DE DILTIAZEM 60MG 50CP TEUTO,3,9.42
CLOR.DE DONEPEZILA 10MG 30CP*PHARLAB,1,23.28
CLOR.DE DONEPEZILA 10MG 30CP*TORRENT,1,156.7
CLOR.DE DONEPEZILA 5MG 30CP BIOLAB,1,29.3
CLOR.DE DONEPEZILA 5MG 30CP*GEOLAB,2,22.88
CLOR.DE DONEPEZILA 5MG 30CP*TORRENT,2,142.76
CLOR.DE DORZOLAM.+TIMOLOL COL 5ML TEU,1,53.31
CLOR.DE DOXICICLINA 100MG 15CP PHARLA,8,24.18
CLOR.DE DULOXETINA 60MG 30CP*BIOSINTE,1,222.66
CLOR.DE FEXOFENADINA 120MG 10CP NEO Q,1,12.28
CLOR.DE FEXOFENADINA 6MG 150ML NOVA Q,2,33.04
CLOR.DE FLUOXETINA 20MG 30CAPS*TEUTO,8,22.45
CLOR.DE FLUOXETINA GT 20ML MEDLEY*ML,1,26.4
CLOR.DE HIDROXIZINA 10MG/100ML,8,6.22
CLOR.DE HIDROXIZINA 25MG 30CP GERMED,1,33.06
CLOR.DE HIDROXIZINA SOL 120ML ARTE NA,4,5.83
CLOR.DE HIDROXIZINA SOL 120ML GERMED,2,26.66
CLOR.DE LIDOCAINA GELEIA 20MG 30G PHA,1,4.15
CLOR.DE LOPERAMIDA 2MG 12CP GLOBO,10,4.09
CLOR.DE MEMANTINA 10MG 30CP EROWLABS*,1,60.68
CLOR.DE MEMANTINA 10MG 30CP* GEOLAB,2,13.65
CLOR.DE MEMANTINA 10MG 60CP*NOVARTIS,9,32.0
CLOR.DE MEMANTINA 10MG 60CP*TEUTO,4,96.75
CLOR.DE METFORMINA 500MG 30CP TEUTO M,4,4.84
CLOR.DE METILFENIDATO 10MG 30CP ALTHA,17,12.43
CLOR.DE METOCLOPRAMIDA SL 4MG 10ML TE,6,4.16
CLOR.DE MOXIFLOXACINO 400MG 5CP EUROF,1,96.97
CLOR.DE MOXIFLOXACINO 400MG 7CP EUROF,1,122.62
"CLOR.DE NARATRIPTANA 2,5MG 4CP NOVA Q",2,8.27
CLOR.DE NEBIVOLOL 5MG 28CP NEO QUIMIC,2,56.41
CLOR.DE NEBIVOLOL 5MG 30CP TEUTO,1,55.53
CLOR.DE NEBIVOLOL 5MG 30CP TORRENT,1,57.66
CLOR.DE NORTRIPTILINA 50MG 30CP RANBA,2,32.36
CLOR.DE NORTRIPTILINA 75MG 30CP RANBA,1,43.75
CLOR.DE PAROXETINA 20MG 30CP TEUTO,3,43.13
CLOR.DE PIOGLITAZONA 15MG 30CP GERMED,2,33.46
CLOR.DE PROMETAZINA 25MG 20CP TEUTO,3,7.22
CLOR.DE PROPAFENOMA 300MG 30CP EUROFA,1,54.18
CLOR.DE PROPRA 40MG CPR 30CP,2,2.13
CLOR.DE PROPRANOLOL 10MG 30CP MEDLEY,5,3.68
CLOR.DE SERTRALINA 100MG 30CP BIOSINT,3,16.79
CLOR.DE SERTRALINA 100MG 30CP EUROFAR,2,115.42
CLOR.DE SERTRALINA 100MG 30CP GEOLAB*,5,91.13
CLOR.DE SERTRALINA 25MG 30CP BIOSINTE,2,28.64
CLOR.DE SERTRALINA 25MG 30CP EUROFARM,1,42.79
CLOR.DE SERTRALINA 50MG 30CP GEOLAB*,9,45.56
CLOR.DE SERTRALINA 50MG 30CP TEUTO*,1,6.56
CLOR.DE SIBUTRAMINA 15MG 30CP*BIOSINT,1,58.07
CLOR.DE SIBUTRAMINA 15MG 30CP*EMS,1,58.94
CLOR.DE SOTALOL 160MG 30 CP SANDOZ,2,55.4
CLOR.DE SOTALOL 160MG 30CP MERCK,1,59.86
"CLOR.DE TANSULOSINA 0,4MG 30CP",3,36.25
"CLOR.DE TANSULOSINA 0,4MG 30CP NEO QU",11,31.66
CLOR.DE TERBINAFINA CR 20G GERMED,2,18.74
CLOR.DE TRAMADOL 100MG 10ML EUROFARMA,2,21.0
CLOR.DE TRAMADOL 50MG 10CL*NOVA QUIMI,15,25.14
CLOR.DE TRAMADOL 50MG 10CL*TEUTO MT,15,18.86
CLOR.DE TRAMADOL 50MG 10CP EUROFARMA,10,24.08
CLOR.DE TRAZODONA 100MG 30CP,3,20.37
CLOR.DE TRAZODONA 50MG 60CP,2,21.53
CLOR.DE TRAZODONA 50MG 60CP*ZYDUS GEN,1,22.7
CLOR.DE VENLAFAXINA 150MG 30CP EMS,1,178.26
"CLOR.DE VENLAFAXINA 37,5MG 30CP GERME",2,20.22
CLOR.DE VENLAFAXINA 75MG 30CP EMS,1,104.45
CLOR.DE VENLAFAXINA 75MG 30CP EUROFAR,1,116.06
CLOR.DE VENLAFAXINA 75MG 30CP GEOLAB,2,65.21
CLOR.DE VENLAFAXINA 75MG 30CP GERMED,1,28.16
CLOR.DE VERAPAMIL 120MG 20CP BIOSINTE,2,30.03
CLOR.DE VERAPAMIL 80MG 30CP BIOSINTET,3,19.86
CLOR.FEXOFENADINA 150ML VITAMEDIC,1,30.91
CLOR.FEXOFENADINA 60ML VITAMEDIC,1,13.64
CLORANA 25MG 30CP,2,11.88
CLORETO DE MAGNESIO 33G FARMAX,7,8.4
CLORETO DE MAGNESIO P.A 33G UNIPHAR,21,5.16
CLORIDRATO DE AMBROXOL XPE 100ML ARTE,6,5.56
CLORIDRATO DE ONDANSETRONA 4MG 10COMP,20,5.38
CLORIDRATO DE ONDANSETRONA 8MG 10COMP,2,9.56
CLORIDRATO DE ONDANSETRONA 8MG 10CP,1,10.68
CLORIDRATO DE TRAMADOL + PARACETAMOL,6,5.92
CLORTALIDONA 25MG 60CP EMS,2,27.98
CLOTRIMAZOL 10MG 20G,2,7.61
CLOTRIMAZOL 20MG G CR20G+3AP GERMED,2,26.39
CLOTRIMAZOL CR 20G MEDLEY MLT,2,9.93
CLOTRIMAZOL CR VAG 20G MEDLEY,1,35.59
CLOTRIMIX ESM FORTALECEDOR 7 ML,1,42.06
"CLUB SOCIAL RECHE QUEIJ/TOMATE 4X26,5",2,3.93
COBAVITAL 16CP,2,20.96
COBAVITAL 1MG+4MG C/ 30 COMP,2,28.19
COBI-12 1000MCG 30CPR,1,17.52
COCA-COLA 200ML PET,2,2.0
COCA-COLA ZERO 200ML PET,24,2.0
COD 30MG 12CP SUPERA,6,16.49
COD PAR 500MG 12CP SUPERA,3,22.61
CODEIN 30MG 30CP *,1,36.98
COENZIMA Q10 100MG 60CAPS KATIGUA,2,40.23
COENZIMA Q10 GOLD 200MG 30CAPS MAXINU,1,47.23
COGLIVE 24MG 30CAPS*,1,157.11
COGLIVE 8MG 30CAPS*,1,128.56
COGMAX 60 CAPS,1,136.09
COLA UNHA ONE LOVE 5G,10,8.99
COLATEN ARTRO C/30 CAPS,1,141.1
"COLCHICINA 0,5MG 30CP GEOLAB",3,29.63
"COLCHIS 0,5MG 20CP",1,43.35
"COLCHIS 0,5MG 30CP",1,65.08
COLCHIS 1MG 30CP,1,75.66
COLETOR HD FARMA C/MIF 80ML,14,4.77
COLETOR UNIVERSAL 80MIL 3B,22,0.79
COLFLEX CURCUMA 30CP,1,204.54
COLIC CALM SUSP 59ML,1,130.27
COLICALIV GOTAS 30ML,2,101.73
COLIDIS GTS 10ML.,1,139.95
COLIDIS GTS 5ML.,1,84.69
COLIRIO GEOLAB 20ML,4,9.8
COLIRIO MOURA BRASIL 20ML,3,11.58
COLIRIO NEO BRASIL SL 20ML NEO QUIMIC,1,9.98
COLOR SUPER BONITA 1.01 PRETO CARVAO,7,6.53
COLOR SUPER BONITA 3.66 ACAJU PURPURA,3,7.16
COLOR SUPER BONITA 5.5 ACAJU,4,7.16
COLOR SUPER BONITA 6.4 LOURO ESC ACOB,3,6.53
COLOR SUPER BONITA 6.66 LOU.ESC.VERME,2,6.53
COLOR SUPER BONITA 6.88 MARROM TABACO,6,6.53
COLOR SUPER BONITA 7.4 LOURO MED ACOB,5,6.49
COLOR SUPER BONITA 7.66 LOURO MD VERM,4,6.54
COLOR SUPER BONITA 8.1 LOURO CL ACINZ,1,6.53
COLOR SUPER BONITA 8.4 LOURO CLARO AC,2,6.51
COLOR SUPER BONITA 9.0 LOURO ULTRACLA,3,6.53
COLOR SUPER BONITA 9.98 MAGENTA,3,6.21
COLPIST MT CR VAG 40G 10APLIC,1,39.05
COLPISTATIN CR VAG 40G C/10APL,2,47.01
COMBIRON FOLICO 45BR,4,28.32
"COMBODART 0,5+0,4MG 30CAPS",1,130.89
COMP.GAZE AMERICA LIVIA 13FIOS 10UN,1127,0.7
COMP.GAZE CICATRISAN ESTERILIZADA 10U,105,1.88
COMP.GAZE CREMER 10UN,24,1.48
COMPLEXO B XP 120ML EMS,2,22.54
CONCARDIO 10MG 30CP,1,64.94
"CONCARDIO 2,5MG 30CP",1,54.09
CONCARDIO 5MG 30CP,1,54.58
"CONCOR 1,25MG 30CP",1,13.16
"CONCOR 2,5MG 30CP",2,50.2
CONCOR 5MG 30CP,2,83.92
CONCOR ANLO 10+5MG C/30 COMP,1,83.63
CONCOR ANLO 5+5MG C/30 COMP,1,75.0
COND CLEAR DERMA ANTIQUEDA 300ML,1,32.0
COND INOAR 500ML CICATRIFIOS,2,15.24
COND LA MODA 300ML EQUILIBRIUM,25,30.0
COND LA MODA 300ML USO OBRIGATORIO,7,30.0
COND PAMPERS GLICERINA 200ML,3,17.17
COND PANTENE BIOTINAMINA B3 ANTIQ 150,2,10.36
COND PANTENE BIOTINAMINA B3 ANTIQ 250,2,17.95
COND PANTENE QUERATINA 150ML,2,10.65
COND PANTENE QUERATINA 250ML,2,20.8
COND SIAGE GLOW EXPERT 200ML,2,30.0
COND SIAGE PRO CRONOLOGY 200ML,1,33.28
COND SL GLOSS DE REMPENT PRONTA 500ML,2,18.76
COND VULT CACHOS 325ML,2,15.0
COND VULT CHOQUE RECONST 325ML,3,17.06
COND VULT CRESPOS 325ML,3,17.06
COND VULT LISOS 325ML,2,17.86
COND VULT OLEOS PODEROSOS NUTRI 325ML,3,15.0
COND VULT ONDULADOS 325ML,2,17.06
COND VULT RECARGA DE HIDRAT 325ML,3,17.06
COND.DOVE 150ML BOND INTENSE REPAIR,1,14.88
COND.DOVE 150ML UVREPAIR/GLOW FERULIC,2,14.88
COND.DOVE 190ML NUTRICAO TRI OLEOS,2,15.06
COND.DOVE 190ML RECONSTRUCAO AMINOACI,2,14.56
COND.DOVE 190ML UMECTACAO COCO ANTIOX,2,11.87
COND.DOVE 250ML BOND INTENSE REPAIR,1,26.72
COND.DOVE 370ML CACHOS ATIVOS+BIOTI,1,24.39
COND.DOVE BABY 200ML HIDRAT.ENER CLAR,1,12.53
COND.ELSEVE 200ML BOND REPAIR,1,16.91
COND.ELSEVE 200ML CACHOS DOS SONHOS,2,13.04
COND.ELSEVE 200ML COLLAGEN LIFTER,10,17.07
COND.ELSEVE 200ML COLOR-VIVE,6,12.69
COND.ELSEVE 200ML GLYCOLIC GLOSS,33,12.69
COND.ELSEVE 200ML HYDRA HIALURONICO,4,12.69
COND.ELSEVE 200ML LISO DOS SONHOS,27,13.81
COND.ELSEVE 200ML LONGO DOS SONHOS,4,13.81
COND.ELSEVE 200ML OLEO EXTRA NUTRIÇÃO,2,12.57
COND.ELSEVE 200ML PURE HIALURONICO,6,12.28
COND.ELSEVE 200ML REPARACAO TOTAL 5,1,12.69
COND.ELSEVE 400ML CACHOS DOS SONHOS,5,23.0
COND.ELSEVE 400ML COLLAGEN LIFTER,6,30.25
COND.ELSEVE 400ML COLOR-VIVE,4,23.0
COND.ELSEVE 400ML GLYCOLIC GLOSS,8,23.0
COND.ELSEVE 400ML HYDRA HIALU,8,23.0
COND.ELSEVE 400ML LISO DOS SONHOS SUP,5,23.0
COND.ELSEVE 400ML LONGO DOS SONHOS,5,23.0
COND.ELSEVE 400ML OLEO EXTRA NUTRICAO,3,23.0
COND.ELSEVE 400ML PURE HIALURONICO,3,23.0
COND.ELSEVE 400ML REPARACAO TOTAL 5+,7,23.0
COND.GRANADO BEBE 250ML CALENDUL,3,13.0
COND.GRANADO BEBE 250ML CAMOMILA,2,13.0
COND.GRANADO BEBE 250ML ERVA DOCE,3,13.0
COND.GRANADO BEBE 250ML LAVANDA,3,13.0
COND.GRANADO BEBE 250ML REFIL CAMOMIL,3,13.0
COND.GRANADO BEBE 250ML REFIL TRADIC.,3,13.0
COND.GRANADO BEBE 250ML TRADICIONAL,2,13.0
COND.JOHNSONS BABY 200ML CACHEADOS,3,16.95
COND.JOHNSONS BABY 200ML CAMOMILA,2,16.95
COND.JOHNSONS BABY 200ML CHEI.PROLONG,3,16.95
COND.JOHNSONS BABY 200ML REGULAR,7,16.95
COND.JOHNSONS BABY 380ML BLACKI PODER,1,23.0
COND.JOHNSONS BABY 400ML REGULAR,10,22.43
COND.PANTENE 150ML BAMBU,1,10.47
COND.PANTENE 150ML COLAGENO,2,10.36
COND.PANTENE 150ML MOL BOND REPAIR,1,10.47
COND.PANTENE 170ML 3 MINUTOS HIDRATAC,2,21.15
COND.PANTENE 175ML BRILHO EXTREMO,2,10.43
COND.PANTENE 175ML HIDRATACAO,3,10.46
COND.PANTENE 175ML LISO EXTREMO,3,10.44
COND.PANTENE 175ML RESTAURACAO PROFUN,3,10.44
COND.PANTENE 250ML BAMBU,2,18.11
COND.PANTENE 250ML COLAGENO,1,18.11
COND.PANTENE 250ML MOL BOND REPAIR,2,18.08
COND.PANTENE 400ML LISO EXTREMO,2,22.0
COND.PANTENE 400ML RESTAURACAO PROFUN,2,22.0
COND.SALON LINE MEU LISO ESCUDO ANTIP,3,14.49
COND.SEDA 250ML BY RAYZA FORCA&CRESCI,5,13.27
COND.SEDA 250ML REGENERACAO INTENSA,7,13.27
COND.SEDA 250ML TOQUE DE SEDA,2,13.27
COND.SEDA 300ML LUMINOUS UV 300ML,2,11.46
COND.SEDA 300ML MOANA CACHOS ENCANTAD,2,11.71
COND.SEDA 300ML TIANA CRESPOS ENCANTA,2,9.32
COND.SEDA 325ML BY RAYZA BABOSA+OLEOS,2,10.66
COND.SEDA 325ML CACHOS DEFINIDOS,1,11.71
COND.SEDA 325ML CERAMIDAS,2,11.46
COND.SEDA 325ML LISO PERFEITO,1,11.7
COND.SEDA 325ML PRETOS LUMINOSOS,4,11.46
COND.SIAGE ACELERA CRESC 200ML,2,33.28
COND.SIAGE ANTICASPA REBAL 280ML,2,43.92
COND.SIAGE CAUTERIZACAO 200ML,1,35.8
COND.SIAGE CAUTERIZACAO LISOS 200ML,1,36.66
COND.SIAGE CICA-THERAPY 400ML,1,44.5
COND.SIAGE COMBATE O FRIZZ 200ML,2,36.02
COND.SIAGE HAIR PLASTIA 200ML,3,30.0
COND.SIAGE HIDRAT MICELAR 200ML,2,30.62
COND.SIAGE MEN HIDRINTENSA 200ML,2,25.43
COND.SIAGE NUTRI OLEOS PODER 200ML,2,35.8
COND.SIAGE NUTRI REVELA CACHOS 200ML,2,35.8
COND.SIAGE NUTRI ROSE 200ML,4,30.0
COND.SIAGE NUTRI ROSE 400ML,2,44.5
COND.SIAGE RECONST FIOS 200ML,2,35.79
COND.SIAGE RECONSTROI FIOS 400ML,1,44.5
COND.SIAGE RECONSTROI REFIL 400ML,1,34.67
COND.SIAGE REFIL NUTRI ROSE 400ML,1,40.0
COND.SIAGE RESIST ANTIQUEDA 280ML,2,44.0
COND.TIO NACHO 415ML ANTIGRISALHO,2,28.62
CONDRES FORCE 80MG C/30 CAPS,1,119.9
CONDRIGEN COLAGENO TIPO II 40MG 30CPS,2,25.0
CONDROFLEX 90CP,1,196.47
CONJUNTO G-TECH P/NEB.ADULT SUPERFLOW,3,16.28
CONJUNTO NS P/NEB.ADU,1,15.44
CONJUNTO NS P/NEB.INF,2,15.9
CONSIV 18MG 30CP,1,175.4
CONTRACEP SS INJ 1X1ML,1,27.23
CONTRACTUBEX GEL 20G,1,98.85
COPO KUKA FUN TREINAME 330ML(6146)MEN,1,21.48
COPO MAM STARTER CUP 150ML (4234)GIRL,1,61.38
COPO MAM TRAINER NIGHT 220ML AZUL,1,48.38
COPO MAM TRAINER NIGHT 220ML NEUTRA,1,48.38
COPO MAM TREINAMENTO 220ML (4223)AZUL,1,46.23
COPO MAM TREINAMENTO 220ML (4224)ROSA,2,46.23
COPO MAM TREINAMENTO 270ML (1311)AZUL,1,53.47
COPO MAM TREINAMENTO 270ML (4244)ROSA,2,52.15
COQUES 200MG C/10 CAPS,2,34.97
CORDAREX 5MG 30CP,2,20.51
COREGA PO FIXADOR 22G,2,15.83
COREGA TABS 3 MINUTOS,2,7.26
COREGA ULTRA CREME 19G SEM SABOR,2,25.19
COREGA ULTRA CREME 40G MENTA,1,55.34
COREGA ULTRA CREME 70G SEM SABOR,2,67.5
"COREGA ULTRA CREME 8,5G SEM SABOR",5,11.04
CORISTINA D CONGEST 12CP,1,0.36
CORISTINA D PRO 8CP,1,13.5
CORISTINA D PRO EV 4CP,28,7.33
CORRETOR NIINA SECRETS MATCH 10ML EUD,3,38.31
CORTADOR DE COMPRIMIDO AZUL 3B,4,5.99
CORTADOR DE COMPRIMIDO INCOLOR 3B,2,6.79
CORTADOR DE COMPRIMIDO ROSA 3B,3,5.99
CORTADOR DE UNHA DISCO 1UN RAINHA,12,2.5
CORTADOR UNHA PEQUENO 411 MODELO,5,3.27
CORTICORTEN 20MG 20CP NEOQUIMICA,2,16.86
CORTICORTEN 5MG 20CP NEO QUIMICA,4,9.65
CORUS 25MG 30CP,2,27.38
CORUS 50MG 30CP,11,7.73
CORUS H 100/25MG 30CP,1,121.38
"CORUS H 50/12,5MG 30CP",1,39.99
COTONETES HASTES J&J 150UN,5,10.18
COTONETES HASTES J&J 75UN,25,5.08
CP70311 COPO 360 FACIL BEBER NEUTR 29,1,105.07
CP70311 COPO 360 FACIL BEBER VERDE 29,1,104.82
CP70312 COPO 360 FACIL BEBER LILAS 29,1,104.82
CR DENT ELMEX SENSIT 75G-DEMAIS PROD,7,9.46
CR HIDRAT MAOS VULT GLICERINA 50G,3,10.34
CR MOD SL CACHO SONHO FIX FOR #TDC 50,1,16.89
CR MOD SL CACHO SONHO FIX NAT #TDC 50,1,16.89
CR PENT KOLENE 300G CURVATURAS,3,7.55
CR PENT NATUHAIR 2EM1 CREMAO DO AMOR,2,12.99
CR PENT NATUHAIR SUP OLEOS 1KG,4,12.99
CR PENT VULT CHOQUE RECONST 300ML,6,16.46
CR PENT VULT CRESPOS 300ML,3,16.46
CR PENT VULT DEF SUAVE CACHOS 300ML,3,17.23
CR PENT VULT ONDULADOS 300ML,2,16.46
CR.ALIS.HAIR LIFE CACHO&NATURAL 180G,2,10.49
CR.ALIS.HAIR LIFE LISO&NATURAL 180G A,3,10.49
CR.ALIS.HAIR LIFE SUPER CACHOS 180G,2,11.22
CR.ALISANTE MEYBER 80G,2,6.6
CR.ALISANTE SFERA ABACATE QUERATINA,2,12.62
CR.ALISANTE SFERA ARGAN+QUERATINA,1,9.0
CR.BARBEAR BOZZANO 65G ALOE VERA,2,6.73
CR.BARBEAR BOZZANO 65G MENTOLADO,3,7.19
CR.BARBEAR BOZZANO 65G PELE SENSIVEL,3,6.53
CR.BARBEAR NIVEA SENSITIVE 2EM1 65G,4,10.57
CR.DABELLE 400G MEU CRONO HIDRATACAO,1,13.0
CR.DABELLE 400G MEU CRONO NUTRICAO,1,13.84
CR.DABELLE 400G MEU CRONO RECONSTRICA,1,13.0
CR.DABELLE 400G RESGATA FIOS,2,13.0
CR.DABELLE 800G ABACATE NUTRITIVO,1,16.15
CR.DABELLE 800G CEREJA MANIA,2,16.48
CR.DABELLE 800G HIDRATAÇÃO CACHOS DA,2,16.15
CR.DABELLE 800G RESGATA FIOS,2,16.15
CR.DABELLE 800G SOS CRESCIMENTO,2,16.15
CR.DENT COLGATE ANT.CARIES ELMEX PROF,1,21.03
CR.DENT.ORAL B 3DW MINE CLEAN 140G,1,13.95
CR.DENT.ORAL B DETOX 102G DEEP CLEAN,2,19.1
CR.DENT.ORAL B DETOX 102G SENS CARE,2,16.84
CR.DENT.ORAL B DETOX 102G TART DEFENS,3,17.73
CR.DENT.ORAL-B EXTRA B MENT FRES 3X70,4,8.5
CR.DENT.ORAL-B EXTRA BRANCO L+P- 180G,3,6.43
CR.DENTAL CLOSE-UP 60G CARVA ATIV MEN,6,4.64
CR.DENTAL CLOSE-UP AÇÃO PROF 90G RED,14,55.08
CR.DENTAL CLOSE-UP LIQUIFRESH 100G CA,14,5.15
CR.DENTAL CLOSE-UP LIQUIFRESH 100G IC,5,4.31
CR.DENTAL CLOSE-UP LIQUIFRESH 100G RE,7,4.74
CR.DENTAL CLOSE-UP MENTA ECON 150G,13,4.78
CR.DENTAL CLOSE-UP TRIPLE 150G MENTA,16,3.44
CR.DENTAL CLOSE-UP TRIPLE 70G HORTELA,14,2.15
CR.DENTAL CLOSE-UP TRIPLE 70G MENTA,13,2.05
CR.DENTAL COLGATE 60G SENS PRO ALIV G,1,8.48
CR.DENTAL COLGATE 60G SENS PRO ALIV I,9,8.46
CR.DENTAL COLGATE 90G ORTO GARD,3,21.61
CR.DENTAL COLGATE JUNIOR 100G MINIONS,4,9.79
CR.DENTAL COLGATE KIDS 60G KIDS,3,7.07
CR.DENTAL COLGATE LUMINOUS 140G,5,10.41
CR.DENTAL COLGATE LUMINOUS 70G GLOW M,12,10.91
CR.DENTAL COLGATE LUMINOUS 70G WHITE,1,5.98
CR.DENTAL COLGATE MPA 180G,5,7.14
CR.DENTAL COLGATE MPA 90G,5,4.35
CR.DENTAL COLGATE NAT.EXTRACT 90G DEF,1,8.34
CR.DENTAL COLGATE PERIOGARD 60G,7,8.22
CR.DENTAL COLGATE PERIOGARD 90G,2,23.01
CR.DENTAL COLGATE PRO ALIV.110G BRANQ,2,12.64
CR.DENTAL COLGATE PRO ALIV.110G SENSI,2,12.45
CR.DENTAL COLGATE PRO ALIV.180G ORIGI,1,15.0
CR.DENTAL COLGATE PRO ALIV.90G ORIGIN,3,10.53
CR.DENTAL COLGATE TOTAL 140G ANTI TAR,2,10.9
CR.DENTAL COLGATE TOTAL 140G GENG REF,1,11.4
CR.DENTAL COLGATE TOTAL 140G ORIGINAL,2,11.4
CR.DENTAL COLGATE TOTAL 50G ORIGINAL,1,5.04
CR.DENTAL COLGATE TOTAL 90G ADVANC.FR,4,6.63
CR.DENTAL COLGATE TOTAL 90G ANT TARTA,5,8.0
CR.DENTAL COLGATE TOTAL 90G GENG REFO,7,8.15
CR.DENTAL COLGATE TOTAL 90G ORIGINAL,29,7.56
CR.DENTAL COLGATE TOTAL 90G WHITENING,1,8.45
CR.DENTAL COLGATE TRIPLA ACAO 180G,3,7.03
CR.DENTAL COLGATE TRIPLA ACAO L180GP1,10,6.53
CR.DENTAL ORAL B 1.2.3 MENTA SUAVE 70,29,1.97
CR.DENTAL ORAL B 100% 70G,2,6.45
CR.DENTAL ORAL B 100% L+P- 3X55ML 70G,2,14.78
CR.DENTAL ORAL B 3D WHITE 70G *LV3PG2,29,14.81
CR.DENTAL ORAL B 4 EM 1 70G,9,2.64
CR.DENTAL ORAL B 70G EXTRA BRANCO,5,3.55
CR.DENTAL ORAL B 70G EXTRA FRESH,4,3.55
CR.DENTAL ORAL B DUPLO ALIVIO 140G L+,3,13.63
CR.DENTAL ORAL B INF 50G PRINCESAS,3,6.95
CR.DENTAL ORAL B KIDS 50G MICKEY,3,6.83
CR.DENTAL ORAL B KIDS 50G SPIDERMAN,5,6.92
CR.DENTAL ORAL B STAGES 100G FROZEN,3,11.16
CR.DENTAL ORAL B STAGES 100G SABORES,2,11.08
CR.DENTAL PARODONTAX 124G WHITE,1,21.46
CR.DENTAL PARODONTAX 50G ORIGINAL,1,14.29
CR.DENTAL PREVENT 90G,1,14.66
CR.DENTAL SENSODYNE CL REPAIR 100G,2,21.45
CR.DENTAL SENSODYNE 100G ESMALTE BRAN,1,17.11
CR.DENTAL SENSODYNE 90G BRANQUADOR/EX,4,9.35
CR.DENTAL SENSODYNE 90G LIMPEZA PROFU,1,13.47
CR.DENTAL SENSODYNE 90G ORIGINAL,6,12.41
CR.DENTAL SENSODYNE 90G PROTECAO COMP,2,13.47
CR.DENTAL SENSODYNE 90G RAPIDO ALIVIO,1,14.51
CR.DENTAL SORRISO KOLYNOS 90G,14,4.5
CR.DENTAL TANDY 50G MELANCIA,3,5.88
CR.DENTAL TANDY 50G MORANGO,6,5.88
CR.DENTAL TANDY 50G T/FRUTTI,5,5.88
CR.DENTAL TANDY 50G UVA,7,6.09
CR.DOVE TRATAMENTO NUTRICAO NOTURNO 1,3,18.33
CR.ELSEVE NOTURNO 200G CACHOS DOS SON,2,27.68
CR.ELSEVE P/PENTEAR 250ML COLLAGEN LI,6,17.09
CR.ELSEVE P/PENTEAR 250ML HYDRA HIALU,6,14.17
CR.ELSEVE P/PENTEAR 250ML LISO D SONH,8,14.17
CR.ELSEVE P/PENTEAR 250ML LONGO D SON,3,14.17
CR.ELSEVE P/PENTEAR 250ML OLEO EX NUT,3,14.17
CR.ELSEVE P/PENTEAR 250ML REP.TOTAL 5,1,14.17
CR.ELSEVE TRAT.300G LONGO DOS SONHOS,5,18.0
CR.ELSEVE TRATAMENTO 200G BOND REPAIR,7,29.98
CR.ELSEVE TRATAMENTO 300G CACHOS DOS,3,18.0
CR.ELSEVE TRATAMENTO 300G COLLAGEN LI,11,30.38
CR.ELSEVE TRATAMENTO 300G GLYCOLIC GL,4,19.19
CR.ELSEVE TRATAMENTO 300G HYDRA HIALU,5,18.0
CR.ELSEVE TRATAMENTO 300G LISO DOS SO,22,17.0
CR.ELSEVE TRATAMENTO 300G OLEO EXTRAO,1,18.0
CR.ELSEVE TRATAMENTO 300G REP.TOTAL,2,20.54
CR.EUDORA INSTANCE 400ML FRUTAS VERME,2,29.75
CR.EUDORA INSTANCE 400ML JASMIM,1,29.75
CR.HIDRAT.GOTA DOURADA 320ML,2,10.67
CR.J&J BABY P/PENT.200ML CACHOS DOS S,1,25.52
CR.MODELADOR P/CABELOS BOZZANO 140G,3,13.29
CR.NATUHAIR CR DE TRAT.1KG B.DE BAMBU,2,12.99
CR.NATUHAIR CR DE TRAT.1KG CACHOS PER,2,12.99
CR.NATUHAIR CR DE TRAT.1KG LISO DESMA,2,11.99
CR.NATUHAIR CR DE TRAT.1KG OLEO COCO,1,12.99
CR.NATUHAIR P/PENTEAR 1KG BELA NEGRA,2,12.99
CR.NATUHAIR P/PENTEAR 1KG CACHOS RADI,2,12.99
CR.NATUHAIR P/PENTEAR 1KG KIDS CEREJA,2,12.99
CR.NATUHAIR P/PENTEAR 1KG KIDS VEGAN,2,12.99
CR.NATUHAIR P/PENTEAR 1KG QUERATINA,2,12.99
CR.NIELY P/PENTEAR 250ML RECONSTRUCAO,1,5.7
CR.NIELY P/PENTEAR 250ML SALVAFIOS,3,5.7
CR.NIELY P/PENTEAR 500ML RECONSTRUCAO,3,9.82
CR.NIELY P/PENTEAR 500ML SALVAFIOS,3,9.82
CR.PANTENE P/PENTEAR 240G BAMBU,4,12.89
CR.PANTENE P/PENTEAR 240G BIOTINA B3,3,12.9
CR.PANTENE P/PENTEAR 240G MOL BOND RE,3,12.63
CR.PANTENE TRATAMENTO 270ML HIDRATACA,1,17.99
CR.PANTENE TRATAMENTO 270ML LISO EXTR,2,17.87
CR.PANTENE TRATAMENTO 270ML MOL BOND,3,23.47
CR.PENT BC SP ATIVADOR CACHOS 500ML,1,22.89
CR.PENT BC SP BLACK BIG BLACK 500G,1,22.87
CR.PENT BC SP COLOR CACHOS 500ML,1,24.9
CR.PENT BC SP COLOR CURLS HIGH DEF 80,1,32.66
CR.PENT SOUL POWER ABACATE AVOCADO 80,1,32.99
CR.PENT. NATU HAIR CACHOS INTENSOS 1K,2,12.99
CR.SALON LINE 1KG BOB ESPONJA,3,28.91
CR.SALON LINE 1KG C.SONHOS CHOCOLATE,2,21.51
CR.SALON LINE 1KG C.SONHOS UVA 3EM1,3,21.51
CR.SALON LINE 1KG C.SONHOS VANILLA 3E,1,25.26
CR.SALON LINE 1KG KIDS CACHOS CHOC NU,2,28.91
CR.SALON LINE 1KG KIDS VANILLA DEF DO,3,23.89
CR.SALON LINE 1KG PINK LEMONADE,3,25.26
CR.SALON LINE 1KG XO POROSIDADE,4,28.91
CR.SALON LINE ANTIPORO D REPENT PRONT,2,19.03
CR.SALON LINE ATIVADOR DEF NUTRITIVA,2,26.99
CR.SALON LINE BAUNILHA DOCE 800G,3,26.45
CR.SALON LINE GLAMOUR CHIC 800G,3,25.26
CR.SALON LINE KIDS ACAI CACHIN S FRIZ,2,24.99
CR.SALON LINE KIDS CACHINHOS SEM NOS,2,26.99
CR.SALON LINE KIDS HIDRAT MARACUJA 1K,2,26.96
CR.SALON LINE KIDS MANGA CACH.ATIVADO,2,24.36
CR.SALON LINE KIDS MANGA SUPER VOLUME,2,19.14
CR.SALON LINE KIDS PODEROSOS MELAO 1K,2,28.91
CR.SALON LINE P/PENTEAR 1KG CACH COLA,2,24.96
CR.SALON LINE P/PENTEAR 1KG CACH SERE,2,24.96
CR.SALON LINE P/PENTEAR 1KG DURAD CER,1,24.96
CR.SALON LINE P/PENTEAR 1KG REPARACAO,2,26.99
CR.SALON LINE P/PENTEAR 1KG SUPER OLE,2,26.99
CR.SALON LINE P/PENTEAR 1KG ULTRA VOL,2,26.99
CR.SALON LINE P/PENTEAR 1KG UVA/MELAN,3,24.99
CR.SALON LINE P/PENTEAR 300ML OLEO NU,1,13.01
CR.SALON LINE PENT.VIBES POP 800G,2,25.26
CR.SEDA MODEL.ANTIFRIZZ SEDA BOOM 500,2,16.03
CR.SEDA P/PENTEAR 1KG JUNTINHOS MOANA,2,23.5
CR.SEDA P/PENTEAR 200ML COLAG&VIT,3,5.82
CR.SEDA P/PENTEAR 300ML BY RAIZA FORC,5,6.84
CR.SEDA P/PENTEAR 300ML BY RAYZA BABO,2,6.28
CR.SEDA P/PENTEAR 300ML CERAMIDAS,1,7.91
CR.SEDA P/PENTEAR 300ML FROZEN BRILHO,1,5.82
CR.SEDA P/PENTEAR 300ML LISO PERFEITO,2,7.75
CR.SEDA P/PENTEAR 300ML LUMINOUS UV,2,7.91
CR.SEDA P/PENTEAR 300ML PRETOS LUMINO,1,7.91
CR.SEDA P/PENTEAR 300ML TOQUE DE SEDA,2,7.75
CR.SEDA P/PENTEAR 350ML BOOM DEFINIC,2,6.91
CR.SEDA P/PENTEAR 350ML BOOM DEF.INTE,3,6.42
CR.SEDA P/PENTEAR 350ML BOOM MOD.ANTI,2,6.42
CR.SEDA P/PENTEAR 700ML BOOM VOLUME M,2,12.48
CR.SEDA P/PENTEAR 700ML BRILHO CERAMI,1,12.48
CR.SEDA P/PENTEAR 900ML CACHOS DEFINI,1,18.42
CR.SEDA P/PENTEAR 900ML REGENER+DEFIN,1,18.42
CR.SEDA P/PENTEAR BOOM 1KG DEFINI FLE,1,19.82
CR.SEDA P/PENTEAR BOOM 1KG DEFINICAO,2,20.23
CR.SEDA P/PENTEAR BOOM 1KG VOLUMAO PO,1,19.82
CR.SEDA P/PENTEAR BOOM VOLUMAO POWER,4,10.34
CR.SEDA TRATAMENTO 300G LISO PERFEIT,3,12.73
CR.SEDA TRATAMENTO 300G BRILHO CERAMI,2,12.73
CR.SEDA TRATAMENTO 300G CACHOS DEFINI,2,12.99
CR.SEDA TRATAMENTO 300G TOQUE DE SEDA,1,12.73
CR.SKALA ACACHONADOS 1000G,8,7.92
CR.SKALA BOMBA DE BIOTINA 1KG,1,6.95
CR.SKALA PENTEAR AM.MILHO 250G,2,6.57
CR.SKALA PENTEAR EXPERT BOMBA 250G,2,6.28
CR.SKALA PENTEAR FORCA E BRILHO 250G,1,6.28
CR.SKALA TRATAMENTO 1KG 12 EM 1,2,6.99
CR.SKALA TRATAMENTO 1KG 18 ELEMENTOS,7,6.99
CR.SKALA TRATAMENTO 1KG ABACATE,3,7.9
CR.SKALA TRATAMENTO 1KG ACAI,7,6.99
CR.SKALA TRATAMENTO 1KG AMIDINH DE MI,6,6.99
CR.SKALA TRATAMENTO 1KG AMIDO DE MILH,4,6.99
CR.SKALA TRATAMENTO 1KG ARGAN MARROQU,3,6.99
CR.SKALA TRATAMENTO 1KG BABOSA,4,6.99
CR.SKALA TRATAMENTO 1KG BOMBA BANANA,2,6.99
CR.SKALA TRATAMENTO 1KG CERAMIDAS,4,6.99
CR.SKALA TRATAMENTO 1KG CEREJA,4,6.99
CR.SKALA TRATAMENTO 1KG COQUETEL DE F,2,6.99
CR.SKALA TRATAMENTO 1KG DIVINA COR,2,6.99
CR.SKALA TRATAMENTO 1KG EXTRA LISOS,2,6.99
CR.SKALA TRATAMENTO 1KG LAMA NEGRA,5,6.99
CR.SKALA TRATAMENTO 1KG MAIONESE,2,6.99
CR.SKALA TRATAMENTO 1KG MAIS CACHINHO,12,6.99
CR.SKALA TRATAMENTO 1KG MAIS CRESPINH,6,6.99
CR.SKALA TRATAMENTO 1KG MARACUJA/PATA,2,7.9
CR.SKALA TRATAMENTO 1KG MORANGO,23,6.99
CR.SKALA TRATAMENTO 1KG OLEO DE COCO,3,6.99
CR.SKALA TRATAMENTO 1KG POTAO MELANCI,17,6.99
CR.SKALA TRATAMENTO 1KG TUTANO,12,6.99
CR.SKALA TRATAMENTO 1KG UVA,16,6.99
CR.TRAT ELSEVE PURE HIALURONICO 300GR,7,19.19
CR.TRESEMME TRATAMENTO 400G BLIND ANT,1,19.82
CR.YAMASTEROL 200G APLICADOR BABOSA,3,4.96
CR.YAMASTEROL 200G APLICADOR BRANCO,3,5.07
CR.YAMASTEROL 320G BRANCO,2,8.14
CR.YAMASTEROL 900G BABOSA,2,20.66
CR.YAMASTEROL 90G APLICADOR BABOSA,5,3.13
CR.YAMASTEROL 90G APLICADOR BRANCO,2,3.13
CREATINA FIRE 300G MAXINUTRI,2,85.78
CREME DE UREIA 3% BELLAPHYTUS 100ML,1,13.99
CREME DENTAL TRA LALA S/FLU T FRUTTI,3,8.81
CREME HIDRATANTE CH-01 50G,2,30.03
CREON 10.000UI 30CP,2,69.49
CREVAGIN 7 APLICADORES,1,29.34
CRISPIES PROTEIN CHOCOLATE 180G,3,27.73
"CRONOBE 5000MG 2X2,5ML",3,34.49
CULTURELLE PROBIOT JR C 6 SACHES,1,38.27
CURATIVO BEGE C/10 UN MISSNER,24,2.85
CURATIVO CREMER 10UN MARROM ESCURO,2,3.84
CURATIVO CREMER ADV ACNE E ESPINHA 24,4,15.64
CURATIVO CREMER ADVANCED 8UN,1,15.49
CURATIVO CREMER CARE BEGE 10UN,15,3.92
CURATIVO CREMER CARE EXTRA GRANDE 8UN,5,11.59
CURATIVO CREMER CARE MINIOS 10UN,6,4.5
CURATIVO CREMER JOELHO E COTOVELO 6UN,4,19.0
CURATIVO MARROM C/10 UN MISSNER,13,2.48
CURATIVO SALVELOX 10UN TRADICIONAL,9,2.26
CURATIVO SHOW DA LUNA C/10 UN MISSNE,6,4.39
CURATIVO TRANSP 15UN MISSNER PROVA D',20,3.68
CURATIVO TRANSP.REDONDO C/16UN MISSNE,12,1.94
CURATIVO TRANSPARENTE C/10 UN MISSNER,41,2.75
CURATIVO TRANSPARENTE C/40 UN MISSNER,12,5.98
CURATIVO TRANSPARENTE EXT.G C/10 UN M,6,10.49
CURATIVOS TOPZ 10UN PATRULHA CANINA,2,4.3
CURCUMA 500MG 60CAPS FORTLIFE,1,40.18
CURVEX DE CILIOS YOU SE.ME,3,7.65
CUTISANOL GEL 100G,2,59.02
CUTISANOL PO 150G,1,45.22
CYLOCORT COL 5ML,1,33.63
CYMBI 30MG 30CAPS*,1,63.04
CYMBI 60MG 30CAPS*,1,118.6
DAFLON 1000MG 30CP,1,122.24
DAFLON 500MG 30CP,1,74.24
DAFORIN 20MG 30CP *,1,74.48
DAFORIN GT 20ML *,1,38.34
DAMATER 30CP,1,57.14
DAMATER OMEGA C/30CP,1,102.4
DAPAGLIFLOZINA 10MG C/30 CP MEDQUIMIC,3,85.2
"DASTENE 0,5MG C/ 30 CAPS",1,101.38
DAYVIT KIDS SS 120ML,3,46.49
DECA DURABOLIN 50MG 1AP *,7,20.21
"DECADRON 0,50MG 20CP",2,6.6
DECADRON 4MG 10CP,2,19.8
"DECADRON 4MG 1X2,5ML",2,11.78
DECADRON COLIRIO 5ML,2,9.78
DECADRON EL 120ML,2,17.91
DECONGEX PLUS 12CP,2,25.21
DECONGEX PLUS GT 20ML,2,14.03
DECONGEX PLUS XP 120ML,14,22.37
DEF B 1000MCG C 30 VITA B12 SUBL,2,28.18
DEFLAZACORTE 6MG 20CP NOVA QUIMICA,2,37.25
DEFRIZANTE SALON LINE 200ML M.LISO DE,2,11.21
DEFRIZANTE SALON LINE 200ML MUITO+LIS,3,11.0
DELLER 50MG 30CP*,1,56.68
DELTAMETRIL D EMULSÃO SH 100ML MEDQUI,3,17.24
DELTAPIL SH 100ML BELFAR,1,15.09
DELUMI 50.000UI 4 CP VITAMINA D GEOLA,4,7.45
DEMAQUILANTE BIFASICO F.BEAUTIFUL 120,2,9.5
DEMAQUILANTE NIVEA 200ML 6 EM 1,1,20.0
DEMAQUILANTE ROSA MOSQUETA 100ML,2,4.0
DEO COL.MURIEL ACQUA ESSENCE ALFAZ.25,2,14.25
DEO COL.SUISSA ALFAZEMA 115ML,2,19.6
DEO COL.SUISSA ALFAZEMA 500ML,1,27.74
DEO COL.TABU 60ML,2,10.29
DEOCIL SUBL.10MG 10CP,7,31.45
DEPAKENE 250MG 25CL *,1,18.76
DEPAKENE 500MG 50CP *,2,78.18
DEPAKENE XP 100ML *,8,21.44
DEPAKOTE 250MG 30CP *,1,44.53
DEPAKOTE 500MG 30CP *,1,83.0
DEPAKOTE ER 250MG 30CP *,1,41.44
DEPAKOTE ER 250MG 60CP *,1,73.94
DEPAKOTE ER 500MG 30CP *,1,82.99
DEPAKOTE SPRINKLE 125MG 30CP *,1,26.15
DEPIL BELLA LENCOS P/DEPILACAO 100UN,2,17.29
DEPIL BELLA LENCOS P/DEPILACAO 20UN,1,6.56
DEPIL BELLA LENCOS P/DEPILACAO 50UN,2,13.87
DEPILE OLEO REMOVEDOR 500ML REF2370,6,21.99
DEPIROLL CERA FRIA CORPORAL 240G TRAD,1,26.33
DEPIROLL CERA FRIA P/PERNAS TRADIC.12,1,16.1
DEPIROLL CERA QUENTE 1KG TRAD BLOCO,1,53.75
DEPIROLL CERA QUENTE 500G ROSA BLOCO,2,27.11
DEPIROLL CERA REFIL 100G ALGAS,1,6.0
DEPIROLL CRM DEP. 130G CORPORAL MEN,2,28.31
DEPIROLL CRM DEP. 130G SHOWER POWER,1,28.31
DEPO PROVERA 150MG INJ 1ML,2,38.68
DEPOSTERON 200MG 3X2ML *,2,115.0
DERCOS COND.KERA SOLUTIONS 200ML,1,88.15
DERCOS SENSI - SCALP SH CALM 200ML,1,78.0
DERCOS SENSI SCALP CR LIMP 300ML,1,95.91
DERCOS SH.ANTICASPA OLEOSOS 125G,1,58.21
DERCOS SH.ANTICASPA OLEOSOS 300G,1,86.25
DERCOS SH.ANTICASPA SECOS 300G,1,81.94
DERCOS SH.CASPA SENSIVEL 200ML,2,78.93
DERCOS SH.ENERGIZANTE 200ML,2,70.07
DERCOS SH.KERA SOLUTIONS 300ML,1,78.58
DERCOS SH.KERA SOLUTIONS REFIL 200ML,1,54.68
DERCOS SH.PSOLUTION 200G,1,116.44
DERIVA C MICRO GEL 30G,1,39.94
DERMACERIUM CR 30G,1,51.56
DERMACYD 200ML FEMINA BREEZE,3,18.66
DERMACYD 200ML FEMINA DELICATA,3,17.63
DERMACYD 200ML FEMINA FLORAL,4,16.54
DERMACYD 200ML FEMINA NEUTRALIZE,3,18.18
DERMACYD 200ML INFANTIL,3,16.65
DERMAEX 100 ML OLEO CICATRIZANTE,11,3.86
DERMAEX 200 ML OLEO CICATRIZANTE,2,6.81
DERMAFEME CALM SAB FR 100ML,6,11.99
DERMAFEME SAB INT 100ML AC HIALURONIC,6,11.99
DERMAFEME SAB INT 100ML PREBIOTICO,5,11.99
DERMAZINE 1% CREME BISNAGA 15G,1,8.56
DERMODEX TRATAMENTO CR 60G,1,77.57
DERMOSALIC POMADA 30 G,2,26.01
DERMOTIVIN CONTROL BARRA 90G,3,20.76
DERMOTIVIN OIL CONTROL SAB 300ML,2,49.96
DERMOTIVIN SAB 90G,1,22.29
DERMOTIVIN SAB LIQUIDO 120ML,3,37.51
DERMOTIVIN SAB LIQUIDO CONTROL 120ML,1,43.68
DERMOTIVIN SAB LIQUIDO CONTROL 70ML,2,24.35
DERMOTIVIN SAB LIQUIDO ORIGINAL 300ML,2,48.01
DERMOTIVIN SAB LIQUIDO ORIGINAL 70ML,3,24.45
DERMOTIVIN SALIX BARRA,1,22.32
DERMOTIVIN SALIX LIQUIDO 70ML,1,24.35
DERMOTIVIN SOFT SAB BARRA 90G,3,24.44
DERMOTIVIN SOFT SAB LIQUIDO 120ML,2,37.51
DERMOVANCE AI 500ML PUMP,1,116.0
DERMOVANCE CALM CREME BISN 40G,2,34.14
DERSANI BABY 50ML,4,18.0
DERSANI CREME HIDRATANTE 200ML,5,31.92
DERSANI HIDROGEL 150G,2,77.32
DERSANI HIDROGEL 30G,2,54.48
DERSANI HIDROGEL 85G,1,63.99
DERSANI HIDROGEL C-ALGINA 85G,1,70.2
DERSANI LC 100ML,1,32.0
DES KOLENE 200ML CACHINHOS TOQUE CARI,1,12.92
DES STICK DOVE FRESH 45G,9,19.58
DES STICK DOVE INVISIBLE DRY 45G,7,18.21
DES STICK DOVE MEN+CARE INVISIBL DRY,3,18.21
DES STICK DOVE ORIGINAL 45G,3,19.58
DES STICK DOVE POWDER 45G,4,19.19
DES.ADIDAS AER 91G FEM CONTROL,4,9.26
DES.ADIDAS AER 91G MASC PRO INVISIBLE,4,9.26
DES.AXE AER 90G ANTITRANSP.MARINE,5,9.0
DES.AXE AER 90G ANTITRANSP.MUSK,5,9.1
DES.AXE AER 90G ANTITRANSP.URBAN,2,10.55
DES.AXE AER 96G BODYSPRAY APOLLO,7,9.1
DES.AXE AER 96G BODYSPRAY BLACK,4,9.1
DES.AXE AER 96G BODYSPRAY DARK TEMPTA,3,9.0
DES.BOZZANO AER 90G CARVAO,1,5.64
DES.BOZZANO AER 90G S/PERFUME,5,7.29
DES.BOZZANO AER 94G CLINIC CLEAN,3,9.64
DES.CIMED SUPER 72H 150ML ACQUA,6,10.91
DES.CIMED SUPER 72H 150ML ACQUA,6,10.91
DES.CIMED SUPER 72H 150ML BERRY,12,10.91
DES.CIMED SUPER 72H 150ML BLOOM,12,10.91
DES.CIMED SUPER 72H 150ML CITRUS,6,10.91
DES.CIMED SUPER 72H 150ML COTTON,12,10.91
DES.CIMED SUPER 72H 150ML ENERGY,12,10.91
DES.CIMED SUPER 72H 150ML VELVET,12,10.91
DES.CIMED SUPER 72H 250ML ACQUA,5,15.42
DES.CIMED SUPER 72H 250ML CITRUS,6,15.42
DES.CIMED SUPER 72H 250ML ENERGY,9,15.42
DES.CIMED SUPER 72H 250ML WOOD,6,15.42
DES.CONTOURE SPR 80ML BOUQUET FRESH,3,5.57
DES.CONTOURE SPR 80ML CLASSIC FRESH,3,6.52
DES.CONTOURE SPR 80ML SUAVE LEMBRANCA,3,5.56
DES.CORP GIOVANNA BABY B SPLASH BLUE,1,21.85
DES.CORP GIOVANNA BABY B SPLASH CHERR,1,21.86
DES.CORP GIOVANNA BABY B SPLASH CLASS,1,21.65
DES.CR SERUM DOVE PREV ESCURECIMENTO,14,11.7
DES.CR SERUM DOVE PREV IRRITACAO 50G,5,11.86
DES.CR SERUM DOVE REPARA DIARIA 50G,6,11.86
DES.DOVE AER 145G CUIDA MEN+CARE L+/P,9,19.83
DES.DOVE AER 145G ORIGINAL L+/P-,14,21.55
DES.DOVE AER 150ML ALL BODY LAVENDER,6,15.66
DES.DOVE AER 150ML ALL BODY MEN+CARE,1,15.51
DES.DOVE AER 150ML ALL BODY MEN+CARE,2,13.97
DES.DOVE AER 150ML ALL BODY MEN+CARE,2,15.2
DES.DOVE AER 150ML ALL BODY RASPBERRY,5,15.2
DES.DOVE AER 150ML Energy Boost,6,13.97
DES.DOVE AER 87G LAVANDA & BAUNILHA,4,13.65
DES.DOVE AER 87G PESSEGO & LEITE ARRO,3,13.5
DES.DOVE AER 89G BEAUTY FINISH,3,13.47
DES.DOVE AER 89G ENERGIZANTE,6,13.5
DES.DOVE AER 89G GOFRESH PEPINO/CHA V,2,13.5
DES.DOVE AER 89G INVISIBLE DRY,7,12.71
DES.DOVE AER 89G LAVANDA E FLORES,10,13.51
DES.DOVE AER 89G MEN CLEAN COMFORT,3,13.34
DES.DOVE AER 89G MEN EXTRA FRESH,18,14.68
DES.DOVE AER 89G MEN INVISIBLE DRY,4,13.5
DES.DOVE AER 89G ORIGINAL,49,12.16
DES.DOVE AER 89G SENSITIVE SEM PERFUM,9,12.66
DES.DOVE AER MEN INVIS DRY LV+ PG-250,3,19.83
DES.DOVE AER MEN INVIS FRES MEN+CARE,6,13.5
DES.DOVE CLINICAL ORIGINAL 150ML,3,15.93
DES.DOVE CR 75G ALL BODY LAVENDER&CAM,5,17.2
DES.DOVE CR 75G ALL BODY RASPBERRY&RO,5,17.44
DES.DOVE ROLL-ON 30ML MEN CARE PROT.T,1,4.92
DES.DOVE ROLL-ON 30ML ORIGINAL,5,5.58
DES.DOVE ROLL-ON 50ML FRESH CARE LAVA,4,7.9
DES.DOVE ROLL-ON 50ML FRESH CARE PESS,2,7.9
DES.DOVE ROLL-ON 50ML INVISIBLE,2,8.73
DES.DOVE ROLL-ON 50ML MEN CONFORT,2,9.41
DES.DOVE ROLL-ON 50ML MEN INVISIBLE D,15,8.73
DES.DOVE ROLL-ON 50ML ORIGINAL,7,12.72
DES.DOVE ROLL-ON 50ML ROMA,1,9.41
DES.DOVE STICK Invisível Rain Lilies,3,22.13
DES.DOVE STICK Sakura Blossom 72h 45G,4,22.13
DES.DOVE Stick Serum Invisível 45g,2,22.13
DES.DOVE STICK TROPICAL HIBISCUS 45G,2,22.13
DES.DRYON AER 147G BERRY FRUITS,8,13.33
DES.DRYON AER 147G HA MISTY ROSE,10,13.33
DES.DRYON AER 147G HA SENSITIVE,10,13.33
DES.DRYON AER 147G HA SOFT CARE,11,13.33
DES.DRYON AER 147G INVISIBLE WOM,8,13.33
DES.DRYON AER 147G LAVANDA FLEUR,8,13.33
DES.DRYON AER 147G MEN 4SPORT,10,13.33
DES.DRYON AER 147G MEN FLOW,9,13.33
DES.DRYON AER 147G MEN ICEFRESH,7,13.33
DES.DRYON AER 147G MEN INVISIBLE,8,13.33
DES.DRYON AER 147G NATURAL FRESH,12,13.33
DES.DRYON AER 147G PINK POWDER,6,13.33
DES.DRYON AER 147G SPORTFIT,8,13.33
DES.GIOVANNA BABY AER 150ML BLUE,1,8.95
DES.GIOVANNA BABY AER 150ML BLUE ALUM,1,13.57
DES.GIOVANNA BABY AER 150ML BLUE C/2U,3,15.5
DES.GIOVANNA BABY AER 150ML CANDY C/2,2,16.79
DES.GIOVANNA BABY AER 150ML CHERRY,7,8.94
DES.GIOVANNA BABY AER 150ML CLASSIC,8,7.63
DES.GIOVANNA BABY AER 150ML MEN ACTIV,3,7.83
DES.GIOVANNA BABY AER 150ML MEN FRESH,4,7.83
DES.GIOVANNA BABY AER 150ML MEN POWER,1,7.83
DES.GIOVANNA BABY AER 150ML MEN URBAN,4,7.83
DES.GIOVANNA BABY AER 150ML NEUTRAL A,2,11.87
DES.GIOVANNA BABY AER 150ML ROSE GOLD,4,9.15
DES.GIOVANNA BABY AER 150ML SILVER,7,11.76
DES.GIOVANNA BABY CR.60G BISNAGA ROSE,1,8.42
DES.GIOVANNA BABY ROLL-ON 50ML BLUE,11,4.83
DES.GIOVANNA BABY ROLL-ON 50ML BLUEBE,1,4.65
DES.GIOVANNA BABY ROLL-ON 50ML CANDY,2,4.82
DES.GIOVANNA BABY ROLL-ON 50ML CHERRY,3,5.5
DES.GIOVANNA BABY ROLL-ON 50ML CLASSI,12,4.83
DES.GIOVANNA BABY ROLL-ON 50ML METAIS,1,6.05
DES.GRANADO P/PES 100ML TRADICIONAL,1,18.02
DES.HERBISSIMO CR 45G TWIST TRAD,1,8.51
DES.HERBISSIMO CR 55G ACTION,4,3.99
DES.HERBISSIMO CR 55G BIOPROT CEDRO,5,3.99
DES.HERBISSIMO CR 55G FRESH,6,3.99
DES.HERBISSIMO CR 55G KIDS,6,3.3
DES.HERBISSIMO CR 55G PROTECT,1,3.99
DES.HERBISSIMO CR 55G SENSITIVE,7,3.99
DES.HERBISSIMO CR 55G TRADICIONAL,12,3.99
DES.HERBISSIMO CR LAVANDA 55G,2,3.98
DES.HERBISSIMO CR TALCO 55G,11,3.99
DES.LEITE DE ROSAS AER 150ML TRADICIO,3,10.28
DES.LEITE DE ROSAS AER 48H 150ML,3,12.14
DES.MONANGE AER 90G DETOX FRESH,7,6.7
DES.MONANGE AER 90G ESPORTE,22,6.7
DES.MONANGE AER 90G FLOR DE LAVANDA,68,6.94
DES.MONANGE AER 90G FRUTAS VERMELHAS,27,6.7
DES.MONANGE AER 90G HIDR.INTENSIVA,34,6.7
DES.MONANGE AER 90G INVISIVEL,23,6.7
DES.MONANGE AER 90G PROT SECA,18,6.0
DES.MONANGE AER 90G SENSIVEL,51,6.0
DES.MONANGE AER 94G CLINIC CONFORT,8,11.06
DES.NIVEA AER 150ML *BLACK E PEARL,5,8.77
DES.NIVEA AER 150ML *MEN DRY IMPACT,5,8.77
DES.NIVEA AER 150ML *MEN INV.B&W FRES,3,8.77
DES.NIVEA AER 150ML *MEN INV.B&W POWE,3,10.13
DES.NIVEA AER 150ML *MEN SENSITIVE,4,8.77
DES.NIVEA AER 150ML DEEP AMADEIRADO,5,10.13
DES.NIVEA AER 150ML DEEP ORIGINAL,6,8.77
DES.NIVEA AER 150ML DEFENDE MAS,5,7.62
DES.NIVEA AER 150ML DERMO DEFENDE FEM,6,7.62
DES.NIVEA AER 150ML DRY COMFORT,3,9.29
DES.NIVEA AER 150ML FRESH NATURAL,13,8.76
DES.NIVEA AER 150ML INV.B&W CLEAR,5,10.13
DES.NIVEA AER 150ML INV.B&W FRESH,4,8.77
DES.NIVEA AER 150ML PEARL BEAUTY,10,8.77
DES.NIVEA AER 150ML PROTECT&CARE,5,8.77
DES.NIVEA AER 150ML RESTAURA FEM,5,7.62
DES.NIVEA AER 150ML UNIFORMIZA,4,7.62
DES.NIVEA AER 200ML B&W M INVISIBLE,1,11.26
DES.NIVEA AER 200ML DERMA DEFENDE FEM,3,10.34
DES.NIVEA AER 200ML DERMA DEFENDE MAS,4,10.34
DES.NIVEA CLINICAL FEM 150ML,4,10.18
DES.NIVEA ROLL-ON 50ML *MEN DRY IMPAC,2,6.92
DES.NIVEA ROLL-ON 50ML DERMA DEFENDE,6,7.1
DES.NIVEA ROLL-ON 50ML DRY REGULAR,3,7.75
DES.NIVEA ROLL-ON 50ML INV.B&W CLEAR,4,8.18
DES.NIVEA ROLL-ON 50ML INV.B&W POWER,3,8.43
DES.NIVEA ROLL-ON 50ML ORIGINAL PROTE,4,7.77
DES.NIVEA ROLL-ON 50ML PEARL BEAUTY,4,8.18
DES.NIVEA ROLL-ON 50ML RESTAURA FEM,2,7.7
DES.NIVEA ROLL-ON 50ML S/PERFUME,2,7.7
DES.NIVEA ROLL-ON 50ML UNIFORMIZA FEM,5,7.7
DES.NIVEA SPRAY 90ML FRESH,9,4.81
DES.NIVEA SPRAY 90ML MEN FRESH ACTIVE,8,4.97
DES.PHYTODERM 200ML BODY SPLASH INTEN,1,20.01
DES.PHYTODERM 200ML SPLASH SEXY GIRL,1,20.01
DES.RASTRO SPR 90ML,5,7.4
DES.REXONA AER 145G ANTB INVIS L+/P-,7,17.67
DES.REXONA AER 145G V8 MEN L+/P-,10,17.67
DES.REXONA AER 148G ANTB INVISIBLE,6,17.67
DES.REXONA AER 148G COTTON DRY LV+PG-,7,17.86
DES.REXONA AER 148G POWDER DRY LV+PG-,20,17.67
DES.REXONA AER 150ML ALL BODY ACTIVE,2,14.49
DES.REXONA AER 250ML FEM INVISIBLE,5,17.67
DES.REXONA AER 250ML L+/P- ACTI DRY M,5,17.67
DES.REXONA AER 250ML L+/P-INVISIBLE M,6,17.67
DES.REXONA AER 90G ALL BODY WILD ROSE,3,10.39
DES.REXONA AER 90G FEM ACTIVE EMOTION,9,11.83
DES.REXONA AER 90G FEM ANTIBACTERIAL/,9,11.71
DES.REXONA AER 90G FEM BAMBOO,7,11.71
DES.REXONA AER 90G FEM ERVA DOCE,13,11.59
DES.REXONA AER 90G FEM FRUTAS VERMELH,7,11.71
DES.REXONA AER 90G FEM INVISIBLE,5,11.71
DES.REXONA AER 90G FEM POWDER,26,11.97
DES.REXONA AER 90G FEM SEM PERFUME,4,11.71
DES.REXONA AER 90G MEN ACTIVE,8,12.17
DES.REXONA AER 90G MEN ANTIBAC/INVISI,3,11.71
DES.REXONA AER 90G MEN ANTIBACTERIAL,6,11.71
DES.REXONA AER 90G MEN IMPACTO,4,11.83
DES.REXONA AER 90G MEN INVISIBLE,3,11.71
DES.REXONA AER 90G MEN SEM PERFUME,3,11.71
DES.REXONA AER 90G MEN V8,6,12.34
DES.REXONA AER 90G MEN XTRA COOL,3,11.71
DES.REXONA AER 91G CLINICAL CLASSIC,5,14.69
DES.REXONA AER 91G CLINICAL CLEAN,4,14.69
DES.REXONA AER 91G CLINICAL EXT DRY,4,14.7
DES.REXONA AER 91G CLINICAL S/PERFUME,3,14.69
DES.REXONA AER 91G CLINICAL SPORT,6,14.7
DES.REXONA ALL BODY BOLD SPIR 150ML,2,13.19
DES.REXONA ALL BODY FRESH CIT 150ML,2,13.19
DES.REXONA ALL BODY OCEAN RUS 150ML,2,13.19
DES.REXONA CLINICAL 48G FEM EXTRA DRY,19,19.37
DES.REXONA CLINICAL 48G MEN CLEAN,3,22.44
DES.REXONA CLINICAL AER 150ML INVISIB,5,15.2
DES.REXONA CLINICAL AER 150ML MEN INT,2,15.02
DES.REXONA CLINICAL AER 150ML MEN INV,3,14.49
DES.REXONA CR 75G ALL BODY ACTIVE FR,2,14.24
DES.REXONA CR 75G ALL BODY OCEAN RUS,2,14.24
DES.REXONA CR 75G ALL BODY WILD ROSE,2,15.19
DES.REXONA ROLL-ON 30ML FEM BAMBOO CO,3,4.86
DES.REXONA ROLL-ON 30ML FEM POWDER CO,6,4.94
DES.REXONA ROLL-ON 30ML MEN V8,7,28.7
DES.REXONA ROLL-ON 50ML FEM BAMBOO,1,8.0
DES.REXONA ROLL-ON 50ML FEM COTTON,2,8.0
DES.REXONA ROLL-ON 50ML FEM INVISIBLE,1,8.37
DES.REXONA ROLL-ON 50ML MEN ACTIVE,3,8.26
DES.REXONA ROLL-ON 50ML MEN INVISIBLE,2,8.0
DES.REXONA ROLL-ON 50ML MEN V8 DRY,7,5.4
DES.REXONA ROLL-ON 50ML POWDER DRY,33,5.48
DES.REXONA STICK 45G FEM POWDER DRY,3,16.52
DES.REXONA STICK 45G FEM TROPICAL CIT,2,11.99
DES.REXONA STICK 45G MEN ACTIVE DRY,2,11.99
DES.REXONA STICK 45G MEN V8 DRY,3,11.99
DES.TABU CR 55G,7,4.81
DES.TABU CR 55G FLORES,8,4.81
DES.TABU CR 55G ROMANCE,8,4.81
DES.TABU CR 55G S/PERFUME,11,3.45
DES.TABU CR 55G SEGREDOS,7,4.46
DES.TABU ROLL-ON 50ML PELE SENSIVEL,3,5.82
DES.TRES MARCHAND SPRAY 100ML CLASSIC,9,3.14
DESALEX 5MG 10CP,1,64.86
DESALEX D12 10CP*,1,38.63
DESALEX XP 100ML,1,53.87
DESCOLORANTE MARCIA 20G ALGAS MARINHA,10,2.75
DESCOLORANTE MARCIA 20G AMETISTA,1,2.94
DESCOLORANTE MARCIA 20G ARGAN,11,2.87
DESCOLORANTE MARCIA 20G CAMOMILA,14,3.23
DESCOLORANTE MARCIA 20G COCO,6,3.99
DESCOLORANTE MARCIA 20G GERMEN DE TRI,19,2.94
DESCOLORANTE MARCIA 20G GIRASOL,11,2.94
DESCOLORANTE MARCIA 20G PROT.DA SEDA,6,2.94
DESCOLORANTE MARCIA 20G QUERATINA,3,2.94
DESCOLORANTE MARCIA 50G CAMOMILA,12,6.07
DESCOLORANTE PROBELLE 300G AMETISTA P,8,13.92
DESCOLORANTE PROBELLE 300G DIAMANTE P,6,13.92
DESCOLORANTE PROBELLE 300G DUST FREE,5,13.92
DESCOLORANTE PROBELLE 300G PEROLADO P,5,13.92
DESCOLORANTE YAMA 20G AMETISTA,5,5.34
DESCOLORANTE YAMA AMETISTA 300G,7,22.15
DESLAC LACTASE 15ML GTS,4,26.99
"DESLORATADINA 0,5 MG/ML XPE 100ML",8,11.84
"DESLORATADINA 0,5 MG/ML XPE 60ML",5,7.95
DESLORATADINA 100ML BIOSINTETICA,2,12.96
DESLORATADINA 5MG 10CP EUROFARMA,5,30.58
DESLORATADINA 5MG 10CP PHARLAB,3,5.2
DESLORATADINA 60ML BIOSINTETICA,2,7.45
DESOD BAR SECRET PH BALANC LAVENDER 4,2,20.49
DESOD BAR SECRET POWDER PROT COTTON 4,3,20.49
DESOG+ETINILESTRADIOL 150+20MG 21CP B,3,7.02
"DESOGESTREL 0,075MCG 28CP EUROFARMA",2,20.71
"DESOGESTREL 0,075MG 28CP SANDOZ",2,21.6
DESOGESTREL G. LEG 75 MCG 28 CP,1,6.55
"DESONIDA CR 0,5MG 30G GERMED",2,23.88
DESVE 100MG 30COMP*,1,79.81
DESVE 50MG 30COMP*,1,66.33
DEWS 5MG GTS 10ML,1,27.79
DEXA CITONEURIN NFF 3X3ML,2,31.1
DEXADOR 5000MG 20CP,2,43.72
DEXALGEN NF SOL INJ 6 AMP,1,41.09
DEXAMET+NEOM+POLIM 5ML GEOLAB,3,8.16
DEXAMETASONA 1MG CR 10G TEUTO,5,7.39
DEXAMETASONA 4MG 10CP TEUTO,12,8.96
DEXAMETASONA ELX 100ML TEUTO,2,8.98
DEXASON ELIXIR 100ML TEUTO,2,7.5
DEXAVISON OFT 5ML,6,1.86
DEXFER 100MG C/30 COMP,3,55.59
DEXFER 100MG C/30ML,1,47.46
DEXILANT 30MG 30CAPS,1,103.87
DEXILANT 60MG 30CAPS,1,103.87
DHALGA 60ML,1,75.86
DIACQUA 25MG 30CP,7,16.78
"DIAD 1,5MG 1CP CIMED",601,3.99
DIAMANTE NEGRO 80G,13,7.16
DIAMICRON MR 30MG 30CP,1,41.51
DIAMICRON MR 60MG 30CP,3,83.04
DIAMICRON MR 60MG 60CP,1,113.93
DIAMOX 250MG COM X 30,4,22.24
DIANE 35 21DR,3,32.54
DIASEC 2MG 12CP SANDOZ*,2,5.29
DIATARCOM MR 30MG C/60 COMP,1,38.76
DIAZEPAM 10MG 30CP PHARLAB,10,3.86
DIAZEPAM 5MG 30CP NEO QUIMICA*,6,8.84
DICLIN 21CP,2,18.91
DICLOFENACO DE COLEST.70MG 14CP EMS.M,5,9.03
DICLOFENACO DE DIETILAMONIO GEL 60G C,2,10.1
DICLOFENACO DE DIETILAMONIO GEL 60G T,3,10.77
DICLOFENACO DE POTASSICO 50MG 20CP CI,185,8.56
DICLOFENACO DE SODICO 100MG 10CP EMS,30,18.69
DICLOFENACO DE SODICO 100MG 10CP NOVA,12,18.66
DICLOFENACO SODICO 50MG 20CP NEO QUIM,42,2.55
DICLOR TRIMETAZIDINA 35MG 30CPR NEO Q,4,26.79
DICLOR TRIMETAZIDINA 35MG 60CPR ALTHA,2,37.62
DICLOR.DE BETAISTINA 16MG 30CP BIOSIN,1,18.46
DICLOR.DE BETAISTINA 16MG 30CP GEOLAB,1,14.25
DICLOR.DE BETAISTINA 24MG 30CP GEOLA,1,13.02
DICLOR.DE BETAISTINA 24MG 30CP EUROFA,4,10.47
DICLOR.DE BETAISTINA 8MG 30CP BIOSINT,1,14.87
"DICLOR.DE PRAMIPEXOL 0,25MG 30CP*",16,9.28
"DICLOR.DE PRAMIPEXOL 0,25MG 30CP*EMS",1,56.4
"DICLOR.DE PRAMIPEXOL 0,375MG 30CP*EUR",1,64.41
DICLOR.DE PRAMIPEXOL 1MG 30CP*BIOSINT,4,170.0
DICLORIDRATO DE BETAISTINA 16MG 30CP,3,9.1
DICLORIDRATO DE HIDROXIZINA 25MG 30CP,1,28.72
DIENOGESTE 2MG C/30 COMP EUROFAR,2,111.57
DIET WEEK SHAKE 360G BAUNILHA,1,24.13
DIET WEEK SHAKE 360G MORANGO & AMORA,1,24.13
DIET WEEK SHAKE 360G MOUSSE DE CHOCOL,2,24.13
DIGEPLUS 30CL,2,32.8
DIGESTIL SL 20ML TEUTO,1,11.03
"DIGOXINA G. TEU. 0,25MG 20CP",3,3.19
"DIGOXINA G. TEU. 0,25MG 30CP",5,4.49
DILATADOR NASAL MASC. DOUTORSAN G C/1,1,19.0
DILATADOR NASAL MASCULINO M C/10UN,2,19.0
DIMAG 400 MG C/ 60 CAPS,3,30.7
DIMENITRATO+PIRODOXINA 25+5MG/ML 20ML,5,6.91
DIMINUT 21DR,1,39.83
DIMORF 10MG 50CL,1,41.52
DIMORF 30MG 50CL,1,111.63
DIOSMIN 500MG 60CP,1,104.05
DIOSMIN 900+100MG C 30 COMP,1,97.56
DIOSMIN CREME 200G,1,84.36
DIOVAN 160MG 28CP,1,79.2
DIOVAN 320MG 28CP,1,79.2
DIOVAN 80MG 28CP,1,117.37
DIOVAN AMLO FIX 160/10MG 28CP,1,115.13
DIOVAN AMLO FIX 160/5MG 28CP,4,97.53
DIOVAN AMLO FIX 320/10MG 28CP,1,115.13
DIOVAN AMLO FIX 320/5MG 28CP,1,97.53
"DIOVAN HCT 160/12,5MG 28CP",1,83.59
"DIOVAN HCT 320/12,5MG 28CP",2,83.59
DIOVAN HCT 320/25MG 28CP,2,96.15
"DIOVAN HCT 80/12,5MG 28CP",1,83.59
DIPIMED 20ML MEDQUIMICA,72,1.84
DIPIRONA 100ML BIOSINTETICA,2,7.14
DIPIRONA 1G 10CP NEO QUIMICA,139,4.29
DIPIRONA 500MG 10CP PRATI DONADUZZI,613,1.6
DIPIRONA 500MG EV 10CP LEGRAND ML,605,4.51
DIPIRONA 500MG/ML 20ML,77,2.13
DIPIRONA+CAFEINA 500MG 16CP NEO QUIMI,1,15.11
DIPROGENTA CR 30G,2,29.58
DIPROGENTA PM 30G,1,30.74
DIPROPIONATO BETAM.+ACIDO SALI.PM 30G,5,16.97
DIPROPIONATO BETAM.+FOS.DISS 1AMP EUR,3,15.8
DIPROPIONATO DE BETAMETASONA CR 30G E,2,20.28
DIPROSALIC PM 30G,1,35.94
DIPROSALIC SL 30ML,1,32.43
DIPROSONE CR 30G,1,31.29
DIPROSONE LC 30ML,1,30.83
DIPROSONE PM 30G,1,32.72
DIPROSPAN 1X1ML,8,26.5
DISPLAY DE ACRILICO PEQUENO,1,399.0
DISPOSITIVO P/LAVAGEM NASAL 10ML AZUL,2,19.11
DISPOSITIVO P/LAVAGEM NASAL 10ML ROSA,1,19.11
DIURIX 25MG 30CP TEUTO,3,1.23
DIVALCON ER 250MG 30 CL *,2,26.1
DIVALCON ER 250MG 60 CL *,1,39.91
DIVALCON ER 500MG 30 CL *,1,89.11
DIVALCON ER 500MG 60 CL *,1,80.39
DIVALPROATO SODIO 500MG 30CP RANBAXY,1,39.67
DIVENA 40MG C/30 COMP,1,36.31
DOBEVEN 500MG 30CL,1,57.84
DOIS C/60 CAPS,1,35.12
DOISKA PLUS 30 CPS GEL,1,81.07
DOLAMIN 250MG 12CP DIVCOM,1,29.68
DOLAMIN FLEX 125+5MG 12CP,1,38.35
DOLAMIN FLEX 125+5MG 15CP,1,39.87
DOMPERIDONA 10MG 30CP EUROFARMA,11,13.66
DOMPERIDONA 10MG 30CP NEO QUIMICA,1,3.35
DOMPERIDONA 10MG 60CP NEO QUIMICA,5,7.39
DOMPERIDONA 1MG SUS 100ML EUROFARMA,2,32.19
DOMPERIX 10MG 30CP,6,17.48
DONAREN 100MG 30CP *,1,70.37
DONAREN 50MG 60CP *,1,45.25
DONAREN RETARD 150MG 30CP *,1,105.59
DONILA DUO 10/10MG 7CP*,1,31.44
DORALGINA 20DR NEO QUIMICA,6,16.7
DORALGINA 4DR NEO QUIMICA,24,4.13
DORE 500MG 14CPR*,1,34.2
DORENE TABS 150MG C/30 COMP*,1,61.5
DORENE TABS 75MG C/30 COMP*,2,60.38
DORFLEX 24CP,4,10.24
DORFLEX 36CP,10,17.87
DORFLEX EV 10CP,112,5.95
DORFLEX MAX 600+70MG 8CP,3,8.95
DORFLEX UNO 1G C/10 COMP,2,15.06
DORFLEX UNO 1G C/20 CP,1,11.87
DORIL ENXAQUECA 18CP,1,24.29
DORIL ENXAQUECA 8CP,7,15.05
DORIL EV 4CP ENXAQUECA,11,8.26
DORSANOL 500MG 20CP MULTILAB,1,11.01
DORZAL MT 5ML LEGRAND,1,67.2
DOSE D 10ML,2,38.09
DOSE D 20ML,1,57.04
DOSS 15.000UI C 4 CAPS,1,22.46
DOSS 50.000UI 4 CAPS,1,57.62
DOVE GEL LIMP FACIAL PURIF 300ML,5,32.0
DOVE OLEO&SERUM BOND INT REP110ML,2,29.73
DOZEMAST C/30 COMP SUBL,1,81.97
DPREV 10.000UI 4CP,1,22.36
DPREV 10000 UI C 8 CPS MOLE,1,39.01
DPREV 14000UI 4CP,1,29.4
DPREV 5.000UI C/30 CAPS MOLE,2,67.1
DPREV 50.000UI 4 CAPS MOLE,1,51.34
DPREV 7000UI 30CP,2,58.31
DPREV 7000UI 4CP,1,12.79
DPREV IMUNE KIDS 75ML,1,40.84
DPREV TODO DIA 1.000UI 30CAPS,1,22.91
DPREV TODO DIA 1000UI GOTAS 10 ML,1,46.98
DPREV TODO DIA 2.000UI 30 CAPS,2,38.48
DPREV TODO DIA 2.000UI 30 CP,1,34.78
DPREV TODO DIA 400UI GOTAS 10 ML,2,35.36
DPREV TODO DIA 600UI SOL 5ML,1,45.26
DRAMIN B6 30CP,4,19.18
DRAMIN B6 GT 30ML,4,18.3
DRAMIN CAPSGEL 25MG 10CL,2,18.23
DRAMIN CAPSGEL 50MG 10CL,6,18.94
DRENISON CR 30G,1,26.68
DRENISON PM 30G,1,26.87
DROPROPIZINA XPE INF 120ML BIOSINTETI,6,7.0
DROSPIRENONA+ETINILESTRADIOL 21CP GER,3,40.86
DROSPIRENONA+ETINILESTRADIOL 21CP NOV,5,40.86
DROSPIRENONA+ETINILESTRADIOL 24CP LEG,6,40.84
DROTIZIN 120ML GEOLAB,2,8.86
DROXAINE 240ML,1,34.83
DUAL 30MG 30CAPS*,2,45.34
DUCHA GINECOLOGICA SANITY N12,2,33.99
DUCHA GINECOLOGICA SANITY N14 250ML,2,36.99
DULCOLAX 20DR,4,15.88
"DULCOLAX 7,5MG/ML SL GTS 30ML",3,24.41
DUOFLAM INJ.1 AMP.,2,17.48
DUOMO 2MG 30CP,1,26.83
DUOMO 4MG 30CP,1,36.55
DUPHALAC XP 200ML,1,49.66
DURATESTON 250MG 1X1ML *,18,43.83
"DUTAM 0,5/0,4MG C/30 COMP",2,94.6
EBASTEL 10MG 10CP,1,63.54
EBASTEL XP 60ML,1,43.26
ECASIL-81 30CP,1,13.29
ECASIL-81 90CP,2,30.21
ECOFILM SOL OFT 5ML,2,17.25
EFFACLAR GEL CONCENTRADO 150G,3,55.23
EFFACLAR GEL CONCENTRADO 150G+GEL50G,1,54.11
EFFACLAR GEL CONCENTRADO 300G,1,75.95
EFFACLAR GEL CONCENTRADO REFIL 240G,1,56.92
EFFACLAR GEL LIMP AT REFIL 240G,1,59.0
EFFACLAR GEL LIMP.ALTA TOLERâNCIA 300,2,75.95
EFFACLAR REEQUIL.ESPUMA CR LIMPEZA 10,1,56.37
EFFACLAR SAB.ALTA TOLERANCIA 70G,1,47.81
EFFACLAR SAB.CONCENTRADO 70G,1,47.81
ELASTICO FINO TODAS CORES 1 UN/PCT,20,2.0
ELIXIR DE INHAME GOULART 250ML,3,19.02
ELIXIR PAREGORICO 30ML CATARINENSE,3,13.16
ELSEVE LEAVE-IN CICATRI RENOV 100ML,2,21.01
ELSEVE LEAVE-IN CICATRI RENOV 50ML,1,15.4
ELSEVE OLEO 100ML EXTRAORDINARIO MIST,3,30.0
ELSEVE SERUM LISO DOS SONHOS 100ML,1,26.0
ELSEVE SERUM GLYCOLIC GLOSS 100ML,3,22.0
EMAMA 400MG 30CP,1,46.0
EMPROL XR 25MG C/30 COMP,3,26.69
EMPROL XR 50MG C/30 COMP,1,42.11
EMSEXPECTOR XPE 120ML EMS,10,17.9
EMULSAO SCOTT 200ML,1,21.51
EMULSAO SCOTT LARANJA 200ML,1,24.34
ENERG.MONSTER ENERGY,1,10.49
ENGOV 12CP,2,16.54
ENGOV AFTER CITRUS 250ML,1,6.97
ENGOV AFTER TANGERINA 250ML,1,7.92
ENGOV EV 6CP,20,9.45
ENSURE 400G BANANA,1,87.78
ENSURE 400G BAUNILHA,1,87.78
ENSURE 400G CHOCOLATE,1,75.15
ENSURE 400G MORANGO,1,78.86
ENSURE 850G CHOCOLATE,1,142.87
ENTEROGERMINA 2BCFU 5ML SUSP BT5,3,30.07
ENTEROGERMINA 50ML 10FRASCOS,6,36.45
ENTEROGERMINA C/20FRASCOS DE 5ML,1,66.71
ENTEROGERMINA PLUS 25ML 5FRASCOS,4,43.39
ENTEROGERMINA PLUS 5ML C/10 FRASCOS,2,57.64
ENTRESTO 49MG/51MG C/60 COMP,1,318.68
ENTRESTO 50MG - 24/26MG C/28COMP,1,148.7
ENXAGUAT.BUCAL COLGATE ORTHOGARD 250M,2,29.07
ENXAGUAT.BUCAL COLGATE TOTAL 250ML AN,3,12.97
ENXAGUAT.BUCAL COLGATE TOTAL 500ML AN,3,10.0
ENXAGUAT.BUCAL COLGATE TOTAL 500ML CL,1,15.54
ENXAGUAT.BUCAL ORAL B 100% MENTA 500M,1,18.74
ENXAGUAT.BUCAL ORAL B COMPL.L500P300,3,17.72
ENXAGUAT.BUCAL ORAL B COMPL.L500P300,4,16.7
ENXAGUAT.BUCAL SUPER 12H 250ML FINI B,9,5.99
ENXAGUAT.BUCAL SUPER 12H 250ML FINI D,12,5.99
ENXAGUAT.BUCAL SUPER 12H 250ML FINI M,9,30.2
ENXAGUAT.BUCAL SUPER 12H 250ML MELANC,12,5.99
ENXAGUAT.BUCAL SUPER 12H 500ML FRUT T,6,12.25
ENXAGUAT.BUCAL SUPER 12H 500ML FRUT V,5,12.25
ENXAGUAT.BUCAL SUPER 12H 500ML MELAO,4,12.25
EPAREMA 12X10ML TRADICIONAL,4,46.9
EPAREMA LQ 200ML,1,44.41
EPIDRAT CALM B5 BG 50ML,1,68.78
EPIDRAT CORPO INTENSIVO CR 500G,1,64.29
EPIDRAT CORPO INTENSIVO 200ML,1,59.49
EPIDUO 1+25MG GEL 30G,1,101.65
EPISOL COLOR FPS70 TOM 1 EXTRA CLARO,1,48.9
EPISOL COLOR FPS70 TOM 2 CLARO,4,57.05
EPISOL COLOR PO FPS50 CLARA 10G,1,117.14
EPISOL FPS30 INTENSE 200ML,4,60.96
EPISOL FPS45 HOMEM 60G,3,49.48
EPISOL GOLD FPS30 GOLD 200ml,2,60.59
EPISOL INF FPS60 100ML,4,92.08
EPISOL INTE HYDRA FPS50 SPRAY 200ML,1,100.67
EPISOL SEC OC FPS60 60G,2,51.21
EPISOL SEC OC FPS60 MEDIO,2,51.21
EPISOL SEC OC FPS99 60G,2,66.92
EPISOL SECACQUA FPS60 40ML,1,66.61
EPISOL SMART COLOR FPS50 40ML,3,75.69
EPITEGEL GEL OFT 10G,2,34.57
EPITHELIZE 50MG GEL OFTAL 10G,1,31.22
EPOCLER ABACAXI 12X10ML,6,36.14
EPOCLER ABACAXI 6X10ML,6,18.13
EPOCLER C/ 30 COMP,5,12.21
ERYFOTONA AK-NMSC FPS99 50ML,1,130.63
ESALERG XP 60ML,1,40.38
ESC 10MG 30CP*,2,67.53
ESC 10MG 60CP*,1,70.13
ESC 20MG 30CP*,1,139.73
ESC 20MG GTS 15ML*,1,53.86
ESC ODT 10MG 30CP EUROFARMA,1,81.05
ESC ODT 15MG 30CP*,1,120.1
ESC ODT 5MG 30CP EUROFARMA,1,48.99
ESC.DE CABELO CONDOR GOTA FROZEN,4,21.98
ESC.DENTAL BITUFO INT.CILINDRICA 2MM,3,15.31
"ESC.DENTAL BITUFO INTERTUFO CÔN.3A6,2",2,15.89
ESC.DENTAL CLEAN B ADULTO MD P/VIAGEM,12,1.99
ESC.DENTAL CLEAN B MC INFANTIL DINOSS,12,1.79
ESC.DENTAL COLGATE CLASSIC CLEAN L3P2,76,8.31
ESC.DENTAL COLGATE CLASSIC MACIA/SUAV,30,3.58
ESC.DENTAL COLGATE SLIM SOFT BLACK MC,3,13.96
ESC.DENTAL COLGATE TANDY 5+ 2UN,8,7.89
ESC.DENTAL COLGATE WHITENING LV2 PG1,7,12.9
ESC.DENTAL COLGATE ZIGZAG CHARCOA C 2,7,7.44
ESC.DENTAL HILLO VIAGEM 1UN,72,5.49
ESC.DENTAL INFANTIL CLEAN B 1UN,22,1.4
ESC.DENTAL KESS 1990 INTERDENTAL 4 RE,8,8.69
ESC.DENTAL MAM BRUSH (40422) ROSA 2UN,1,43.24
ESC.DENTAL MAM LEARN (50521) AZUL 2UN,1,43.24
ESC.DENTAL ORAL B 123 LIMP/BRI MD 1UN,6,4.48
ESC.DENTAL ORAL B 123 LIMP/BRI MD LV3,10,8.3
ESC.DENTAL ORAL B IND.PLUS COLOR 35 4,3,20.57
ESC.DENTAL ORAL B IND.PLUS LV2PG1 30,3,13.1
ESC.DENTAL ORAL B IND.PLUS LV2PG1 35,12,13.58
ESC.DENTAL ORAL B IND.PLUS LV2PG1 40,2,13.1
ESC.DENTAL ORAL B INFANTIL MICKEY 1UN,2,6.41
ESC.DENTAL ORAL B MAN 5 ACOES/CARVAO,2,20.01
ESC.DENTAL REACH ULTRACLEAN LONGA MC,2,6.26
ESCABIN PRO 4% EMUL CAP 100ML,1,33.82
ESCOVA ALMOFADADA OVAL 100 MODELO,9,12.65
ESCOVA ALMOFADADA RAQUETE 101 MODELO,3,11.28
ESCOVA CAB.DARMA FLEX OVAL PRETA,1,6.76
ESCOVA CABELO MARCO BONI 7960 FINA AC,1,23.4
ESCOVA DARMA 338 FLEX OVAL PINK,1,6.76
ESCOVA DARMA 340 FLEX OVAL ROXA,1,8.25
ESCOVA DARMA DARMA CACHOS PRETA,1,12.79
ESCOVA DARMA DARMA CACHOS ROSA,3,12.79
ESCOVA ESCOBEL 1933 PROF 33MM,1,32.82
ESCOVA ESCOBEL 2380 THERAPY MURIEL,2,25.76
ESCOVA ESCOBEL 73 ESSENCIAL SORTIDOS,1,4.68
ESCOVA MAM MASSAGING BRUSH AZUL,2,22.6
ESCOVA MAM MASSAGING BRUSH ROSA,1,22.6
ESCOVA MARIANA 040 MODELO,13,3.34
ESCOVA OVAL FLEX MODELLO,3,7.31
ESCOVA PATA 079 MODELLO,9,1.0
ESCOVA POLVO 761 MODELO,1,7.02
ESCOVA QUADRADA FLEX MODELO,3,7.55
ESCOVA RAQUETE VAZADA MODELO,1,12.99
ESCOVINHA PARA CILIOS E SOBRANCELHAS,1,5.25
ESF.LABOTRAT 240G MAOS/PES 2EM1,1,9.69
ESF.LABOTRAT FACIAL 80ML ENZIMATICO,2,11.14
ESF.LABOTRAT R&C.150G DIA A DIA CEREJ,2,12.57
ESF.LABOTRAT R&C.150G DIA A DIA HIBIS,3,12.57
ESF.LABOTRAT R&C.150G DIA A DIA MARAC,4,12.57
ESF.LABOTRAT R&C.150G DIA A DIA MORAN,2,12.57
ESF.LABOTRAT R&C.150G DIA A DIA PESSE,2,12.57
ESF.LABOTRAT R&C.150G DIA A DIA PISTA,2,12.57
ESF.LABOTRAT R&C.150G DIA A DIA PITAY,2,12.57
ESF.LABOTRAT R&C.300G DIA A DIA CEREJ,1,14.79
ESF.LABOTRAT R&C.300G DIA A DIA MARAC,1,14.79
ESF.LABOTRAT R&C.300G DIA A DIA MORAN,1,14.79
ESF.LABOTRAT R&C.300G DIA A DIA PISTA,2,14.79
ESFOLIANTE CORPORAL 280G KIWI+CHA VER,2,7.95
ESFOLIANTE CORPORAL 280G MARACUJA+CAM,3,7.95
ESFOLIANTE CORPORAL 280G MORANGO+COLA,2,7.95
ESFOLIANTE CORPORAL 280G PINA COL+PAN,1,7.95
ESFOLIANTE CORPORAL UVA BEAUTYLOO 240,2,7.95
ESFOLIANTE ENZIMATICO FACIAL 70G SALL,3,56.09
ESFOLIANTE KIWI/CHA VERDE LOVELY 200G,3,9.99
ESFOLIANTE MAR/CAMOM LOVELY 200G,2,9.99
ESFOLIANTE MORANGO/COLAGENO LOVELY 20,1,9.99
ESFOLIANTE PIT/ROSA MOSQUETA LOVELY 2,3,9.99
ESIO 40MG 28CP,1,163.05
ESKIBON KIBON MINI 15UN,7,12.98
ESM.COLORAMA NU NUDE 4.0 8ML,5,4.68
ESM.COLORAMA BARBIE 8ML BARBIE BOSS,7,4.18
ESM.COLORAMA BARBIE 8ML CHIC BARBIE,4,4.18
ESM.COLORAMA BARBIE 8ML GIRL,3,4.18
ESM.COLORAMA BARBIE 8ML PODEROSA,4,4.18
ESM.COLORAMA BASE DESAMARELADOR 8ML,3,5.04
ESM.COLORAMA CINTILANTE ALGODAO DOCE,7,3.25
ESM.COLORAMA CREMOSO AMARELO RADIANTE,11,5.22
ESM.COLORAMA CREMOSO BAH GURIA 8ML,5,3.49
ESM.COLORAMA CREMOSO BATIDA DE COCO 8,31,4.21
ESM.COLORAMA CREMOSO BLACK 8ML,1,4.21
ESM.COLORAMA CREMOSO CAFE 8ML,5,3.88
ESM.COLORAMA CREMOSO CHIC PELE 8ML,25,4.41
ESM.COLORAMA CREMOSO INCOLOR 8ML,34,4.27
ESM.COLORAMA CREMOSO JABUTICABA 8ML,1,4.23
ESM.COLORAMA CREMOSO LARANJA DE NERVO,12,5.52
ESM.COLORAMA CREMOSO LEITE DE COCO 8M,5,4.21
ESM.COLORAMA CREMOSO MELANCIA 8ML,6,3.89
ESM.COLORAMA CREMOSO NOITE QUENTE 8ML,5,3.64
ESM.COLORAMA CREMOSO NUDE 8ML,1,3.35
ESM.COLORAMA CREMOSO PETALA BRANCA 8M,29,3.78
ESM.COLORAMA CREMOSO QUINTA AVENIDA 8,2,3.2
ESM.COLORAMA CREMOSO ROSA FLORAL 8ML,4,3.65
ESM.COLORAMA CREMOSO ROXO TEDIO 8ML,10,5.22
ESM.COLORAMA CREMOSO SOLTE S.CORES 8M,1,3.2
ESM.COLORAMA CREMOSO TAPETE VERMELHO,1,3.77
ESM.COLORAMA CREMOSO VERDE INVEJA 8ML,12,5.22
ESM.COLORAMA CREMOSO VERDINHO ENJOAD,12,5.22
ESM.COLORAMA CUIDADO BASE SETIM 8ML,9,4.21
ESM.COLORAMA CUIDADO EXTRA BRILHO 8ML,11,4.23
ESM.COLORAMA CUIDADO FORTALECEDOR 8ML,40,4.23
ESM.COLORAMA CUIDADO OLEO SECANTE 8ML,40,4.23
ESM.COLORAMA DIABO VST PRADA 8ML DOCE,2,4.51
ESM.COLORAMA NATURAL PETALA 8ML,5,3.77
ESM.COLORAMA NATURAL PRENDA NATURAL 8,29,4.21
ESM.COLORAMA NATURAL SAMBA JULIANA 8M,26,4.21
ESM.COLORAMA NATURAL VEU 8ML,27,4.23
ESM.COLORAMA NATURAL VIA LACTEA 8ML,81,4.21
ESM.COLORAMA NUTRIBASE PRO/FORTAL. 8M,28,5.65
ESM.COLORAMA VERNIZ&COR 40GRAUS 8ML,21,3.23
ESM.IMPALA A COR DA MODA Descomplicad,2,2.99
ESM.IMPALA BAILAR CREM NA PONTA DO PE,1,2.25
"ESM.IMPALA BASE INCOLOR 7,5ML",12,2.99
ESM.IMPALA BASE OLEO SECANTE 8ML,9,2.99
ESM.IMPALA BASE SUPER BRILHO 8ML,5,2.99
"ESM.IMPALA CARE EXTRA BRILHO 7,5ML",1,4.88
ESM.IMPALA Cor da Sua Moda Cremoso Co,2,2.99
ESM.IMPALA CREMOSO ABRIGO,9,3.16
"ESM.IMPALA CREMOSO BALLET CLASSICO 7,",3,2.9
"ESM.IMPALA CREMOSO BRANCO 7,5ML",3,2.99
"ESM.IMPALA CREMOSO DONATA 7,5ML",4,2.89
"ESM.IMPALA CREMOSO GATINHA 7,5ML",3,2.65
"ESM.IMPALA CREMOSO LOLITA 7,5ML",6,2.99
"ESM.IMPALA CREMOSO MADONNA 7,5ML",3,2.99
"ESM.IMPALA CREMOSO MARILYN 7,5ML",6,2.99
"ESM.IMPALA CREMOSO PRETO 7,5ML",10,2.99
ESM.IMPALA CREMOSO QUERER,5,2.99
ESM.IMPALA CREMOSO SOSSEGO,6,2.99
ESM.IMPALA GLITER 3D DISCO BALL,4,5.74
"ESM.IMPALA GLITER SUBLIME 7,5ML",6,3.9
"ESM.IMPALA PEROLADO AMOR 7,5ML",12,2.99
"ESM.IMPALA PEROLADO AMORE 7,5ML",9,3.1
"ESM.IMPALA PEROLADO CARICIA 7,5ML",5,2.99
"ESM.IMPALA PEROLADO DENGO 7,5ML",2,2.99
"ESM.IMPALA PEROLADO LUA 7,5ML",3,2.99
"ESM.IMPALA PEROLADO NENEM 7,5ML",6,2.99
"ESM.IMPALA PEROLADO PARIS 7,5ML",9,2.89
"ESM.IMPALA PEROLADO POLAR 7,5ML",7,2.89
"ESM.IMPALA VERNIZ 7,5ML Ponto de Luz",3,4.53
ESM.RISQUE BASE FORTALECEDORA,4,4.5
ESM.RISQUE CINTILANTE CRISTAL 8ML,6,4.23
ESM.RISQUE CREMOSO ASTRAL 8ML,2,3.56
ESM.RISQUE CREMOSO BALI 8ML,7,3.58
ESM.RISQUE CREMOSO BEIJO 8ML,6,3.57
ESM.RISQUE CREMOSO BIANCO PURISSIMO 8,4,3.54
ESM.RISQUE CREMOSO LAGRIMAS VENUS 8ML,3,3.57
ESM.RISQUE CREMOSO LEO MANDOU FLORES,9,3.56
ESM.RISQUE CREMOSO MALICIA 8ML,5,3.26
ESM.RISQUE CREMOSO NUDE 8ML,6,3.54
ESM.RISQUE CREMOSO PARIS 8ML,6,3.54
ESM.RISQUE GLITER MIL PURPURINA 8ML,5,3.57
ESM.RISQUE NATURAL INCOLOR 8ML,12,3.56
ESM.RISQUE NATURAL RENDA 8ML,15,3.58
ESOMEPRAZOL MAGNESICO 20MG 28CP RANBA,11,33.32
ESOMEPRAZOL MAGNESICO 40MG 28CP NEO Q,2,44.89
ESP.BARBEAR BOZZANO PROTEC.190G HIDRA,1,15.26
ESP.BARBEAR BOZZANO PROTEC.190G REFRE,1,15.25
ESP.BARBEAR BOZZANO PROTEC.190G SENSI,1,15.2
ESP.BARBEAR NIVEA 193G DEEP BLACK,4,25.5
ESP.BARBEAR NIVEA 200ML ORIGINALS HID,2,25.11
ESP.BARBEAR NIVEA 200ML SENSITIVE,1,26.48
ESPACADOR P/MEDIC.EM AEROSSOL G-TECH,3,29.95
"ESPAR.CREMER 1,2CM X 4,5M",16,5.45
"ESPAR.CREMER 10CM X 4,5M",2,23.49
"ESPAR.CREMER 2,5CM X 4,5M",13,8.99
"ESPAR.CREMER 5CM X 4,5M",1,15.37
"ESPAR.CREMER MICROPOROSO 5X4,5CM",5,16.75
"ESPAR.MISSNER IMPERMEAVEL 10X4,5MT",4,12.93
"ESPAR.MISSNER IMPERMEAVEL 2,5X4,5MT B",9,3.42
ESPAR.MISSNER IMPERMEAVEL 5CMX4MT,9,6.56
"ESPAR.MISSNER MICROPOROSO 2,5CMX4,5MT",9,3.37
"ESPARADRAPO SALVELOX 1,2CMX4,5M SALVE",10,3.07
ESPARADRAPO SALVELOX 10CMX3M,3,11.8
"ESPARADRAPO SALVELOX 2,5CM X 90CM SAL",8,1.93
"ESPARADRAPO SALVELOX 5CMX4,5M SALVELO",12,7.26
ESPATULA MEHERJE 1UN LILAS,1,17.49
ESPATULA MERHEJE PROF.LILAS,1,2.68
ESPATULA MERHEJE PROF.ROSA,3,2.68
ESPINAZE GEL 5% 20 G BENZOILA,2,5.22
ESPIRONOLACTONA 100MG 30CP EMS,1,39.42
ESPIRONOLACTONA 25MG 30CP EUROFARMA,4,16.95
ESPIRONOLACTONA 25MG 30CP GEOLAB,1,11.02
ESPIRONOLACTONA 50MG 30CP GEOLAB,3,19.19
ESPONJA DE BANHO 132 MODELO,1,4.23
ESPONJA MAQUIAGEM GOTA MODELO,7,2.15
ESTOMADEZ ABACAXI 1 SACHE AIRELA,63,0.6
ESTOMAZIL EV 1X5G ABACAXI,36,2.04
ESTREVA GEL 50G,2,75.94
ETIRA 500MG C/30 COMP*,2,58.94
ETNA 20CAPS,1,50.74
ETNA 50CAPS,1,92.09
ETORICOXIBE 90MG C/14CP EMS,1,36.08
ETORICOXIBE 90MG C/7 CP BIOSINTETICA,2,21.59
ETORICOXIBE 90MG C/7 CP NEO QUIMICA,1,22.94
EUCERIN DERMO PURE 400G PELE MISTA,2,60.0
EUCERIN DERMO PURE 400G PELES OLEOSAS,1,61.59
EUCERIN SUN HYDROFLUID FPS60 50ML,1,74.73
EUTHYROX 112MG 50CP,2,42.33
EUTHYROX 125MG 50CP,1,31.2
EUTHYROX 137MG 50CP,2,33.19
EUTHYROX 150MG 50CP,1,33.48
EUTHYROX 175MG 50CP,1,37.64
EUTHYROX 25MG 50CP,1,21.34
EUTHYROX 50MG 50CP,1,34.28
EUTHYROX 75MG 50CP,2,35.95
EUTHYROX 88MG 50CP,2,24.69
EVRA 3 ADESIVOS,1,115.07
EXIMIA FORTALIZE KERA D 30CP,1,112.2
EXIMIA PROBIAC C/60 COMP,1,81.02
EXPECVEM XPE GUAIFENESINA 120ML,3,7.29
EXPERTISE SH SOLAR DEFENSE 250ML,2,24.64
EXPOSIS AERO ICARDINA ADULTO 100ML,5,40.19
"EXPOSIS APARELHO+REF 32,9ML 4 SEMANAS",4,27.25
EXPOSIS GEL 100ML,6,44.0
EXPOSIS SPRAY 100ML EXTREME,20,35.0
EXPOSIS SPRAY INFANTIL 100ML,14,35.0
EXTRATOR DE PIOLHO MODELO,13,7.54
EZETIMIBA+SINVASTATINA 10/20MG 30CP N,1,58.7
FACE B BODY SPLASH 100ML LADY VEGANO,2,8.95
FACE B BODY SPLASH 100ML SUNSHINE VEG,2,8.95
FACE B BODY SPLASH CHARM VEGANO 100ML,5,5.95
FACE B MOUSSE FACIAL 150ML BEAUTYLOO,3,7.95
FACE B MOUSSE FACIAL 150ML BEAUTYLOO,3,7.95
FACE B MOUSSE FACIAL 150ML BEAUTYLOO,3,7.95
FACE B MOUSSE FACIAL 150ML LOVELY COL,6,7.95
FACE B MOUSSE FACIAL 150ML LOVELY VIT,3,7.95
FACE B SERUM FACIAL 30ML ANTIACNE,4,7.95
FACOBA 5+1MG ML SOL OFT 5ML LEGRAND,2,37.72
FAMOX 20MG 10CP,1,27.18
FANTA 200ML GARRAFA LARANJA,13,1.79
FARMAIODINE TOPICO 100ML FARMAX,3,7.11
FARMAIODINE TOPICO SPRAY FARMAX 30ML,6,9.06
FEMIANE 21CP,1,49.43
FEMIBION 1 C/28 CP,1,97.12
FEMIBION 2 C/28 CP,1,129.63
FEMINA 21CP REVESTIDOS,1,35.79
FEMINIS 943MG 30CAPS,1,113.52
FEMOSTON CONTI 28CP,1,54.44
FENAFLAN GEL 60G,1,11.71
FENERGAN 25MG 20CP,3,15.98
FENOFIBRATO 200MG 30CP LEGRAND,1,65.89
FENTIZOL 600MG OVL 1APLIC,1,73.84
FENTIZOL CR 2% 40G 7APL,2,27.19
FENTIZOL DERMA CR 20G,1,24.86
FENTIZOL DERMA SPRAY 30ML,1,55.56
FERRO 100MG C30 COMP MAST,5,26.18
FERRO 50MG,1,14.96
FERRONIL 40MG 50CP TEUTO,5,5.03
FERROPURUM 20 MG INJ 5 AMP 5 ML,6,63.75
FERROVITAN C/COLINA FRUTAS SER 60ML,1,56.96
FIBERMAIS 10 SACHES 5G,1,37.41
FIBERMAIS 170G LARANJA,1,49.75
FIBERMAIS 260G,1,111.95
FIGATIL 20DR,2,22.5
FIGATIL LQ 150ML,1,51.63
FIO DENTAL DENTALIMP 100M,16,3.99
FIO DENTAL EXTRAFINO DENTALIMP 100M,6,3.99
FIO DENTAL HILLO 100M,2,4.39
FIO DENTAL HORTELA DENTALIMP 100M,1,3.99
FIO DENTAL JOHNSON 100MT ESSENCIAL ME,19,12.1
FIO DENTAL JOHNSON 50MT EXTRA FINO,1,11.29
FIO DENTAL JOHNSON 50MT MENTA,1,11.29
FIO DENTAL JOHNSON 50MT REGULAR,3,11.29
FIO DENTAL MENTA DENTALIMP 100M,2,3.99
FISIOGEL AI BALSAMO LIP.RESTAURADOR 1,1,76.5
FISIOGEL AI BALSAMO LIPID 400G,1,122.22
FISIOGEL AI CR 50G,1,37.61
FISIOGEL AI LC 100ML,1,70.16
FISIOGEL AI LC 400ML,1,153.0
FISIOGEL CR MAO E PES 50G,4,21.46
FISIOGEL CR POTE 450G,1,57.92
FISIOGEL HID PELE SECA 200G,3,40.54
FISIOGEL LC CREMOSA 100ML,1,35.66
FISIOGEL LC CREMOSA 400ML,1,90.22
FISIOGEL LC FPS50 60ML,1,61.26
FISIOGEL SAB LIQUIDO 150ML,1,53.97
FISIOGEL SAB LIQUIDO 400ML,1,94.11
FISIOGEN FERRO FORTE 30CAPS,2,102.33
FISIOTON 400MG 30CP,2,101.55
FITA DENTAL HILLO 100MT,9,5.99
"FITA.MISSNER MICROPOROSO 2,5CMX0,9MT",11,2.0
"FITA.MISSNER MICROPOROSO BEGE 2,5CMX0",10,2.52
"FITA.MISSNER MICROPOROSO BEGE 2,5CMX4",7,4.01
FITOBILOBA 120 MG 30 CP GINKGO BILOBA,2,23.41
FITOBILOBA 80 MG 30 CP GINKGO BILOBA,3,12.49
FIXADOR DE MAQUIAGEM LOVELY 150ML,1,9.95
FIXARE 30CP,1,106.9
FIXARE 60CP,1,175.19
FIXODENT 21G ORIGINAL,7,26.0
FIXODENT 39G ORIGINAL+CRM ORAL B,5,46.23
FIXODENT 68G ORIGINAL,11,42.59
FIXODENT 68G ORIGINAL 2UN,1,117.93
FLAGIMAX SUS INF 100ML BELFAR,2,12.74
FLAGYL 400MG 24CP,1,20.76
FLANAX 550MG 15CP,9,22.0
FLANAX 660MG 8CP,2,24.56
FLANCOX 400MG 10CP,1,16.28
FLANCOX 500MG 14CP,3,40.9
FLANCOX 600MG 14CP,2,50.18
FLAVENOS 900+100MG C/30 COMP,1,101.73
FLAVONID 450/50MG 30CP NEO QUIMICA,5,25.0
FLAVONID 450/50MG 60CP NEO QUIMICA,38,106.9
FLAVONID 900+100MG 30CP NEO QUIMICA,2,43.33
FLAVONID CR 200G NEO QUIMICA,3,32.89
FLEBODIA 600MG C 30CP,1,132.44
FLEBON 50MG 30CP,3,47.95
FLETOP LC 200ML,1,50.4
FLEXENEMA 130ML AIRELA,9,15.28
FLEXITREX C/60 CAPS-DEMAIS PROD,2,72.37
FLEXIVE CR 25G,1,43.9
FLIXOTIDE SPRAY 250MCG 60DOSES,1,88.73
FLOGO-ROSA 100ML,1,24.42
"FLOGO-ROSA PO EV 10X9,4G",1,32.22
FLOGORAL CR.DENTAL 70G,1,25.0
FLOGORAL PASTILHAS 12UN CEREJA,3,15.15
FLOGORAL PASTILHAS 12UN LARANJA,1,15.15
FLOGORAL PASTILHAS 12UN MENTA,2,15.15
FLOGORAL PASTILHAS 8UN MENTA,2,10.84
FLOGORAL SPR 30ML,2,22.33
FLOMICIN 100MG AD 12CL NEO QUIMICA,10,32.38
FLOMICIN 200MG 4ENV 1G NEO QUIMICA,6,22.18
FLOMICIN 200MG 6CAPS NEO QUIMICA,6,16.24
FLORATIL 100MG 12CL,5,34.83
FLORATIL AD 200MG 6CL,4,34.35
FLORATIL AT 250MG 10CL,16,53.79
FLORATIL IF 200MG 4EV,12,25.04
FLORATIL IF 200MG 6EV,5,30.84
FLORAX AD 5X5ML HEBRON,3,31.4
FLORAX IF 5X5ML HEBRON,3,24.25
FLORAX SM IF 5X5ML SABOR UVA HEBRON,2,32.64
FLORIPA SOL GOTAS 8ML,1,114.0
FLOTAC 70MG 14CP,1,31.64
FLOXICAM 20MG 15CP NEO QUIMICA,6,10.11
FLUCONAZOL 150MG 1CL MEDQUIMICA,19,8.17
FLUCONAZOL 150MG 2CL MEDQUIMICA,21,12.86
FLUCONAZOL 150MG 2CP PRATI/DONADUZZI,8,1.71
FLUIAR 600MG 16ENV AD MEDQUIMICA,1,11.53
FLUIDO RELAX PROBELLE 140ML,1,35.78
FLUIMUCIL 10% 5X3ML,1,21.25
FLUIMUCIL 600MG 16CP,1,60.5
FLUIMUCIL D 600MG GRAN.16X5G,1,57.0
FLUIMUCIL XP IF 120ML,2,39.98
FLUIR 12MG 60CP,1,92.26
FLUTINOL COL 5ML,1,23.32
"FLUX SR 1,5MG 30CP",1,20.43
FLUXTAR SR 3MG 30CP*,1,26.73
FLYNOW ISO FINI 500ML DENTADUR,3,8.49
FLYNOW ISO FINI 500ML MINHA ACID,4,8.49
FLYNOW ISO FINI 500ML UVA,1,8.49
FOLDAN PM 45G,1,38.87
FONE DE OUVIDO C/FIO IPHONE,2,30.09
FONE DE OUVIDO C/FIO P2,3,15.59
FONE DE OUVIDO C/FIO TIPO C,3,30.09
FORFIG 200MG 60CP,1,138.15
FORFIG 300MG C/30 CAP MOMENTA,1,155.6
FORITUS 500MG 14CP*,2,46.46
FORTEBOM BASE INIB ROER UNHA 9ML REF1,4,7.99
FORTEBOM BASE UNHAS DE FERRO 9ML REF1,2,7.99
FORTEVIRON 250MG 120CP,3,115.83
FORTMAGRI 1500MG 60CAP BERBERINA FORT,1,80.0
FORTMAGRI BLACK 1800MG 60CAP BERBERIN,1,75.64
FORXIGA 10MG 30CP,1,134.11
FOSFATO SODICO DE PREDNISOLONA 120ML,6,22.08
FOSFATO SODICO DE PREDNISOLONA 60ML B,5,11.2
FR HUGGIES NATCARE JUMBO RN 18UN,3,20.9
FR.BABYSEC MEGA GAL PINTADINHA G 32UN,67,30.33
FR.BABYSEC MEGA GAL PINTADINHA M 38UN,28,30.33
FR.BABYSEC MEGA GAL PINTADINHA P 42UN,5,30.34
FR.BABYSEC MEGA GAL PINTADINHA XG 30U,27,28.47
FR.BABYSEC MEGA GAL PINTADINHA XXG 28,19,30.33
FR.BABYSEC PANTS GALINHA PINT G 16UN,8,20.25
FR.BABYSEC PREMIUM HIPER G 60UNID,6,65.8
FR.BABYSEC PREMIUM HIPER M 68 UNID.,4,65.8
FR.BABYSEC PREMIUM HIPER SHORT G48UN,12,62.52
FR.BABYSEC PREMIUM HIPER SHORT M60,5,62.52
FR.BABYSEC PREMIUM HIPER SHORT XG42,3,61.37
FR.BABYSEC PREMIUM HIPER XG 56 UNID,4,65.8
FR.BABYSEC PREMIUM HIPER XXG 52UN,2,65.8
FR.BABYSEC PREMIUM MEGA G 26UN,13,31.0
FR.BABYSEC PREMIUM MEGA M 32UN,6,31.0
FR.BABYSEC PREMIUM MEGA P 34UN,7,29.38
FR.BABYSEC PREMIUM MEGA SHORT XG22,4,32.26
FR.BABYSEC PREMIUM MEGA XG 24UN,2,31.0
FR.BABYSEC PREMIUM MEGA XXG 24UN,4,31.0
FR.BABYSEC SHORTINHO MEGA G 22UN,12,23.99
FR.BABYSEC SHORTINHO MEGA G 28UN,4,37.22
FR.BABYSEC SHORTINHO MEGA M 30UN,4,37.22
FR.BABYSEC SHORTINHO MEGA XG 20UN,6,23.99
FR.BABYSEC SHORTINHO MEGA XXG 20UN,6,37.2
FR.BABYSEC ULTRA GAL PINTADINHA G 18U,9,17.5
FR.BABYSEC ULTRA GAL PINTADINHA M 18U,9,17.5
FR.BABYSEC ULTRA GAL PINTADINHA P 20U,11,17.0
FR.BABYSEC ULTRA GAL PINTADINHA XG 12,8,17.0
FR.BABYSEC ULTRA GAL PINTADINHA XXG 1,8,17.0
FR.BABYSEC ULTRA GAL SHRT MEGA G 22UN,5,23.86
FR.BABYSEC ULTRA GAL SHRT MEGA M/26UN,6,23.86
FR.BABYSEC ULTRA GAL SHRT MEGA XG 20U,2,23.86
FR.BABYSEC ULTRA GAL SHRT MEGA XXG 20,8,23.86
FR.BABYSEC ULTRA HIPER G 64UN,22,51.95
FR.BABYSEC ULTRA HIPER M 72UN,10,51.95
FR.BABYSEC ULTRA HIPER XG 60UN,16,51.95
FR.BABYSEC ULTRA HIPER XXG 48UN,7,51.95
FR.BABYSEC ULTRA HIPER XXXG 42,6,51.95
FR.BABYSEC ULTRA SEC GAL PIN.SHORT XX,3,15.89
FR.BABYSEC ULTRA SEC GAL PINT.SHORT M,2,15.89
FR.BABYSEC ULTRA SEC GAL PINT.SHORT X,13,15.89
FR.GERIAT.TENA PANTS CONFORTT G/EG C/,1,46.99
FR.GERIATRICA BIGFRAL DERMA NOTUR G 1,4,49.99
FR.GERIATRICA BIGFRAL DERMA PLUS GD 7,64,23.18
FR.GERIATRICA BIGFRAL DERMA PLUS XG 1,2,43.68
FR.GERIATRICA BIGFRAL DERMA PLUS XG 7,23,17.0
FR.GERIATRICA BIGFRAL MOV FEM G/XG 7U,1,20.43
FR.GERIATRICA BIGFRAL MOV FEM P/M 7UN,4,20.43
FR.GERIATRICA BIGFRAL MOV G/XG 16UN,7,42.89
FR.GERIATRICA BIGFRAL MOV G/XG 7UN,1,21.44
FR.GERIATRICA BIGFRAL NOTURNA M 16UN,3,50.65
FR.GERIATRICA BIGFRAL NOTURNA MD 8UN,4,27.1
FR.GERIATRICA BIGFRAL NOTURNA XG 16UN,7,50.65
FR.GERIATRICA BIGFRAL NOTURNA XG 7UN,6,24.06
FR.GERIATRICA BIGFRAL PANTS G/XG 16UN,7,53.17
FR.GERIATRICA BIGFRAL PANTS PQ/MD 7UN,11,20.28
FR.GERIATRICA CONFORT MASTER EG 7UN,3,17.33
FR.GERIATRICA CONFORT MASTER G 8UN,6,17.33
FR.GERIATRICA CONFORT MASTER M 30UN,4,49.49
FR.GERIATRICA CONFORT MASTER M 8UN,6,15.34
FR.GERIATRICA CONFORT PANTS P/M 16UN,4,29.42
FR.GERIATRICA GERIATEX PREMIUM G 7UN,2,20.1
FR.GERIATRICA GERIATEX PREMIUM M 9UN,3,19.8
FR.GERIATRICA PLENITUD ACT FEM 8UN G/,3,28.27
FR.GERIATRICA PLENITUD ACT FEM 8UN P/,1,28.76
FR.GERIATRICA PLENITUD CLASSIC 16UN P,3,46.0
FR.GERIATRICA PLENITUD CLASSIC GXG 16,1,48.0
FR.GERIATRICA PLENITUD PRO PLUS 16UN,4,49.36
FR.GERIATRICA PLENITUD PRO PLUS 16UN,3,50.44
FR.GERIATRICA PLENITUD PRO PLUS 8UN G,4,23.88
FR.GERIATRICA PLENITUD PRO PLUS 8UN P,3,27.0
FR.HUGGIES SUPREME CARE HIPER G C/66,1,76.0
FR.HUGGIES SUPREME CARE HIPER M C/72,3,72.82
FR.HUGGIES SUPREME CARE HIPER XG C/56,1,76.0
FR.HUGGIES SUPREME CARE MEGA MD 40UN,6,42.44
FR.HUGGIES TRIPLA PROT.MEGUINHA GD 30,1,31.49
FR.HUGGIES TRIPLA PROT.MEGUINHA MD 36,2,28.42
FR.HUGGIES TRIPLA PROT.MEGUINHA XG.28,6,28.88
FR.HUGGIES TRIPLA PROT.MEGUINHA XXG 2,2,28.47
FR.HUGGIES TRIPLA PROTECAO HIPER XG 6,3,87.66
FR.LOONEY TUNES JUMBINHO GD 14UN,21,12.3
FR.LOONEY TUNES JUMBINHO MD 16UND,9,12.3
FR.LOONEY TUNES JUMBINHO XG 14UN,10,12.3
FR.LOONEY TUNES JUMBINHO XXG 12UN,13,12.24
FR.LOONEY TUNES MEGA G 26UN,20,22.98
FR.LOOPING LOONEY TUNES HIPER XG 42UN,4,31.1
FR.LOOPING LT MEGA M/32,12,19.28
FR.LOOPING LT MEGA P/36,12,18.87
FR.LOOPING LT MEGA XG/22,7,18.87
FR.LOOPING MAXI COMFORT HYPER GD 46UN,11,30.71
FR.MONICA BABY MEGA GD 44UN,1,34.0
FR.MONICA BABY MEGA XG 42UN,4,34.0
FR.MONICA BABY MEGA XXG 36UN,6,34.0
FR.MONICA TRIPLA PROTECAO JUMBIN.RN 1,4,12.59
FR.MONICA TRIPLA PROTECAO JUMBINHO G,10,12.59
FR.MONICA TRIPLA PROTECAO JUMBINHO M,2,12.59
FR.MONICA TRIPLA PROTECAO JUMBINHO P,5,12.59
FR.MONICA TRIPLA PROTECAO JUMBINHO XG,6,12.59
FR.MONICA TRIPLA PROTECAO JUMBINHO XX,4,12.81
FR.PAMPERS CONFORTSEC SUPER G 60UN,4,83.73
FR.PAMPERS CONFORTSEC SUPER M 70UN,3,82.71
FR.PAMPERS CONFORTSEC SUPER P 72UN,1,82.86
FR.PAMPERS CONFORTSEC SUPER XG 58UN,3,82.58
FR.PAMPERS CONFORTSEC SUPER XXG 56UN,1,82.57
FR.PAMPERS P/BANHO SPLASHERS G,1,28.53
FR.PAMPERS P/BANHO SPLASHERS M,6,28.53
FR.PAMPERS P/BANHO SPLASHERS XG,1,28.53
FR.PAMPERS PANTS PANTS AJ.TOTAL M 84U,2,100.88
FR.PAMPERS PANTS PANTS AJ.TOTAL XG 66,1,109.11
FR.PAMPERS PANTS PANTS AJ.TOTAL XXG 6,2,100.88
FR.PAMPERS PREMIUM CARE JUMBO G 68 UN,2,127.97
FR.PAMPERS PREMIUM CARE JUMBO XXG 56,1,127.93
FR.PAMPERS SUPERSEQUINHA JUMBO M 90UN,1,62.61
FR.PAMPERS SUPERSEQUINHA SUPER G 60UN,4,54.7
FR.PAMPERS SUPERSEQUINHA SUPER M 68UN,1,53.53
FR.PAMPERS SUPERSEQUINHA SUPER XXG 50,3,54.41
FR.PERSONAL BABY GIGA G 78UN,7,56.21
FR.PERSONAL BABY GIGA HIPER G 60UN,6,45.16
FR.PERSONAL BABY GIGA HIPER M 70UN,6,45.16
FR.PERSONAL BABY GIGA HIPER XG 50UN,7,45.16
FR.PERSONAL BABY GIGA HIPER XXG 50UN,6,45.16
FR.PERSONAL BABY GIGA M 90UN,4,56.21
FR.PERSONAL BABY GIGA XG 66UN,2,56.21
FR.PERSONAL BABY JUMBINHO G 14UN,2,11.21
FR.PERSONAL BABY JUMBINHO M 16UN,1,11.21
FR.PERSONAL BABY JUMBINHO P 18UN,8,11.21
FR.PERSONAL BABY JUMBINHO XG 12UN,12,11.21
FR.PERSONAL BABY JUMBINHO XXG 12UN,6,11.21
FR.PERSONAL BABY JUMBO GD 22UN,4,17.61
FR.PERSONAL BABY JUMBO MD 26UN,3,17.61
FR.PERSONAL BABY JUMBO XG 18UN,12,17.61
FR.PERSONAL BABY JUMBO XXG 16UN,7,17.61
FR.PERSONAL BABY MEGA G L34P32,9,26.75
FR.PERSONAL BABY MEGA M 40UN,8,32.47
FR.PERSONAL BABY MEGA P 44UN,6,25.86
FR.PERSONAL BABY MEGA XG 28UN,8,34.5
FR.PERSONAL BABY MEGA XXG 28UN,8,34.5
FRISIUM 20MG 20CP *,2,24.18
"FRONTAL 0,25MG 30CP *",1,29.73
"FRONTAL 0,5MG 30CP *",1,54.51
"FRONTAL XR 0,5MG 30CP*",1,36.94
FRUIT-TELLA 10UN CHEWY SOUR 40G,15,2.46
FRUIT-TELLA 10UN LEITE CONDENSADO,4,2.45
FRUIT-TELLA 10UN MORANGO,41,2.3
FRUIT-TELLA 10UN MORANGO/CR.LEITE,9,2.45
FRUIT-TELLA 10UN VIT C+SUCO DE FRUTAS,15,2.45
FRUTILLY KIBON MORANGO,25,4.46
FUMAGUM MENTA 2MG C 36 GOMAS,2,47.33
FUMAGUM MENTA 4MG C 36 GOMAS,2,50.06
FUMARATO DE QUETIAPINA 100MG 30CP*EMS,2,239.48
FUMARATO DE QUETIAPINA 100MG 30CP*TEU,1,107.73
FUMARATO DE QUETIAPINA 25MG 30CP*GEOL,4,38.25
FUMARATO DE QUETIAPINA 25MG 30CP*TEUT,9,35.48
FUMASIL 300MG C/60 COMP,2,57.21
FUNCHICOREA 3G,1,43.22
FUROATO DE MOMETASONA SPR NAS C/120 E,2,32.23
FUROATO DE MOMETASONA SPR NAS C/60 EU,1,25.83
FUROSEMIDA 40MG 30CP BIOSINTETICA,4,12.8
FUROSEMIDA 40MG 30CP NEO QUIMICA,11,12.75
GABALLON 20CP,1,28.55
GABAPENTINA 300MG 30CP BIOSINTETICA,1,84.46
GABAPENTINA 300MG 30CP EMS,1,85.01
GABAPENTINA 400MG 30CP BIOLAB,1,83.34
GALAK 80G,5,9.11
GAMALINE V 30CL HERBARIUM,1,109.69
GAPEM 300MG C 30 CAP,1,50.66
GARDENAL 100MG 20CP *,11,10.94
GARDENAL 50MG 20CP *,12,5.93
GARDENAL GT IF 20ML *,12,7.38
GARNIER GEL LIMP UNIF&MAT 150G,3,21.2
GARNIER ST LIQ FACIAL 120GR UNIF&MATT,1,23.99
GARRAFA TERMICA 270ML TIGRE CANUDO,1,68.85
GARRAFA TERMICA 350ML PRINCESAS CANU,1,68.85
GASTROGEL 12CP H.ALUM+MAG+SIM MEDQUIM,108,4.42
GASTROGEL DE BOLSO 10ML MEDQUIMICA,148,0.99
GASTROGEL TABS 20CP MEDQUIMICA,1,11.12
GASTROL 10 PASTILHAS MASTIGAVEL NEO Q,14,4.94
GASTROL 20 PASTILHAS,4,9.8
GATORADE LARANJA 500ML,1,5.49
GAZIA 40MG 28CP,1,35.74
GEL BARB DR JONES AFTER SHAVE 75ML,3,31.92
GEL COLA SHOXX 490G BLACK,5,15.99
GEL DE ARNICA EXTRA FORTE 200G TEUTO,4,7.95
GEL DE LIMPEZA 350ML PRINCIPIA,3,37.73
GEL DE LIMPEZA COLAGENO LOVELY 200ML,3,5.95
GEL DE LIMPEZA ROSA MOSQ LOVELY 200ML,2,5.95
GEL DEF.SALON LINE 550G AZEITE DE OLI,3,21.2
GEL DENTAL SUPER 12H 90G FRUT VERM/ME,4,7.01
GEL DENTAL SUPER 12H 90G FRUTAS TROPI,5,7.01
GEL DENTAL SUPER 12H 90G MELAO/MENTA,4,7.01
GEL FIX FIXED 240G AZUL MODELADOR,3,3.93
GEL FIX FIXED 240G INCOLOR MODELADOR,3,4.63
GEL FIX FIXED 240G ROSA MODELADOR,4,3.93
GEL FIX FIXED 250G AZUL MODELADOR,5,3.93
GEL FIX FIXED 250G INCOLOR MODELADOR,2,3.93
GEL FIXADOR BOZZANO 300G B.MOLHADO,2,10.03
GEL FIXADOR BOZZANO 300G FS AMARELO,3,10.84
GEL FIXADOR KANECHOM 230G AMARELO,3,5.29
GEL FIXADOR KANECHOM 230G AZUL,6,5.29
GEL FIXADOR KANECHOM 230G INCOLOR,5,5.29
GEL FIXADOR KANECHOM 230G VERDE,2,5.12
GEL HIDRATANTE FACIAL VULT 100G REFRE,1,16.65
GEL HIDRATANTE GH-01 50G,4,41.58
GEL LIMP FAC GARNIER U&M ANTIACNE 150,1,24.0
GEL LIMP FACIAL VULT 150G ANTIOLEOSID,2,13.31
GEL LIMP FACIAL VULT 150G ANTIOXIDANT,1,13.31
GEL LUBRIFICANTE JONTEX 100G EXTRA HI,1,30.0
GEL LUBRIFICANTE JONTEX 100G NEUTRO,2,30.0
GEL LUBRIFICANTE JONTEX 100G ORIGINAL,2,30.0
GEL LUBRIFICANTE JONTEX 10G INTENSE,1,20.29
GEL LUBRIFICANTE JONTEX 10G INTENSE,1,20.07
GEL LUBRIFICANTE JONTEX 50G 3 EM 1,3,15.0
GEL LUBRIFICANTE JONTEX 50G NEUTRO,2,17.0
GEL LUBRIFICANTE JONTEX 50G PELE C/PE,1,20.0
GEL MASSAGEADOR EXTRA FORTE APINIL 20,3,5.99
GEL MASSAGEADOR SEBO DE CARNEIRO AP.1,3,5.99
GELACOLA SALON LINE CACH ICNONICOS 50,2,18.61
GELACOLA SALON LINE XEROSA 500G GLAMO,3,18.61
GELATINA CAPILAR BEAUTYLOO MORANGO 50,2,6.95
GELATINA CAPILAR BEAUTYLOO TUTTI F 50,3,6.95
GELATINA CAPILAR BEAUTYLOO UVA 500G,2,6.95
GELATINA SALON LINE BAUNILHA DOCE 500,4,20.87
GELATINA SALON LINE BOB ESPONJA 400G,3,15.87
GELATINA SALON LINE DEFIN C.OSTENT 55,2,21.2
GELATINA SALON LINE KIDS DEFIN DOCE 5,3,17.18
GELATINA SL ANTIFRIZZ KIDS MELAO 550G,2,20.0
GELATINA SL ATIV KIDS MELANCIA #TDC 5,2,20.0
GELATINA SL CHOCOLATE #TDC 550G,2,20.0
GELATINA SL KIDS ACAI DEFINIDORA 550,2,20.0
GELATINA SL KIDS HIDRAT MARACUJA 550G,2,20.0
GELATINA SL KIDS MORANGO DESEMBARAC 5,4,20.0
GELATINA SL MOD KIDS UVA #TDC 550G,3,20.0
GELATINA SL TDC 200G SUPER DEFINICAO,2,11.69
GELATINA SL TDC 200G SUPER FIXACAO,2,11.69
GELEIA BOOM DEF INTENSA 500G,2,19.79
GELEIA SEDA BOOM VOLUME MAXIMO 500G,1,19.37
GELOL AER 60ML,2,26.92
GELOL PM 20G,2,14.22
GEROVITAL 60DRG EMS,2,62.64
"GESICO DUO 37,5+325MG 10CP",2,18.77
"GESICO DUO 37,5+325MG 20CP",1,35.46
GESTAMAX GOLD C 30 CAPS,2,87.0
"GESTINOL 75/0,3MG 28CP",2,37.3
GINESSE 21CP,2,32.74
GINNA CR.VAGINAL 40G C/7APLIC.,1,40.41
GINO BIOTTA C/15 CAPS,1,77.42
GINO CANESTEN 1 1CP/1AP VAG.,1,80.54
GINO CANESTEN BALANCE 7 APL 5ML,2,67.41
GINO CANESTEN CALM SAB.LIQUIDO 100ML,2,32.87
GINO CANESTEN CR VAG 20G 3APLIC.,1,64.82
GINO CANESTEN CR VAG 35G 6APLIC.,1,58.53
GINO CANESTEN PURO CUIDADO 200ML,2,18.68
"GINO CANESTEN SAB CALM L2 P1,5 KIT",1,48.65
GINO CANESTEN TRI CUIDADO 200ML,4,18.68
GINO COLON CR VAG.45G+APLIC GEOLAB,4,32.29
GINO MIZONOL CR VAG.80G+APLIC GEOLAB,2,28.37
"GLAMIGAN RC 0,1MG ML C 3 ML",1,86.56
"GLAUB 0,2% SL 5ML",1,60.02
"GLAUB MD 0,1% SL 5ML",1,30.0
"GLAUCOTRAT 0,5 SL 5ML.",3,9.07
GLIBENCLAMIDA 5MG 30CP NEO QUIMICA,43,2.51
GLIBENCLAMIDA 5MG 30CP PRATI DONADUZZ,22,1.4
GLICEFOR 850MG 30CP GEOLAB,26,5.31
GLICEL PEDIATRICO 6SUP,3,13.92
GLICEMIX 6 SUP GLOBO,2,7.11
"GLICENIX LACTENTE SUP 0,92",1,6.73
GLICERINA 100ML FARMAX,5,5.99
GLICERINA 100ML UNIPHAR,12,5.99
GLICLAZIDA 30MG 30CP TORRENT,2,6.48
GLICLAZIDA 60MG 30CP PHARLAB,3,23.07
GLIFAGE 1000MG 30CP,3,32.06
GLIFAGE XR 1G 30CP,3,44.64
GLIFAGE XR 500MG 30CP,61,7.15
GLIFAGE XR 750MG 30CP,2,22.88
GLIFAGE XR 850MG 30CP,5,23.51
GLIMEPIRIDA 2MG 30CP GEOLAB,3,5.09
GLIMEPIRIDA 4MG 30CP EUROFARMA,3,36.37
"GLINK MET 2,5+500MG C 60 COMP",1,140.19
GLOSS BEAUTYLOO MELANCIA,31,6.5
GLOSS BEAUTYLOO MORANGO,27,6.5
GLOSS BEAUTYLOO TUTTI FRUTTI,29,6.5
GLOSS BEAUTYLOO UVA,24,6.5
GLOSS FACE BEAUTIFUL KIWI,24,5.95
GLOSS FACE BEAUTIFUL MELANCIA,10,5.95
GLOSS FACE BEAUTIFUL PESSEGO,22,5.95
GLOSS FACE BEAUTIFUL PITAYA,22,5.95
"GLOSS NIINA SECRETS BRONZE 5,2ML EURO",12,31.16
GLUCERNA 400G BAUNILHA,1,83.87
GLUCERNA SR BAUNILHA 850G,1,150.12
GLUCOVANCE 500/5MG 30CP,1,32.0
GLYCARE CONTROL ESPUMA DE LIMP 150ML,1,56.98
GLYCARE CONTROL GEL DE LIMP 150G,2,46.07
GLYCARE CONTROL SOL ANTIOL 100ML,1,53.75
GLYCARE DUO 120G,1,72.9
GLYCARE INTENSE FR 150G,1,46.07
GLYCARE INTENSE GEL DE LIMP 300G,1,67.87
GLYCARE LOCAO 120ML,1,83.68
GLYCARE SAB.LIQUIDO 150ML,1,49.08
GOTAS BINELLI 10ML,2,19.71
GRACIAL CONT.22CP,1,33.83
GRAMPO P/CABELO IMPERADOR N7 100UN LO,3,11.99
GRAMPO P/CABELO IMPERADOR N7 100UN PR,6,11.25
GRAMPO P/CABELO LA-LUPE N7 100UN CAST,2,11.14
GRAMPO P/CABELO LA-LUPE N7 100UN LOIR,3,11.11
GRANADO CERA NUTRITIVA UNHAS/CUTICULA,1,22.41
GRANADO ESFOL.DE PEDRA POMES PINK 80G,2,16.6
GRANADO GEL PES E PERNAS REFR.PINK 12,2,25.03
"GRANADO S.O.S CUTICULAS PERFEITAS 3,5",2,19.98
GRANOLA PREMIUM TRADICIONAL 200G,3,21.27
GRANOLA PREMIUM ZERO ACUCAR 200G,3,27.1
GRANOLA PRO CAPPUCCINO 200G,3,29.67
GRECIN 5 CASTANHO 60ML,2,23.77
GRECIN 5 CASTANHO CLARO 60ML,2,23.77
GRECIN 5 CASTANHO ESCURO 60ML,1,21.91
GRECIN 5 CASTANHO MEDIO ESCURO 60ML,1,21.91
GRECIN 5 PRIMEIROS GRISALHOS CAST.CLA,1,32.0
GRECIN 5 PRIMEIROS GRISALHOS CAST.ESC,1,32.0
GRECIN 5 PRIMEIROS GRISALHOS CASTANHO,2,32.0
GRECIN 5 PRIMEIROS GRISALHOS PRETO,2,32.0
GRIPENEW 250MG 6CP,1,1.02
GUACOFLUS XP 150ML AIRELA,2,6.97
GUAIFENESINA CEREJA XP 120ML NEO QUIM,7,16.9
GYNAZOLE 2% CR 5G 1 APLIC.,1,65.02
GYNO-IRUXOL PM 30G,1,41.03
GYNOMAX CR 35G 7 APLIC.,1,85.0
GYNOPAC CR 35G 7 APLIC.+ 2CP,1,71.64
HAIR SPRAY ASPA 400ML,2,20.5
HALDOL GT 30ML *,1,10.93
HALLS DROPS 10UN CEREJA,13,1.37
HALLS DROPS 10UN EXTRA FORTE,13,1.41
HALLS DROPS 10UN MELANCIA,7,1.41
HALLS DROPS 10UN MENTA PRATA,21,1.45
HALLS DROPS 10UN MENTHOL,4,1.45
HALLS DROPS 10UN MORANGO,51,1.46
HALLS DROPS 10UN UVA VERDE,8,1.37
HALOBEX CR 30G,1,15.67
HASTE FLEXIVEL COTTON LINE 75UN,2,1.59
HASTE FLEXIVEL COTTONBABY 150UN,4,3.75
HASTE FLEXIVEL COTTONBABY 50UN,1,5.17
HASTE FLEXIVEL COTTONBABY 75UN,26,1.43
HASTES FLEXIVEIS NATHY 75UN,20,1.89
HAV BRASIL BRANCO 37/38,9,30.0
HAV BRASIL BRANCO 39/40,3,30.0
HAV BRASIL BRANCO 41/42,1,30.0
HAV BRASIL BRANCO 43/44,4,30.0
HAV BRASIL BRANCO 45/46,1,30.0
HAV BRASIL PRETO 41/42,3,30.0
HAV BRASIL PRETO 43/44,3,30.0
HAV BRASIL VAI BRASIL AMARELO POP 29/,1,30.0
HAV BRASIL VAI BRASIL AMARELO POP 31/,1,30.0
HAV BRASIL VAI BRASIL AMARELO POP 33/,2,30.0
HAV BRASIL VAI BRASIL AMARELO POP 35/,1,30.0
HAV BRASIL VAI BRASIL AMARELO POP 37/,1,30.0
HAV BRASIL VAI BRASIL AMARELO POP 39/,4,30.0
HAV BRASIL VAI BRASIL AMARELO POP 41/,5,30.0
HAV BRASIL VAI BRASIL AMARELO POP 43/,6,30.0
HAV BRASIL VAI BRASIL AMARELO POP 45/,3,30.0
HAV COLOR ESSENTIAL AREIA 45/46,1,17.38
HAV KIDS ATHLETIC BRANCO/AZ NAVAL 35/,1,22.0
HAV KIDS FLORES LAVANDA 25/26,1,22.0
HAV KIDS S PRINCESS ROSA GLOW 27/38 2,1,33.0
HAV KIDS SUPER FRESH BUTTERCREAM 23/2,1,22.0
HAV SLIM AZUL BRILLHANTE 35/36,4,28.0
HAV SLIM AZUL BRILLHANTE 37/38,3,28.0
HAV SLIM BRANCO 35/36,4,28.0
HAV SLIM N.B DISNEY AMARELO POP 19,1,29.0
HAV SLIM N.B ROSA GLOW 19,1,29.0
HAV SLIM N.B ROSA GLOW 20,1,29.0
HAV SLIM N.B ROSA GLOW 21,1,29.0
HAV SLIM N.B ROSA GLOW 22,1,29.0
HAV SLIM PRETO 35/36,3,28.0
HAV SLIM PRETO 41/42,2,28.0
HAV SLIM ROSA CHIFFON 35/36,2,28.0
HAV SLIM ROSA CHIFFON 37/38,2,28.0
HAV SLIM ROSE GOLD 35/36,1,28.0
HAV SLIM ROSE GOLD 37/38,2,28.0
HAV TOP ALOHA PT/PT/PT 45/46,1,17.38
HAV TOP AZUL NAVAL 33/34,1,17.4
HAV TOP AZUL NAVAL 35/36,2,17.4
HAV TOP AZUL NAVAL 37/38,4,17.4
HAV TOP AZUL NAVAL 39/40,2,17.38
HAV TOP AZUL NAVAL 41/42,3,17.38
HAV TOP AZUL NAVAL 43/44,1,17.38
HAV TOP AZUL NAVAL 45/46,2,17.4
HAV TOP BRANCA 33/34,3,17.38
HAV TOP BRANCA 35/36,10,17.4
HAV TOP BRANCA 37/38,17,17.38
HAV TOP BRANCA 39/40,4,17.38
HAV TOP BRANCA 43/44,5,17.38
HAV TOP BRANCA 45/46,8,17.38
HAV TOP MARINHO 39/40,2,17.4
HAV TOP MARINHO 45/46,1,17.4
HAV TOP MAX COMFORT BC/BC/AZ 39/40,2,38.0
HAV TOP MAX COMFORT BC/BC/AZ 43/44,5,38.0
HAV TOP PRETA 33/34,2,17.38
HAV TOP PRETA 37/38,4,17.38
HAV TOP PRETA 39/40,5,17.4
HAV TOP PRETA 43/44,12,17.38
HAV TOP ROSA BALLET 35/36,1,17.38
HAV TOP ROSA BALLET 41/42,1,17.4
HAV TOP ROSE GOLD 35/36,1,17.4
HAV TOP TURQUESA 43/44 2024,3,17.4
HELMIZOL 250MG 20CP TEUTO*,2,7.47
"HEMIF.DE BISOPROLOL 2,5MG 30CP TORREN",1,10.19
HEMIF.DE BISOPROLOL 5MG 30CP NEO QUIM,5,25.72
HEMITARTARATO DE ZOLPIDEM 10MG 20CP E,9,6.59
HEMITARTARATO DE ZOLPIDEM 10MG 20CP N,10,5.68
HEMITARTARATO DE ZOLPIDEM 10MG 30CP T,5,3.78
HEMOLIP C 30 CP,1,86.04
HEMORROYDINA 25G ARTE NATIVA,3,10.44
HENE DA AMAZONIA GEL PRETO FORTE 180G,6,7.98
HENE DA AMAZONIA GEL PRETO MEDIO 180G,2,7.98
HENE DA AMAZONIA POUCH PRETO AZULADO,1,8.55
HIDANTAL 100MG 25CP *,11,8.61
HIDR.CORPORAL VULT 150ML HIDRALURONIC,3,12.31
HIDR.CORPORAL VULT 150ML PELE SECA,3,13.07
HIDR.CORPORAL VULT 200ML HIALURONIC F,3,10.9
HIDR.CORPORAL VULT 200ML HIDRALURONIC,3,10.9
HIDR.CORPORAL VULT 350ML COLAGENO,2,15.25
HIDR.CORPORAL VULT 350ML HIALU+GLICER,2,15.25
HIDRA.CORPORAL BEAUTYLOO MORANGO 200M,1,6.95
HIDRa.CORPORAL BEAUTYLOO TUTTI FR 200,2,6.95
HIDRA.FACIAL DOVE DIURNO REGEN.FPS30,1,52.4
HIDRABENE BODY SPLASH 200ML CHARM WAY,11,22.55
HIDRABENE BODY SPLASH 200ML FILE BLOO,11,22.55
HIDRABENE BODY SPLASH 200ML ICONIC FA,10,22.55
HIDRABENE BODY SPLASH 200ML VELVET VA,9,22.55
HIDRABENE BODY SPLASH 50ML CHARM WAY,1,1.0
HIDRABENE BODY SPLASH 50ML FINE BLOOM,1,1.0
HIDRABENE BODY SPLASH 50ML ICONIC FAM,1,1.0
HIDRABENE BODY SPLASH 50ML VELVET VAN,1,1.0
HIDRADEEP DAILY PROFUSE 400G,1,69.68
HIDRADEEP GEL DE BANHO PROFUSE 400G,2,50.3
HIDRADEEP INTENSIVE 400G,1,62.55
HIDRALYTE AGUA DE COCO 500ML,1,7.51
HIDRALYTE GUARANA 500ML,1,7.86
HIDRALYTE TUTTI-FRUTTI 500ML,2,7.13
"HIDRAPLEX LARANJA 27,9G 4EV NATULAB",1,12.32
HIDRAT FACIAL GARNIER 85G ANTIACNE,2,23.99
HIDRAT FACIAL GARNIER 85G ANTIMARCAS,3,22.36
HIDRAT FACIAL GARNIER 85g ANTISSINAIS,4,20.91
HIDRAT.PHYTOERVAS 200ML INTENSE LOVE,1,10.23
HIDRAT.PHYTOERVAS 200ML SEXY GIRL,1,10.23
HIDRAT.VASENOL 200ML CALMMING,2,20.0
HIDRAT.VASENOL 200ML MAOS & UNHAS,1,20.0
HIDRAT.VASENOL 200ML NUTRICAO,2,11.31
HIDRAT.VASENOL CLINICAL 200ML,2,33.49
HIDRATANTE ANTIATRITO CORPORAL 75G SA,2,55.14
HIDRATANTE ANTIOLEOSIDADE FACIAL 40G,3,56.06
HIDRATANTE CORPORAL MELANCIA 200ML,2,6.95
HIDRATANTE FACIAL 40G SALLVE,2,51.13
HIDRATANTE FACIAL FACE BEAUTIFUL POS-,2,7.45
HIDRATANTE FACIAL FACE BEAUTIFUL PRE-,1,7.45
HIDRATANTE LABIAL BEAUTYLOO UVA,21,4.95
HIDRATANTE LOVELY KIWI/C.VERDE 200ML,2,6.95
HIDRATANTE LOVELY MAR/CAMOMILA 200ML,2,6.95
HIDRATEEE MAX PRO ZINCO 4 COCO PREVEN,1,6.67
HIDRATEEE MAX PRO ZINCO 4 SACHE UVA,1,7.99
HIDRION 20CP,1,22.86
HIDRION 30CP,1,33.66
HIDROCLOROTIAZIDA 25MG 30CP,55,2.14
HIDROCLOROTIAZIDA 25MG 30CP NEO QUIMI,78,2.4
HIDROCLOROTIAZIDA 50MG 20CP NEO QUIMI,16,3.71
HIDROQUINONA 40MG GEL 30G LEGRAND,1,38.55
HIPOGLOS PM 120G,3,40.71
HIPOGLOS PM 40G,4,16.92
HIPOGLOS PM AMENDOAS 40G,2,18.4
HIPOGLOS PM AMENDOAS 80G,1,27.85
HIPOGLOS PM TRANSPARENTE 120GR,2,50.07
HIPOGLOS PM TRANSPARENTE 30GR,4,18.75
HIRUDOID 300MG GEL 40G,2,33.59
HIRUDOID 500MG GEL 40G,2,37.77
HIRUDOID 500MG PM 40G,1,36.77
HISTAMIN 2MG 20CP NEOQUIMICA,15,9.88
HISTAMIN CR 30G NEO QUIMICA,4,12.35
HISTAMIN XP 100ML NEOQUIMICA,53,14.18
HIXIZINE 30CP,1,54.31
HIXIZINE XP 120ML,1,35.83
HOLMES 20MG C/30CP,1,38.52
HOLMES 40MG C/30 CP,1,40.5
"HOLMES H 20/12,5MG 30CP",2,42.06
"HOLMES H 40/12,5MG 30CP",1,72.08
HOLMES H 40/25MG 30CP,2,67.76
HUMECTOL D 20DR,3,14.0
"HYABAK 0,15% 10ML.",2,67.61
HYALUFEM 24G + 8 APLIC GEL,2,96.39
HYDRAPORIN AI 120G,1,86.89
HYLO GEL 10ML,2,101.01
IAMO FIO DENTAL C/HASTES E ESTOJO C/5,3,6.3
IBANDRONATO DE SODIO 150MG 1CP EUROFA,2,21.13
IBANDRONATO DE SODIO 150MG 1CP GERMED,1,21.4
IBUPRIL 300MG 20CP TEUTO,4,9.53
IBUPRIL 400MG 10CAPS TEUTO,5,12.83
IBUPRIL 400MG 3CAPS TEUTO,9,4.5
IBUPROFENO 600MG 10CPS MEDQUIMICA,1,6.66
IBUPROFENO GT 100MG 20ML GEOLAB,24,11.9
IBUPROFENO GT 100MG 20ML GERMED,6,15.07
IBUPROFENO GT 100MG 20ML MEDQUIMICA,2,3.03
IBUPROFENO GT 50MG 30ML GEOLAB,1,10.12
ICACORT CR 30G,3,26.38
ICADEN CR 20G,1,41.9
IDEAL SOLEIL FPS70 200ML HIDRA SOFT,1,99.83
"ILUMINADOR VULT 6,5G FUN DOURADO RADI",1,14.88
IMECAP HAIR MAX 30CP,1,40.24
IMECAP HAIR MEN LOCAO 100ML,1,34.3
IMECAP REDUTOR DE MEDIDAS CREME 170G,1,44.72
IMESCARD POMADA 25G,1,22.55
IMOSEC 12CP *,3,8.45
IMPORTS UNHA POSTICA MC INFANTIL DECO,21,5.0
IMUNOGLUCAN DS 30 CAPS,1,81.25
IMUNOGLUCAN DS SUSP ORAL 150ML,1,58.09
INALIDE 32 MCG 120 SUS.NASAL MULTILAB,1,15.9
INALIDE 64 MCG 120 SUS.NASAL MULTILAB,1,27.4
"INDAPAMIDA 1,5MG 30CP EUROFARMA",7,20.95
"INDAPEN SR 1,5MG 30CP",2,31.16
INDOCID 25MG 30CP,1,20.59
INDOCID 50MG 30CP,1,36.8
INDUX 50MG 10CP,2,25.01
INFRALAX 15CP EMS,7,4.95
INILOK 40MG C/30 COMP,1,59.11
INILOK 40MG C/60 COMP,1,92.3
INOAR AMPOL CICATRIFIOS 45ML 12X1,4,8.8
INOAR COND MEU CACHO CRUSH 500ML,2,23.01
INOAR GELATINA MEUS CACHOS 500G,1,26.9
INOAR KIT ARGAN HID SH&COND 500ML,2,36.3
INOAR KIT CICATRIFIOS SH&COND 500ML,1,26.44
INOAR MASC TRAT ARGAN 500G,1,27.42
INPRUV DK 7.000UI+100MCG 8CP REV,1,28.81
INS.GLARGILIN AMP.REFIL 100UI 3ML,1,39.61
INSIT 25MG C/30 CAPS *,2,21.77
INSIT 50MG C/30 CAPS *,1,47.76
INSIT 75MG C/30 CAPS *,1,45.4
INSIT 75MG C/60 CAPS *,1,64.38
INSPRA 25MG C 30 COMP REV,2,53.7
INSTANT BABY TESTE DE GRAVIDEZ 1UN,49,1.32
INSULINA FIASP FLEXTOUCH100U+3ML+1CAN,2,53.26
INSULINA HUMALOG 100UI 10ML,2,119.72
INSULINA HUMALOG KWIKPEN 100UI/ML 1X3,2,50.85
INSULINA HUMALOG KWIKPEN 25UI/ML 1X3M,2,65.05
INTOLIV C/30 COMP,1,83.52
INZELM 10MG 30CP,1,187.4
INZELM 20MG 30CP,1,197.48
"IRBERSARTANA+HCT 150/12,5MG 30CP EURO",1,80.72
"IRBERSARTANA+HCT 300+12,5MG 30CP EURO",1,80.72
IRUXOL MONO PM 15G,1,41.51
IRUXOL MONO PM 30G,1,64.79
IRUXOL PM 15G,1,32.26
ISDIN ACNIBEN MASCARA PURIF 75ML,2,60.06
ISDIN ACTIVE UNIFY COLOR,1,118.93
ISDIN EXTREM CREAM FOTOPROT FPS90 50M,2,85.86
ISDIN FOTOPROT GEL CREAM FPS50+ 198G,2,79.46
"ISDIN FOTOPROT GEL SPORT FPS50 89,5G",2,78.0
ISDIN FOTOPROT HYDROLOTION 50 200ML,2,99.35
ISDIN FOTOPROT STICK FPS50 10G,2,75.0
ISDIN FUSION FLUID MINERAL FPS50 50ML,1,70.0
ISDIN FUSION WATER COR CLARA FPS50 50,1,70.0
ISDIN FUSION WATER COR ESCURA FPS50 5,1,70.0
ISDIN FUSION WATER FPS60 50ML,2,77.36
ISDIN FUSION WATER GLOW FPS30 50ML,1,74.0
ISDIN FUSION WATER OIL CONT. FPS60 30,2,70.0
ISDIN KIT FUSION W.50ML+MICELAR 400ML,1,71.71
"ISDIN OILY SKIN ACNIBEN 41,2G",2,74.64
ISDIN P.SOLAR ALCARAZ FPS50 50ML,2,83.02
ISDIN P.SOLAR FAC ALCARAZ FPS50 50ML,1,82.61
ISDIN ULTRA FLUID FUSION FP99 50ML,1,102.3
ISDIN UREADIN BATH GEL 100ML,2,19.09
ISORDIL SUBLINGUAL 5MG 30CP,2,11.32
ISOTONICO TNT SQZ 500ML TANGERINA,1,4.39
ISOTRETINOINA 10MG 30CAPS*NOVA QUIMIC,2,64.78
ISOTRETINOINA 20MG 30CAPS* EUROFARMA,1,43.04
ISQUEIRO MINI,1,3.62
ITRACONAZOL 100MG 15CAPS GEOLAB,6,14.47
IUMI 24CP,1,59.69
IVERMECTINA 6MG 2CP NEO QUIMICA,11,1.31
IVERMECTINA 6MG 4CP NEO QUIMICA,78,21.36
IVERMECTINA 6MG 4CP PRATI/DONADUZZI,24,3.19
IZIZ 28CP,2,47.0
JANUMET 50/850MG 56CP,1,272.02
JANUVIA 100MG 14CP,1,118.93
JANUVIA 50MG 28CP,1,111.87
JARDIANCE 10MG 30CP,1,188.86
"JARDIANCE DUO 12,5+1000MG C60 CP",1,256.0
"JARDIANCE DUO 12,5+850MG C 60 CP",1,217.5
JOELHEIRA MERCUR S/ORIFICIO GD,2,41.6
JOELHEIRA ORIFICIO CREMER TAM P,2,33.66
JUNNO 100MG 30CP,2,61.14
JUNNO 200MG 14CP,1,52.88
K-MED GEL 100G CIMED,5,12.99
K-MED GEL 2 EM 1 GEL 203G CIMED,3,25.19
K-MED GEL 2X1 200ML CIMED,5,26.49
K-MED GEL 50G CIMED,9,8.99
K-MED GEL HOT 200ML CIMED,5,25.39
K-MED ICE FR 200G,4,25.69
K-MED K-MISINHA INVISIVEL 3 UN,8,3.19
K-MED K-MISINHA INVISIVEL 8UN,4,6.79
K-MED PRELIMINARES 50G CHUPE FRUTTI,1,16.79
KALIST 2MG C/28 COMP,2,38.86
KALOBA SOL 20ML,1,83.31
KALOBA SOL 50ML,1,130.61
KALONAT 10ML NATULAB,2,10.64
KALOSTOP 10ML GLOBO,2,21.61
KELO-COTE GEL 15G,1,167.65
KEPPRA 150ML*,1,107.36
KEPPRA 250MG 30CP*,1,44.54
KERATINA BRILHO DA SEDA 10ML,20,1.49
KETTO 10MG C 10CP,1,20.39
KINDER JOY 20G,16,10.59
KIT 2 ESPONJAS PARA PO YOU SE.ME,1,1.95
KIT 4 TINTAS GIZ TEMPORARIA COLOR P/C,2,34.6
KIT ACTINE GEL LIMP.140G+40G,8,27.0
KIT ACTINE PROT.SOLAR FPS60+GEL LIMP,1,39.66
KIT CARMED SORVETE 3BG 10G,6,45.56
KIT CARMED SOS LABIOS HIDRA 2BG 10G,6,45.1
KIT CEPACOL CITRUS FUSION 750ML,3,13.53
KIT COLGATE LUMINOUS 3UN+ENXAGUAT.250,6,19.76
KIT DERMAFEME SAB LIQ 200ML CIMED,18,11.3
KIT DERMAFEME SAB LIQ 200ML FRESH CIM,15,11.3
KIT DERMAFEME SAB LIQ 200ML TEEN CIME,26,11.92
KIT DOVE (SH350+COND150ML) GLOW FERUL,5,22.33
KIT DOVE (SH350+COND175) HIDRAT+HIALU,2,21.63
KIT DOVE (SH350+COND175) NUT + TRI-OL,5,21.62
KIT DOVE (SH350+COND175) UMECT+COCO A,5,21.62
KIT DOVE (SH350+COND175)C.ATIVOS +BIO,2,21.62
KIT DOVE (SH350+COND175)REC+AMINOACID,1,21.86
KIT ELSEVE SH375ML+COND.170ML GLYCOLI,9,28.0
KIT ELSEVE SH375ML+COND.170ML HIALURO,5,32.89
KIT ELSEVE SH375ML+COND.170ML L.DOS S,1,32.89
KIT ELSEVE SH375ML+COND.170ML REP.TOT,5,28.0
KIT ESCOVA DE DENTE 6003 CINZA E BRAN,2,28.87
KIT ESF + HIDRAT CORPORAL PESSEGO,1,28.56
KIT FACE ( ESPONJA PUFF E PINCEL ) YO,3,6.95
KIT G-TECH P/NEB.INF,5,16.28
KIT GIOVANNA BABY LOC 200ML+COL+SAB.B,1,29.23
KIT INOAR FORCA E BRILH SH&COND 500ML,2,26.44
KIT INOAR GLYCOLIC FORC SH&COND 500ML,2,28.65
KIT INOAR HYALURON FORC SH&COND 500ML,4,28.65
KIT INOAR SH+COND 500+250ML CONTROLE,1,19.47
KIT INOAR SH+COND 500+250ML LISO SEDO,1,19.47
KIT INOAR SH+COND 500+250ML RECONSTRU,1,19.47
KIT ISDIN F.W CLARA 50ML+MICELAR 400M,2,63.14
KIT KUKA 7457 ESCOVA+PENTE AZUL,1,13.27
KIT KUKA 7458 ESCOVA+PENTE ROSA,1,13.27
KIT LABOTRATE ESF + HIDRAT CORP PITA,1,28.56
KIT LABOTRATE ESF + HIDRAT CORP MARAC,1,28.56
KIT LABOTRATE ESF + HIDRAT CORP MELAN,2,28.56
KIT MASC DABELLE MEU CRONO PERF 1200G,6,39.98
KIT MEDIDOR DE GLICOSE G-TECH FREE,1,49.99
KIT MEDIDOR DE GLICOSE G-TECH LITE,2,48.3
KIT MEDIDOR DE GLICOSE G-TECH VITA,1,47.9
KIT NEUTROGENA SUN FRESH FPS70+GEL 60,5,53.35
KIT PANTENE SH+COND.300ML 150ML BIOTI,5,22.95
KIT PANTENE SH+COND.300ML 150ML COLAG,6,22.91
KIT PANTENE SH+COND.300ML 150ML MOL B,1,22.95
KIT PANTENE SH+COND.300ML 150ML QUERA,2,22.94
KIT PANTENE SH+COND.300ML+150ML EQUIL,5,22.93
KIT PANTENE SH+COND.350ML 175ML HIDRA,6,22.87
KIT PANTENE SH+COND.350ML 175ML LISO,6,22.88
KIT PANTENE SH+COND.350ML 175ML REUST,7,22.95
KIT PANTENE SH+COND.400ML 175ML BAMBU,5,19.91
KIT PANTENE SH+COND.400ML 175ML BRILH,3,22.93
KIT PROTET 60FPS S/G 200+F/S/G 50ML N,7,47.59
KIT SALON LINE 300ML MEU LISO MAT LOI,3,28.29
KIT SALON LINE SH+COND.200ML BOMBA AN,2,19.99
KIT SALON LINE SH+COND.200ML BOMBA OR,2,19.99
KIT SALON LINE SH+COND.300ML PINK LEM,1,22.0
KIT SALON LINE SH+COND.MULTY DEF.NATU,2,22.87
KIT SEDA (SH300+COND190) CERAMIDAS,3,15.48
KIT SEDA (SH300+COND190) LUMINOUS UV,7,14.99
KIT SEDA (SH300+COND190) TOQUE DE SED,6,15.28
KIT SH+COND 300ML FORTALECIMENTO,1,17.68
KIT SIAGE CICA-THERAPY SH+MASC 250ML,1,79.37
KIT SIAGE CRONOGRAMA PRO CRONOLOGY 27,2,95.34
KIT SIAGE HAIR PLASTIA 375ML,1,60.48
KIT SKALA SH+COND MELANCIA 325ML,12,11.45
KIT SKALA SH+COND UVA 325ML,10,11.45
KIT SKALA SH+COND AMIDINHO KIDS 325+2,9,11.45
KIT SKALA SH+COND CRESPINHO DIVINO 32,2,11.45
KIT SKALA SH+COND MORANGO 325ML,18,11.45
KIT SL SH+COND HIDRA CACHINHOS KID 30,3,13.99
KIT SL SH+COND HIDRA MULTY KIDS 300ML,2,13.99
KIT SL SH+COND MULTY DEF 300ML CAC OS,2,21.52
KIT SL SH+COND MULTY KIDS 300ML BOB E,2,21.52
KIT SL SH+COND MULTY KIDS 300ML VANIL,2,21.52
KIT SL SH+COND XEROSA 300ML BAUNILHA,3,23.97
KIT SL SH+COND XEROSA GLAMOUR CHIC,3,21.52
KIT SL XEROSA SH+COND MULTY VIBES POP,2,21.52
KIT TRESEMME SH+COND.400ML 200ML BRI,1,20.23
KIT VIAGEM C/ 06 PECAS MF-3831 MODELO,5,11.85
"KITKAT AO LEITE 41,5G",37,4.67
KOIDE D XP 120ML,4,29.98
KOLENE ORIGINAL 300G,2,7.55
KOLENE ORIGINAL 90G,2,4.09
KOLLAGENASE S/CLORANFENICOL PM 30G,1,42.77
KOLLIS GOTAS 8ML,1,139.99
KONDUZ 35MG C/28 CAP DURAS C1,3,49.89
KURAMED SEPT 30ML CIMED,2,6.29
KURAMED SPRAY 50ML CIMED,2,8.98
KY GEL 100G,2,28.13
KY GEL 3X5G,17,5.96
KY GEL 50G,3,17.82
KY LIQUID 50G,1,20.0
KY SAB.INTIMO 120ML CALMANTE,5,20.0
KY SAB.INTIMO 120ML PROCTOLOGIC,3,20.0
L'OREAL REVITALIFT HIALU.GEL 80G,3,16.92
L'OREAL REVITALIFT PRO RET GEL DE LIM,2,28.48
L'OREAL SOLAR EXP.FPS30 200ML SUPREME,5,33.19
L'OREAL SOLAR EXP.FPS50 200ML SUPREME,5,48.99
L'OREAL SOLAR EXP.FPS60 ANTIRRUGAS 40,2,33.66
L'OREAL SOLAR EXP.FPS70 200ML SUPREME,8,51.41
LA IMMUNITA FR 150 ML,1,132.28
LA KESIA 30ML,1,37.01
LABIRIN 16MG 30CP,2,19.24
LABIRIN 24MG 30CP,3,43.91
LABIRIN 24MG 60CP,1,73.25
LABIRIN 8MG 30CP,1,27.16
LABIRIN XR 32MG C 30 COMP,1,43.43
LABIRIN XR 48MG 30CPR,2,67.62
LABOTRAT BODY SPLASH 190ML DIA A DIA,2,23.82
LABOTRAT BODY SPLASH 190ML DIA A DIA,2,23.82
LABOTRAT BODY SPLASH 190ML DIA A DIA,2,23.82
LABOTRAT BODY SPLASH 190ML DIA A DIA,1,21.95
LABOTRAT BODY SPLASH 190ML DIA A DIA,1,23.82
LABOTRAT CR FIRMADOR 240G BUMBUM MILH,2,21.71
LABOTRAT CR HIDRAT 100G MAOS/PES 2EM1,2,8.16
LABOTRAT CR RACHADURAS 100G C/UREIA,1,11.16
LABOTRAT ESFOLIANTE 100G CORPO,3,8.16
LABOTRAT GEL MASSAGEM 100G ARNICA,1,8.16
LABOTRAT HIDRAT 190ML DIA A DIA CEREJ,3,10.73
LABOTRAT HIDRAT 190ML DIA A DIA HIBIS,3,10.73
LABOTRAT HIDRAT 190ML DIA A DIA MARAC,3,10.73
LABOTRAT HIDRAT 190ML DIA A DIA MELAN,2,10.73
LABOTRAT HIDRAT 190ML DIA A DIA MORAN,3,10.73
LABOTRAT HIDRAT 190ML DIA A DIA PESSE,3,10.73
LABOTRAT HIDRAT 190ML DIA A DIA PISTA,3,10.73
LABOTRAT HIDRAT 190ML DIA A DIA PITAY,2,10.73
LABOTRAT HIDRAT LABIAL 10G HIBISCO,1,10.36
LABOTRAT HIDRAT LABIAL 10G MARACUJA,1,10.36
LABOTRAT HIDRAT LABIAL 10G MELANCIA,1,10.36
LABOTRAT HIDRAT LABIAL 10G PITAYA,1,10.36
LABOTRAT SAB LIQ 190ML DIA A DIA CERE,3,9.99
LABOTRAT SAB LIQ 190ML DIA A DIA MARA,3,12.0
LABOTRAT SAB LIQ 190ML DIA A DIA MELA,2,9.99
LABOTRAT SAB LIQ 190ML DIA A DIA MORA,3,9.99
LABOTRAT SAB LIQ 190ML DIA A DIA PESS,3,9.99
LABOTRAT SAB LIQ 190ML DIA A DIA PIST,3,9.99
LABOTRAT SAB LIQ 190ML DIA A DIA PITA,2,16.71
LACDAY 30 TABLETES,2,56.16
LACDAY 8 COMP,6,12.9
LACOSAMIDA 100MG 30CP TORRENT,1,79.29
LACOSAMIDA 50MG 30CP TORRENT,1,56.87
LACOSAMIDA 50MG 30CP ZYDUS,1,67.06
LACRIBELL COL 15ML,2,20.35
LACRIFILM 10 ML,1,16.66
LACRIFILM 15ML,2,37.46
LACRIMA PLUS COLIRIO 15ML,9,36.55
LACTA AMARO 80G,11,6.91
LACTA BARRA AO LEITE 28G,12,2.89
LACTA BARRA AO LEITE 80G,1,8.88
LACTA BARRA DIAMANTE NEGRO 28G,8,2.89
LACTA BARRA DIAMANTE NEGRO 80G,17,8.07
LACTA BARRA OURO NEGRO 80G,16,8.07
LACTA SHOT 80G,4,7.17
LACTA SONHO DE VALSA E OURO BRANCO 22,2,14.72
LACTO PURGA 16CP,2,6.95
LACTO PURGA 5MG 12CP,2,4.59
LACTO PURGA EV 6CP,2,2.95
LACTOSIL 10000FCC 30TABLETES,2,42.57
LACTULIV 667MG XP AMEIXA 120ML LEGRAN,2,14.88
LACTULONA KIDS XP 120ML SALADA DE FRU,1,48.46
LACTULONA XP 120ML SALADA DE FRUTAS,1,36.04
LACTULOSE 120ML XPE AMEIXA NATIVITA,3,9.63
LACTULOSE 120ML XPE FRUTAS VERMELHAS,1,8.16
LAKA CHOCOLATE BRANCO 80GR,2,6.07
LAMINA BARB RECAR.DR JONES RAZOR 6 C/,2,25.67
LAMINA CHROME PLATINUM BIC 5UN,3,3.02
LAMINA DUPLO FIO ENOX PLATINUM (4 UNI,1,1.67
LAMINA WILKISON 3UN,43,1.36
LAMITOR CD 100MG C 60 COMP,1,122.94
LAMITOR CD 100MG 30CP *,2,58.97
LAMITOR CD 25MG 30CP *,1,36.53
LAMOTRIGINA 100MG 30CP GEOLAB,3,12.03
LAMOTRIGINA 100MG 30CP TEUTO,4,49.5
LAMOTRIGINA 25MG 30CP TORRET DO BRASI,6,24.28
LAMOTRIGINA 50MG 30CP GEOLAB,3,8.73
LAMOTRIGINA 50MG 30CP TORRET DO BRASI,6,39.63
LAMPADA OUROLUX LED 15W 6500K,40,3.69
LANCETADOR (CANETA) G-TECH COMFORT,6,8.16
LANCETAS G-TECH 28G 100UN,1,7.99
LANTUS SOLOSTAR 100UI INJ.1X3ML,1,85.47
LANZOPEPT 30MG 28CP GEOLAB,4,57.38
LAPIS BELLA FEMME UNIVERSAL SOBRANCEL,3,2.33
LAPIS DE OLHO C/ APONT PRETO,3,2.62
LAPIS DE OLHO C/APONTADOR VIVAI 1UN M,12,2.0
"LAPIS DE SOBRANCELHA VULT COR 01 1,1G",3,9.74
"LAPIS DE SOBRANCELHA VULT COR 2 1,1G",4,9.74
LAPISEIRA DELIN VULT PRETO RADIANTE 3,3,12.99
"LAPISEIRA LABIAL VULT VERMELHO 3,5G",24,14.93
LAQUE ASPA 90ML,1,12.74
LARC 600MG C/14 COMP,1,41.97
LASIX 20CP,1,13.99
"LATANOPROSTA 2,5ML GEOLAB",5,26.84
"LATANOPROSTA+TIMOL S OF 2,5ML",2,99.41
LAVANDA JOHNSON BABY 200ML,3,24.46
LAVANDA JOHNSON BABY 400ML,3,42.08
LAVITAN 50+ MULHER 60CP CIMED,11,9.99
LAVITAN CAB/UNHAS 30CAPS CIMED,1,17.19
LAVITAN CAB/UNHAS 60CAPS CIMED,34,23.59
LAVITAN CABELOS E BARBA 60CPS CIMED,8,8.99
LAVITAN CAFEINA 200MG 100CAPS CIMED,1,44.79
LAVITAN CALCIO + D1000UI 60CP CIMED,11,30.19
LAVITAN CALCIO 600MG 60CP CIMED,2,9.99
LAVITAN CALCIO MDK 30CP CIMED,2,29.69
LAVITAN COLÁGENO TIPO 2,4,47.39
LAVITAN COLAGENO VERI+AC H 300G,2,43.99
LAVITAN CRANBERRY 30 CAPS,3,31.19
LAVITAN CREATINA 3.000MG 100CAPS CIME,4,29.99
LAVITAN CREATINA 3.000MG 100CAPS CIME,1,9.99
LAVITAN CUIDADOS DA PELE 30CAPS,2,27.0
LAVITAN IMUNIDADE CDZSE 30CP,2,11.9
LAVITAN KIDS 60CP LIMAO CIMED,5,8.99
LAVITAN KIDS 60CP TUTTI FRUTI CIMED,5,21.99
LAVITAN KIDS SL 240ML CIMED,3,20.99
LAVITAN KIDS SL 240ML TUTTI FRUTTI CI,5,20.69
LAVITAN KIT ENERGIA EFERV 2TBX10,3,22.51
LAVITAN KIT P NATAL 30CP+OMEGA 60CP,1,47.87
LAVITAN LIPOMORO 60CPS,1,49.79
LAVITAN LUTEINA 60CP,2,41.69
"LAVITAN MELATONINA 0,21MG 150CP MARAC",3,25.99
"LAVITAN MELATONINA 0,21MG 150CP MORAN",3,25.29
"LAVITAN MELATONINA 0,21MG 30ML MARACU",6,17.85
"LAVITAN MELATONINA 0,21MG 30ML MORANG",5,17.85
LAVITAN MEMORIA 60CP CIMED,4,20.49
LAVITAN OMEGA 3 60CAPS CIMED,2,23.99
LAVITAN OMEGA MAIS 90CAPS CIMED,3,26.99
LAVITAN OMEGA Q10 CAP GEL 60CPS,4,19.99
LAVITAN PRIMULA 60 CAPS,4,26.39
LAVITAN SENIOR 50+ 60CAPS CIMED,12,9.99
LAVITAN SUPER FORMULA AZ HOMEM 60 CP,6,34.19
LAVITAN SUPL A-Z 60DR CIMED,23,8.99
LAVITAN SUPL A-Z MAIS 90DR CIMED,10,11.99
LAVITAN SUPL A-Z MAIS MULHER 90DR CIM,11,11.99
LAVITAN SUPLEMENTO MULHER 60DR CIMED,16,20.09
LAVITAN VIT C MACA 60CP MAS CIMED,4,18.39
LAVITAN VIT D 30ML CIMED,1,8.99
LAVITAN ZINCO QUELATO 30CP,1,16.09
LAVITAN ZMA FEMME 30CP CIMED,2,17.6
LAVITAN ZMA PERFORMANCE,2,8.99
LC.APOS BARBA BOZZANO NV ALOE VERA 10,1,21.62
LC.APOS BARBA BOZZANO NV MENTOLADO 10,2,21.53
LC.CAMELIA DO BRASIL FEMININA 150ML,2,9.67
LC.HIDRAT.GIOVANNA BABY 200ML BLANC V,2,13.83
LC.HIDRAT.GIOVANNA BABY 200ML CANDY,2,13.45
LC.HIDRAT.GIOVANNA BABY 200ML CHERRY,2,13.61
LC.HIDRAT.GIOVANNA BABY 200ML FANTASY,2,11.96
LC.HIDRAT.GIOVANNA BABY 200ML LILAC,1,13.45
LC.HIDRAT.GIOVANNA BABY 200ML LOVELY,1,13.18
LC.HIDRAT.GIOVANNA BLUEBERRY 200ML,2,13.09
LC.HIDRAT.HIDRAMAIS 500ML AMEIXA DOUR,5,10.77
LC.HIDRAT.HIDRAMAIS 500ML AMEIXA NEGR,2,10.77
LC.HIDRAT.HIDRAMAIS 500ML COLAGENO,1,10.77
LC.HIDRAT.HIDRAMAIS 500ML NOITE SERAN,5,10.77
LC.HIDRAT.HIDRAMAIS 500ML OLEO DE AME,4,10.77
LC.HIDRAT.J&J BABY 200ML,1,25.73
LC.HIDRAT.J&J BABY 200ML RECEM NASCID,1,32.9
LC.JOHNSON BABY ANTI-MOSQUITO 200ML,5,54.72
LC.JOHNSON BABY DERMA PROTECT 200ML,2,46.0
LEAVE IN PANTENE OLEO FINALIZADOR 95M,6,25.65
LEAVE IN PANTENE SERUM FOR E NUTR 95M,2,22.37
LEAVE IN SIAGE CICA-THERAPY 100ML,2,38.79
LEAVE IN SIAGE HIDRAT MICELAR 100ML,1,39.43
LEAVE IN SIAGE PRO CRONOLOGY 100ML,2,48.27
LEAVE IN SIAGE RECONST FIOS 100ML,2,38.89
LEAVE IN VULT 100ML CHOQUE RECONSTRUC,3,23.51
LEAVE-IN CREME BOND INTENSE REPAIR 50,1,12.99
LEAVE-IN CREME TRESEMME CACHOS DEF 38,3,14.39
LEAVE-IN SERUM SEDA LUMINOUS UV 110ML,1,17.16
LEAVE-IN SERUM SEDA TOQUE SEDA 100ML,2,16.42
LEAVE-IN TRAT DOVE NUT+TRI-OLEOS 110M,2,23.73
LEAVE-IN TRAT DOVE REC+AMINOACID 110M,2,23.73
LEAVEIN INOAR 50G CICATRIFIOS,1,10.25
LEITE APTAMIL 1 400G,6,29.73
LEITE APTAMIL 1 800G,2,60.0
LEITE APTAMIL 1 PROFUTURA GOLD 800G,2,85.89
LEITE APTAMIL 2 400G,2,31.94
LEITE APTAMIL 2 800G,5,55.77
LEITE APTAMIL AR 800G,1,83.0
LEITE APTAMIL PEPTI 400G,1,124.4
LEITE APTAMIL PROFUTURA 1 400G,1,45.61
LEITE APTAMIL PROFUTURA 1 800G,4,81.56
LEITE APTAMIL PROFUTURA 2 800G,2,82.0
LEITE APTAMIL PROFUTURA GOLD 2 DNN 80,3,89.1
LEITE APTAMIL SEM LACTOSE 400G,3,84.0
LEITE APTAMIL SOJA 2 400G,1,61.0
LEITE APTAMIL SOJA 2 800G,2,102.0
LEITE APTANUTRI PREMIUM 3 800G,2,53.02
LEITE APTANUTRI PROFUTURA 3 800G DNN,3,74.0
LEITE DE AVEIA DAVENE 180ML OLEO AMEN,1,8.41
LEITE DE COLONIA 100ML FINAL FANTASTI,3,4.55
LEITE DE COLONIA 100ML ORIGINAL,5,4.78
LEITE DE COLONIA 100ML TEMPO DE AMAR,3,4.26
LEITE DE COLONIA 200ML,3,6.89
LEITE DE MAGNESIA PHILLIPS 120ML HORT,4,9.43
LEITE DE MAGNESIA PHILLIPS 120ML TRAD,17,9.43
LEITE DE MAGNESIA PHILLIPS 350ML,10,28.34
LEITE DE MAGNESIA PHILLIPS 350ML HORT,5,24.93
LEITE DE ROSAS 100ML,3,3.28
LEITE DE ROSAS 170ML,5,4.8
LEITE DE ROSAS 60ML,5,2.24
LEITE HIDRAT.MONANGE 200ML DETOX,3,10.3
LEITE HIDRAT.MONANGE 200ML F.VERMELHA,1,7.52
LEITE HIDRAT.MONANGE 200ML HIDRAT.INT,2,7.39
LEITE HIDRAT.MONANGE 200ML INT.PELE E,4,7.39
LEITE HIDRAT.MONANGE 200ML INT.PELE S,3,7.38
LEITE HIDRAT.MONANGE 200ML IOG DE AVE,5,7.47
LEITE HIDRAT.MONANGE 200ML Q10 VIT C,6,9.26
LEITE HIDRAT.MONANGE 200ML Q10 VIT C+,6,4.2
LEITE HIDRAT.MONANGE 400ML FLOR LAVAN,3,11.98
LEITE HIDRAT.MONANGE 400ML FRUTAS VER,2,11.97
LEITE HIDRAT.MONANGE 400ML INSPIRADOR,4,11.98
LEITE HIDRAT.MONANGE 400ML IRRESISTIV,3,11.98
LEITE HIDRAT.MONANGE 400ML PELE EXTRA,3,11.33
LEITE HIDRAT.PAIXAO 200ML AVELA,5,7.49
LEITE HIDRAT.PAIXAO 200ML FLOR DE BAU,3,7.38
LEITE HIDRAT.PAIXAO 200ML FRAMBOESA N,6,7.45
LEITE HIDRAT.PAIXAO 200ML FRAMBOESA/H,4,11.4
LEITE HIDRAT.PAIXAO 200ML INSPIRADORA,4,7.43
LEITE HIDRAT.PAIXAO 200ML IRRESISTIVE,3,7.44
LEITE HIDRAT.PAIXAO 200ML TENTADORA,6,7.44
LEITE HIDRAT.PAIXAO 200ML ULTRA INSPI,3,11.37
LEITE HIDRAT.PAIXAO 200ML ULTRA TENTA,4,8.52
LEITE NAN A.R.800G,4,60.0
LEITE NAN COMFOR 1 400G,11,31.95
LEITE NAN COMFOR 1 800G,3,74.23
LEITE NAN COMFOR 1 A 3 800G,4,49.38
LEITE NAN COMFOR 2 800G,6,65.22
LEITE NAN SOJA 800G,3,115.9
LEITE NAN SUPREME 1 800G,3,96.38
LEITE NESLAC COMFOR 800G,2,53.19
LEITE NESLAC SUPREME 800G,2,76.14
LEITE NESTOGENO 1 400G,7,26.83
LEITE NESTOGENO 1 800G,2,53.41
LEITE NESTOGENO 2 800G,4,50.72
LEITE NESTOGENO ESPESSAR 800G,1,64.61
LEITE NINHO ADULTO 350G,2,18.27
LEITE NINHO FASES 400G 1+PREBIO,4,26.61
LEITE NINHO FASES 800G 1+PREBIO,24,40.0
LEITE NINHO FASES 800G 3+PREBIO,6,35.36
LEITE NINHO FORTI+ INST 750G SACHE,8,28.97
LEITE NINHO INSTANTANEO 380G,2,18.0
LEITE NINHO INTEGRAL 380G,43,18.31
LEITE NINHO ZERO LACTOSE 380G,5,17.15
LENCO KLEENEX BOLSO 10UN ORIGINAL,15,1.24
LENCO KLEENEX BOX 150FLS L+ P-,5,6.45
LENCO KLEENEX BOX 50UN ORIGINAL,7,3.11
LENCO KLEENEX BOX L100P80,2,5.7
LENCO LIMPA CHUPETAS C/24UN AC50000,4,21.01
LENCO PAPEL ELITE BOLSO 10UN F TRIPLA,153,1.56
LENCO SOFTY'S 100FLH,24,9.49
LENCO SOFTY'S 50 FLH ELITE,54,6.0
LENCO UMED NATURAL BABY 100UN,43,6.59
LENCO UMED NATURAL BABY 50UN,33,4.19
LENCOS UMEDECIDOS GERIATEX ADULTO 40U,8,11.04
LENCOS UMEDECIDOS GRANADO 50UN LAVAND,4,11.28
LENCOS UMEDECIDOS GRANADO 50UN P.SENS,2,11.29
LENCOS UMEDECIDOS GRANADO 50UN TRADIC,2,10.46
LENCOS UMEDECIDOS HUGGIES 48UN *CLASS,9,10.1
LENCOS UMEDECIDOS HUGGIES 48UN ONE E,10,10.08
LENCOS UMEDECIDOS HUGGIES 48UN SUPRE,5,10.1
LENCOS UMEDECIDOS HUGGIES TRIPLA P 88,10,8.53
LENCOS UMEDECIDOS J&J 44UN LIMP/SUAVI,10,7.07
LENCOS UMEDECIDOS PIQUITUCHO 48UN ALO,29,3.32
LEUCOGEN XP 120ML,1,90.29
LEVEDO DE CERVEJA 120CP MAXINUTRI,2,21.55
LEVEL 21CP,3,21.99
LEVETIRACETAM 100MG/ML 150ML SOL ORAL,3,73.32
LEVETIRACETAM 500MG 30CP,1,57.79
LEVOCETIRIZINA 5MG 10CP NEO QUIMICA,4,26.4
LEVOFLOXACINO 500MG 10CP TEUTO,2,13.84
LEVOFLOXACINO 500MG 7CP TEUTO,2,8.2
LEVOFLOXACINO 750MG 5CP BIOSINTETICA,7,19.7
LEVOFLOXACINO 750MG 7CP NEO QUIMICA,5,25.0
LEVOID 112MCG 30CP,2,26.72
LEVOID 150MCG 30CP,1,16.08
LEVOID 175MCG 30CP,1,20.13
LEVOID 200MCG 30CP,1,28.0
LEVOID 25MCG 30CP,2,10.46
LEVOID 38MCG 30CP,2,7.94
LEVOID 50MCG 30CP,2,15.93
LEVOID 75MCG 30CP,2,13.29
LEVOID 88MCG 30CP,2,16.16
LEVOTIROXINA SODICA 125MCG 30CP MERCK,2,13.42
LEVOTIROXINA SODICA 150MCG 30CP MERCK,2,14.86
LEVOTIROXINA SODICA 175MCG 30CP MERCK,2,17.02
LEVOTIROXINA SODICA 200MCG 30CP MERCK,2,26.76
LEVOTIROXINA SODICA 25MCG 30CP MERCK,3,8.19
LEVOTIROXINA SODICA 50MCG 30CP MERCK,2,10.0
LEVOTIROXINA SODICA 75MCG 30CP MERCK,3,9.89
LEVOTIROXINA SODICA 88MCG 30CP MERCK,10,12.03
LEVOXIN 750MG 5CP *,1,34.38
LEXOTAN 3MG 30CP *,1,29.74
LIBERFEM 2MG C/21 COMP,2,42.92
"LIBIAM 1,25MG 28CP",1,46.11
LIDOCAINA 50MG/G POM 25G,1,8.54
LIDOGEL GEL 2% 30G NEO QUIMICA,2,13.49
LIDOSPORIN 10ML,3,9.95
LIMIAR 75MG 30CP,1,37.34
LIMONADA PURGATIVA,2,9.89
LIMP FACIAL GARNIER U&M 3 EM 1 ACNE 1,2,28.81
LIMPADOR DE LINGUA HILLO,2,6.59
LIMPADOR ENZIMATICO EM PO FACIAL 30G,3,43.91
LIMPADOR FACIAL 300ML SALLVE,3,43.91
LINADIB 5MG C 30 CP,1,116.14
LIPIDIL 160MG 30CL,1,84.88
LIPIKAR BAUME AP+ 75ML,1,85.0
LIPIKAR CLEANSING OIL AP+ 400ML,1,117.42
LIPIKAR LOCAO 400ML,1,138.27
LIPIKAR LOCAO BISNAGA 200ML,1,74.9
LIPLESS 100MG 30CP,1,71.87
LISADOR 500MG 16CP,1,39.39
LISADOR DIP 1G 10CP,1,20.88
LISADOR MUSC 600/100/70MG 16CP,1,22.3
LISAHAIR PROF.CR.ALISANTE 550G,2,28.2
LISDEXANFETAMI 30MG 30CAP NOVA QUIMIC,3,147.19
LISDEXANFETAMI 50MG 30CAP EUROFARMA,3,206.35
LISDEXANFETAMI 70MG 30CAP EUROFARMA,2,175.66
LISINOPRIL 10MG 30CP TEUTO MT,1,31.99
LISINOPRIL 20MG 30CP TEUTO MLT,1,58.38
"LISTERINE 1,5 LT ZERO",1,33.96
LISTERINE 1LT MELANCIA E HORTELA,3,25.58
LISTERINE 250ML **ANTICARIES ZERO ALC,1,14.05
LISTERINE 250ML *CUIDADO TOTAL ZERO,2,14.5
LISTERINE 250ML *TARTAR CONTROL ZERO,1,14.05
LISTERINE 250ML MELANCIA E HORTELA,1,10.48
LISTERINE 250ML ZERO MENTA SUAVE,2,10.48
LISTERINE 473ML WHITENING EXTREME MEN,2,22.24
LISTERINE 500ML **ANTICARIES ZERO ALC,1,21.92
LISTERINE 500ML *CUIDADO TOTAL,2,21.92
LISTERINE 500ML *CUIDADO TOTAL ZERO,2,21.24
LISTERINE 500ML *TARTAR CONTROL ZERO,2,21.24
LISTERINE 500ML MELANCIA E HORTELA,5,21.92
LISTERINE 500ML PRO GENGIVA,9,27.04
LITOCIT 10MG 60CP,1,69.13
LIVALO 2MG 30CP,2,94.34
"LIVIAL 2,5MG 28CP",1,69.53
LIXA AMERICANA SUPER,15,0.42
LIXA CALOSIDADE 030 MODELO,12,3.64
LIXA P/ UNHAS EXTRA,134,0.18
LIXA P/ UNHAS POP,55,0.14
LIXA PEDICURE POP 028 MODELO,6,3.64
LIXA RALA CALO LUXO 154 MODELO,2,4.53
LIXIANA 30MG 30CP,1,133.52
LIXIANA 60MG C/ 30CP,1,116.0
LOC HID GB ROSE BISN 200ML,2,14.54
LOC.HID.JOHNSONS BABY 400ML,2,41.5
LOC.MURIEL HIDR AMENDOA C/ AVELA 200M,2,7.34
LOC.MURIEL HIDR AMENDOAS C/ COLAG 200,4,7.34
LOC.MURIEL HIDR CEREJA C/ COLAG 200ML,3,7.34
LOC.MURIEL HIDR ROSA MOSQ C/ COLAG 20,3,7.34
LOC.MURIEL HIDR.ARABE ACAO 200ML,3,7.34
LOC.MURIEL HIDR.ROMA CARE 200ML,3,7.34
LOCAO CORPORAL P/BEBES 200ML,2,36.82
LOCAO HIDRATANTE LH-01 500ML,2,53.13
"LOCERYL ESMALTE 2,5ML",1,197.71
LONCORD 20MG 20CP,3,23.17
LONCORD 40MG 20CP,1,39.45
LONIUM 40MG 30CP,2,57.77
LORATADINA XP 100ML AIRELA,8,7.08
LORATADINA XP 100ML EMS,1,24.32
LORATAMED 12CP CIMED,579,13.19
LORAZEPAM 2MG 20CP EMS*,12,12.44
LORAZEPAM 2MG 30CP*TEUTO,3,14.99
LOSARTANA + HIDROCLOROTIAZIDA 50MG 30,5,8.0
LOSARTANA POTASSICA 50MG 30CP BIOSSIN,113,1.31
LOSARTANA POTASSICA 50MG 30CP NEO QUI,534,5.44
LOSARTANA+HCT 100+25MG 30CP,3,8.63
LOXONIN 100MG ENV 7 ADES,1,97.95
LOXONIN 60MG 30CP,1,42.71
LUFTA GASTRO PRO C/12 ENV,4,27.61
LUFTA GASTRO PRO SACHE 10ML,118,4.15
LUFTAFEM ANALGESICO 12CP,1,15.98
LUFTAL 20CP,6,33.08
LUFTAL GT 15ML,3,21.95
LUFTAL GT 30ML,3,45.08
LUFTAL MAX 125MG 10CL,1,21.31
LUFTAL MAX 125MG 20CPS,13,35.0
LUFTAL MAX 150MG GTS 15ML,2,33.08
LUGANO 12/250MCG 60CAPS,1,57.7
LUNAH 1MG SOL OFT GOT 10ML,1,36.8
LUNAH 2MG SOL OFT GOT 10ML,2,48.28
LUNERA SOL OFT C 1 FRASC 10ML,1,58.25
LUTEAL 10MG+2MG 60CAPS,1,87.74
LUVA DE PROCEDIMENTO LEMG C/PO 100UN,3,29.81
LUVA DE PROCEDIMENTO LEMGRUBER 20UN G,6,8.99
LUVA DE PROCEDIMENTO LEMGRUBER 20UN M,3,8.99
LUVA DE PROCEDIMENTO LEMGRUBER 20UN P,4,8.99
LUVA DE PROCEDIMENTO PROCED 100UN G,2,26.29
LUVA DE PROCEDIMENTO PROCED 100UN M,3,26.29
LUVA PROCEDIMENTO LATEX SOFT AID G 20,1,8.49
LUVA PROCEDIMENTO LATEX SOFT AID P 20,1,8.49
LUVA VINIL DESCARPACK C/PO G 100UN,3,21.99
LUVA VINIL DESCARPACK C/PO M 100UN,5,21.99
LUVIS GOLD 60CAPS MOLES,1,152.56
LUVIS S 30CP.,1,92.29
LUVOX 50MG 30CP*,1,97.49
LYNAX GEL BISNAGA 30G+10 APLIC,1,71.93
LYRICA 75MG 14CP *,1,57.91
M&M'S CHOCOLATE AO LEITE 40G,32,3.59
M&M'S CHOCOLATE AO LEITE TUBO 30G,12,3.7
M&M'S CHOCOLATE CHOCOLATE 132G,2,11.13
MACA POWER MACA EM PO+VIT E MIN 90G,1,34.27
MACA ULTRA 100% MACA PERUANA PO 90G,1,34.8
MACRODANTINA 100MG 28CP,3,13.31
MAG B 30CP,1,62.78
MAGIC RETOUCH 75ML LOURO CLARO,1,33.0
MAGIC RETOUCH 75ML LOURO ESCURO,1,33.0
MAGIC RETOUCH 75ML PRETO,1,33.0
MAGNALIV 30CP,1,85.03
MAGNAZIA LIMA-LIMAO 240ML CIMED,3,11.76
MAGNEN B6 30CP,2,103.48
MAGNESIA BISURADA 40PAST,2,40.98
MAGNESIA BISURADA EV 10PAST,7,10.69
MAGNOSTASE 2MG 12CP NEO QUIMICA,6,6.25
"MAKIAJ HENNA SOBRANCELHAS 1,5G ESCUR",3,8.99
"MAKIAJ HENNA SOBRANCELHAS 1,5G MARRO",1,8.99
"MAKIAJ HENNA SOBRANCELHAS 1,5G MEDIO",1,8.99
"MAKIAJ HENNA SOBRANCELHAS 1,5G PRETA",3,8.99
MAL.DE DEXCLORFENIRAMINA+BETA 120ML N,13,7.89
MALEATO BRONFENIRAMINA+FENILEFRINA CP,4,13.43
MALEATO DE BRONFENIRAMINA+FENILEFRINA,1,6.89
MALEATO DE BRONFENIRAMINA+FENILEFRINA,3,10.6
MALEATO DE DEXCLO+BET.XP 120ML TEUTO,1,4.89
MALEATO DE DEXCLORFENIRAM.2MG 20CP NE,3,8.87
MALEATO DE DEXCLORFENIRAM.SL 100ML TE,5,9.54
MALEATO DE ENALAPRIL 10MG 30CP NEO QU,35,4.71
MALEATO DE ENALAPRIL 10MG 30CP TEUTO,14,3.89
MALEATO DE ENALAPRIL 20MG 30CP LEGR.M,10,3.91
MALEATO DE ENALAPRIL 5MG 30CP GERMED,1,3.29
MALEATO DE MIDAZOLAM 15MG 30CP MEDLEY,1,52.59
"MALEATO DE TIMOLOL 0,5% 5ML NEO QUIMI",6,7.18
MALEATO DE TRIMEBUTINA 200MG 30CP EUR,2,51.09
MALVATRIKIDS BABY 70G,4,17.77
MALVATRIKIDS F 85G GRATIS 15G,2,17.77
MALVATRIKIDS F-INFANTIL GEL 70G,2,17.77
MALVATRIKIDS JR 250ML,3,14.54
MALVATRIKIDS JR 85G GRATIS 15G,1,15.34
MALVATRIKIDS JR BLUE 250ML,2,12.99
MALVATRIKIDS JR GEL 70G,1,16.93
MALVONA 100ML,2,21.7
MALVONA 200ML,1,22.71
MAM.KUKA AQUARELA 250ML(1466)AZUL,1,21.8
MAM.KUKA AQUARELA 250ML(1467)AZUL,1,21.8
MAM.KUKA AQUARELA 70ML(1427)ROSA,1,14.38
MAM.KUKA AQUARELA BIG 330ML(1432)ROSA,1,27.01
MAM.KUKA NATURAL BRANCA 160ML 1547 RO,2,20.53
MAM.KUKA NATURAL BRANCA 250ML BIG ORT,1,22.28
MAM.KUKA NATURAL BRANCA 330ML BIG ORT,2,30.56
MAM.KUKA NATURAL BRANCA 330ML BIG UNI,2,29.69
MAM.KUKA NATURAL COLOR 250ML(1501)BRA,1,20.26
MAM.KUKA NATURAL COLOR 250ML(1541)AZU,2,24.1
MAM.KUKA NATURAL COLOR 250ML(1557)ROS,1,26.49
MAM.KUKA NATURAL COLOR 70ML(1566)AZUL,2,19.11
MAM.KUKINHA 50ML 0-3 MESES AZUL,2,15.09
MAM.MAM EASY ANTICOLICA 0 MESES AZ 13,1,41.11
MAM.MAM EASY ANTICOLICA 0 MESES RS 13,1,41.11
MAM.MAM EASY START MAM 320ML (BOYS),1,90.63
MAM.MAM EASY START MAM 320ML (GIRLS),1,90.69
MAM.MAM FASHION BOTTLE 270ML,1,52.1
MAM.MAM FASHION BOTTLE 270ML(4837)BOY,1,50.33
MAM.MAM FASHION BOTTLE 270ML(4837)GIR,1,50.33
MAM.MAM FASHION BOTTLE 330ML(4833)BOY,1,54.7
MAM.MAM FASHION BOTTLE 330ML(4834)GIR,1,54.7
MAM.MAM FIRST BOTTLE 230ML NEUTRA,1,78.63
MAM.MAM FIRST ULTIVENT 260ML(4664)GIR,1,78.63
MAMADES 75MG C28 CP,1,33.42
MANITOL 20% 250ML JP,3,16.49
MANTEIGA DE CACAU C/PROPOLIS ZIINZIIN,81,1.84
MANTEIGA DE CACAU ROLL-ON ZIIN ZIIN,8,3.55
MANTIDAN 100MG 30CP *,2,19.88
MARACUGINA PI 150ML,1,44.91
MARACUGINA PI 840MG 20CP,1,28.5
MARESIS AR SL SPRAY 100ML,1,50.79
MARESIS AR SPRAY NASAL 150ML,1,66.96
MARESIS BABY SL SPRAY 100ML,2,44.87
MARESIS JATO FORTE SPRAY 100ML,1,38.26
MARESIS SL SPRAY 100ML,1,43.84
MAREVAN 5MG 30CP,2,27.35
MASC CAP VULT 500G ONDULADO,2,19.61
MASC CAP VULT 500G RECARGA DE HIDRATA,2,19.61
MASC CAP VULT 500G UMIDIFICA CACHOS,2,19.61
MASC CAP VULT RECARGA DE HIDRAT 250G,2,17.93
MASC SL ANTIPORO DE REMPENT PRONTA 50,3,19.29
MASC SL MANT EXTRANUTRI SUPER OLEOS 3,2,15.33
MASC TRAT SEDA LUMINOUS UV 300G,1,12.99
MASC.CAP EUDORA 250G ACELERA CRESCIME,2,48.38
MASC.CAP EUDORA 250G CAUTERIZACAO FIO,2,48.39
MASC.CAP EUDORA 250G COMBATE O FRIZZ,1,46.59
MASC.CAP EUDORA 250G CRONOLOGY,1,52.35
MASC.CAP EUDORA 250G GLOW EXPERT,1,51.79
MASC.CAP EUDORA 250G HAIR PLASTIA,2,57.58
MASC.CAP EUDORA 250G HIDRAT MICELAR,2,51.8
MASC.CAP EUDORA 250G OLEOS PODER,2,46.21
MASC.CAP EUDORA 250G RESGATE IMEDIATO,1,57.58
MASC.CAP EUDORA 250G RESIST ANTIQUEDA,2,56.06
MASC.CAP EUDORA 250G REVELA CACHOS,1,41.34
MASC.CAP SIAGE 500G NUTRI ROSE,1,78.6
MASC.CAP W.CARE 0500G JUBA MANT BUT O,1,39.97
MASC.CIRURGICA TRIPLA CAMADA PCT C/5U,11,1.99
MASC.INOAR 500G MEU CACHO MEU CRUSH,2,20.14
MASC.PANTENE COLAGENO 550ML,5,22.56
MASC.PANTENE TRATAMENTO BAMBU 600ML,1,22.85
MASC.SALON LINE 300G DEFINICAO NATURA,2,16.37
MASC.SALON LINE 300G MEU LISO OSTENTA,2,16.37
MASC.SALON LINE 500G SOS COCO,3,17.89
MASC.SALON LINE MATIZ ROXO MAIO TDC 5,2,26.64
MASC.SALON LINE MATIZ VERMELHO CERE 3,1,20.08
MASC.SALON LINE MEU LISO ESCUDO ANTIP,3,15.66
MASC.SALON LINE PRETA MAIONESE#TDC 30,2,41.96
MASC.SEDA TRATAMENTO 300G COLAGENO E,4,12.16
MASC.SEDA TRATAMENTO 300G FORCA E CRE,2,12.16
MASC.TRAT DOVE 250G BOND INTENSE REPA,1,29.67
MASC.TRAT DOVE 320G RECONSTRUCAO AMIN,2,16.46
MASC.TRAT DOVE 500G NUTRICAO TRI OLEO,2,19.82
MASC.TRAT DOVE 500G RECONST+AMINOACID,3,17.68
MASC.TRAT DOVE CACHOS ATIVOS+BIOT 500,2,19.82
MASC.TRAT DOVE NUTRI 12% FUSAO OLEOS,3,32.62
MASC.TRAT DOVE RECONST 12% QUERAT 270,2,34.3
MASC.TRAT DOVE REPAIR&GLOW+FERULI 250,3,33.66
MASC.TRATAMENTO NUTRIMAXI 50G ATIV.CR,12,3.3
MASC.TRATAMENTO NUTRIMAXI 50G CAVALO,2,3.3
MASC.TRATAMENTO NUTRIMAXI 50G MATIZE,12,3.49
MASC.TRATAMENTO SEDA BOOM 500G HID.PR,2,21.56
MASCARA CAPILAR GOTA DOURADA 1K,2,19.14
MASCARA CIRURGICA TRI.C/ELAS.50UN G-T,5,11.9
MASCARA DE PROTECAO PFF 2 KN95,2,9.99
MASCARA PEEL OFF FACE BEAUTIFUL ARGIL,6,5.95
MASCARA PEEL OFF FACE BEAUTIFUL ROSA,10,5.95
MASCARA PRETA FACE BEAUTIFUL 10ML,47,0.8
MASCARA PRETA SACHE FACE BEAUTIFUL,46,0.8
MASCARA VITAMINA C FACE BEAUTIFUL BIS,10,5.95
MASSAGEOL AER 120ML NEO QUIMICA,1,32.23
MASSAGEOL PM 15G NEO QUIMICA,5,8.94
MASSAGEOL PM 30G NEO QUIMICA,5,14.84
MATERNA 30CP,5,64.17
MATTE LEAO CHIMARRAO A VACUO 1KG,2,18.51
MATTE LEAO TERERE TRADICIONAL 500G,1,18.51
MAXALT 10MG 2CP,2,20.78
MAXIDEX COL 5ML,4,7.63
MAXIDRATE 6MG GEL NASAL 30G,2,31.05
MAXIFLOX D COL 5ML,2,35.46
"MAXIFLOX D PM 3,5G",1,38.97
MAXINON COL 5ML,1,12.06
"MAXINONPOM 3,5G",1,19.75
MAXITROL COL 5ML,3,18.54
"MAXITROL PM OFT 3,5G",4,21.96
MAXIVIEW SOL OFTALM 5 ML,5,10.25
MAXSULID 400MG 30CP,1,50.12
MECLIN 25MG 15CP,2,20.64
MECLIN 50MG 15CP,2,31.84
MECLIN JET 25MG 10CP,2,15.15
MECLIN JET 50MG 10CP,2,24.79
MECLIN MOVE 25MG C/5 COMP,2,10.19
MECOBALAMINA 1000MCG 30CP BIOLAB,1,27.63
MECOBE 1000MCG C/30 CP,2,36.07
MECOBE 1000MCG C/90 CP,1,104.25
MEIA COXA ABERTA NATURAL TAM GG FEM,2,88.59
MEIA PANTURRILHA AB.NATURAL TAM G FEM,2,70.88
MEIA PANTURRILHA AB.NATURAL TAM GG FE,2,70.88
MEIA PANTURRILHA AB.NATURAL TAM M FEM,2,70.88
MEIA PANTURRILHA FECHADA TAM M,1,85.91
MEIA PANTURRILHA MEDIA COMPRESSãO G,1,70.88
MEIA PANTURRILHA MEDIA COMPRESSãO GG,2,70.88
MEL ROSADO 30ML FARMAX,5,5.67
MEL SACHE 1UN,50,0.26
MEL SACHE 8UN,1,3.33
MELAGRIAO MENTA C/5PAST CATARINENSE,71,1.55
MELAGRIAO SPRAY 30ML EXTRA FORTE,1,16.55
MELAGRIAO SPRAY 30ML LARANJA CATARINE,10,16.98
MELAGRIAO SPRAY 30ML LIMAO CATARINENS,6,16.18
MELAGRIAO SPRAY 30ML MENTA CATARINENS,9,15.13
MELAGRIAO SPRAY 30ML TUTTI-FRUTI CATA,6,25.25
MELAGRIAO XP 150ML CATARINENSE,3,25.42
MELALEUCA GEL FACIAL SECATIVO 30G BEL,2,17.85
MELATONINA 20ML ARTE NATIVA,4,8.31
MELATONINA SABOR MARACUJA 30ML NEO Q,3,18.12
MELATONUM MAX SOL 30ML MENTA,1,55.0
MELOCOX 15MG 10CP,1,42.67
MELOCOX ODT 15MG C/10 COMP EUROFARMA,2,38.38
MELOXICAM 15MG 10CP EUROFARMA,2,4.66
MELOXICAM 15MG 10CP GEOLAB,2,3.25
"MELOXICAM 7,5MG 10CP PHARLAB",3,2.95
MEMORIN 60CAPS MAXINUTRI,3,33.99
MENDORATO SANTA HELENA SALGADO 70G,2,2.35
MENELAT ODT 15MG 30CP*,1,39.79
MENTOS GARF 56G PURE FRESH MELANCIA,8,8.79
MENTOS GARF 56G PURE FRESH STRAWBER 2,6,7.81
MENTOS GARF 56G PURE SPEARMINT 28UN,8,11.93
MENTOS GARF 56G UP2U 28UN,5,11.9
MENTOS GARF 92G GARRAFA BIG PURE FRES,1,13.33
MENTOS LATA 50UN KISS MENTA FORTE,1,11.83
MENTOS LATA 50UN KISS MORANGO,9,11.83
MENTOS PURE FRESH 3 BLUE RASPBERRY,55,1.59
"MENTOS PURE FRESH 3 FRESHMINT 8,5G",80,1.59
"MENTOS PURE FRESH 3 SPEARMINT 8,5G",4,1.59
"MENTOS PURE FRUIT 3 MOR/MAC/FRAN 8,5G",7,1.26
"MENTOS PURE WHITE 3 TUTTI FRESH 8,5G",18,1.16
"MENTOS STICK 29,5G FRUIT",1,1.4
"MENTOS STICK 29,5G RAINBOW",1,1.4
"MENTOS STICK 37,5G FRUIT",31,2.51
"MENTOS STICK 37,5G MINT",4,1.88
"MENTOS STICK 37,5G RAIBOW",39,1.8
"MENTOS STICK 37,5G WILDSPEARMINT",15,1.8
MENTOS STICK 38G FRUTAS VERMELHAS,27,2.5
MENTOS STICK 38G TUTTI FRUTTI,30,2.5
MENTOS STICK 38G YOGURT MORANGO,7,1.88
MENTOS.GOMA 16G STICK PURE FRESH MINT,14,1.75
MENTOS.GOMA 16G STICK PURE WINTERGREE,14,1.75
MERCILON 21CP,1,35.26
MERITOR 2/1000MG 30CP,1,33.65
MERITOR 4/1000MG 30CP,1,46.26
MERTHIOLATE 1% SOL AQUO SPR 30ML,1,23.63
MERTHIOLATE INCOLOR 30ML,2,20.03
MERTHIOLATE SPRAY 45ML,2,37.04
MESALAZINA 800MG 30CP NEO QUIMICA,2,67.21
MESIGYNA SERINGA 1X1ML,2,26.15
MESILATO DE DOXAZOSINA 2MG 30CP TEUT.,5,21.26
MESILATO DE DOXAZOSINA 4MG 30CP NOVA,7,19.85
MESILATO DE DOXAZOSINA 4MG 30CP SANDO,1,70.6
"METAMUCIL LARANJA 10 SACHES 5,85G",2,58.0
METAMUCIL LARANJA 174G,2,109.63
METICORTEN 20MG 10CP,1,18.73
METILDOPA 250MG 30CP EMS,3,25.88
METILDOPA 500MG 30CP EMS,3,44.92
METOPROLOL 100MG 30CP PHARLAB,2,26.62
METRONIDAZOL 250 MG 20 CP TEUTO,4,4.49
METRONIDAZOL 400MG 24 CP TEUTO,4,7.83
METRONIDAZOL 50G GEL VAG GEOLAB,3,21.34
METRONIDAZOL+NISTATINA CR VAG 50G GEO,5,30.2
MICONAZOL 20MG/G 30G CR,12,7.63
MICONAZOL 20MG/G 30ML LC,2,4.28
"MICROP.BEGE SALVELOX 2,5CMX4,5M",10,4.69
MICROPIL 21DR,1,22.56
"MICROPOROSA SALVELOX 1,2CMX4,5M",14,2.83
"MICROPOROSA SALVELOX 2,5CMX4,5M",8,4.25
"MICROPOROSA SALVELOX 5CMX4,5M",4,6.49
MICROVLAR 21DR,6,7.84
MIGRALIV 12CP*,6,7.77
MILDE 1000 UI/GOTA 10 ML,1,38.57
MILGAMMA 150MG 30DR,1,55.53
MILLAR POM 30GR,3,74.85
MINANCORA ACTION Antiane 90G,2,11.98
MINANCORA ACTION CR 30G,3,17.11
MINANCORA ANTISSINAIS GEL CR.FACIAL 4,1,19.36
MINERAL 89 VICHY 30ML,2,98.4
MINERAL 89 VICHY HIDRATANTE FACIAL 50,1,147.56
MINI BOTOX PROBELLE GEL 150G,2,19.2
"MINILAX PM 7 BISNAGAS 6,5",2,44.86
MINOXIDIL 50MG/ML 50ML BIOSINTETICA,1,32.8
MINOXIDIL SOL CAP 50ML NEO QUIMICA,1,36.99
MIOFLEX A 12CP,2,19.64
MIORRELAX 30CP NEO QUIMICA,7,12.12
MIOSAN 10MG 10CP,6,15.23
MIOSAN 5MG 10CP,4,14.71
MIOSAN 5MG 30CP,1,36.81
MIOSAN CAF 10+60MG 15CP,2,27.62
MIOSAN CAF 5+30MG 15CP,1,25.35
MIOSAN ODT 10MG 10CP,1,16.7
MIOSAN ODT 5MG C 10 COMP,1,14.33
MIRACALCIO MDK 730MG 30CP GEOLAB,2,21.43
MIRADOR DE COLICA BUTIL 20CP NEO QUIM,27,8.51
MIRANDELLA REF 018 TIGELA P/TINTURA G,4,2.59
MIRANDELLA REF 115 SABONETEIRA ETNA,2,2.99
MIRANDELLA REF 121 LUVA NITRILICA G 2,6,1.69
MIRANDELLA REF 122 LUVA NITRILICA M 2,3,1.69
MIRANDELLA REF 123 LUVA NITRILICA P 2,5,1.69
Mirandella Ref 365 Saboneteira de Pia,5,4.65
Mirandella Ref 366 Estojo para Escova,1,3.3
Mirandella Ref 456 Massageador de Sil,3,8.65
Mirandella Ref 467 Espelho de Mao,3,3.33
MIRANDELLA REF 5014 PENTE FINO EXT PI,9,10.65
MIRANDELLA REF 549 NAVALHA PLASTICO S,2,4.65
MIRANDELLA REF 621 LUVA VINIL M 20UN,6,7.99
MIRANDELLA REF 622 LUVA VINIL G 20UN,5,7.99
MIRANDELLA REF 762 CORTADOR DE UNHA P,3,4.99
MIRANDELLA REF 968 KIT MINI ELAST 280,3,8.5
MIRANDELLA REF1413 ARGILA BRANCA 400G,3,11.99
MIRANDELLA REF5019 LIXA MD COLO 11CM,96,0.1
MIRTAZAPINA 15MG 30CP GLOBO,2,23.03
MIRTAZAPINA 15MG 30CP SANDOZ,2,19.32
MIRTAZAPINA 30MG 30CP TEUTO,2,35.79
MIRTAZAPINA 45MG 30CP TORRENT,1,75.23
MIRUGELL COL 15ML,1,39.32
MIRUGELL COL 5ML,4,15.98
MOBILITY OSCAL D 500/100MG 60 CP,2,112.01
MODIK 6SACHÊS 250MG,1,78.85
MOLIERI 20 24CP,1,39.77
MOLIERI 30 21CP,3,55.64
MONANGE HIDR MAOS Q10 75G,2,7.26
MONANGE HIDRAT.PAIXãO TENTADORA 400ML,5,11.36
"MONAX 0,5MG/G SUS NAS C/60 MOMENTA",1,32.66
MONAX SUSP SPRAY NASAL EUROFARMA,1,39.3
MONON.DE ISOSSORBIDA 20MG 20CP BIOSIN,3,6.55
MONON.DE ISOSSORBIDA 20MG 30CP BIOSIN,2,8.03
MONON.DE ISOSSORBIDA 40MG 30CP BIOSIN,3,15.7
MONTELAIR 10MG 30CP,1,40.39
MONTELAIR 4MG 30CP,1,47.31
MONTELAIR 4MG 30SACHES,1,77.74
MONTELAIR 5MG 30CP,2,40.39
MONTELUCASTE 10MG 30CP TEUTO,2,39.04
MONTELUCASTE 4MG 30CP GEOLAB,2,18.06
MONTELUCASTE 5MG 30CP GEOLAB,3,15.37
MONURIL 1X8G,2,58.88
MONURIL 2X8G,1,79.0
MORDEDOR BUBA C/AGUA MAMADEIRA,2,17.99
MORDEDOR BUBA C/AGUA PEZINHO,3,17.99
MOTILEX HA 30CP,1,126.97
MOTILIUM 10MG 30CP,2,21.0
MOTORE 500MG C/60 COMP,1,134.33
MOUSSE DE LIMPEZA ICE LOVELY,3,7.95
MUCILON 180G MULTICEREAIS SACHÊ,103,5.56
MUCILON 360G ARROZ SACHÊ,3,8.61
MUCILON 360G ARROZ/AVEIA SACHÊ,1,8.43
MUCILON 360G MULTICEREAIS SACHÊ,13,7.62
MUCILON 400G MULTI CEREAIS,21,14.47
MUCOSOLVAN XP AD 120ML,1,30.22
MUCOSOLVAN XP IF 120ML,1,22.04
MUD ORAL POM 10G,2,17.72
MULTIGRIP 20CL,16,25.54
MULTIPROTETOR VULT FPS50 30G,2,17.93
MUNHEQUEIRA AJUST PRETA CREMER TAM UN,6,26.99
MUNHEQUEIRA MERCUR ELASTICA 1UN PRETA,2,27.99
MUPIROCINA 20MG/G PM 15G CRISTALIA,3,23.9
MUPIROCINA PM 15G PRATI DONADUZZI,8,29.45
MURANO KIT MANICURE P/BEBES C/ESTOJO,2,26.65
MUSCULARE 10MG 15CP,5,16.18
MUSCULARE 10MG 30CP,2,26.59
MUSCULARE 5MG 15CP,3,11.94
MUSCULARE 5MG 30CP,1,23.87
MYDRIACIL 0.1% COL 5ML,2,17.78
MYLANTA PLUS MENTA 240ML,2,47.01
MYLANTA PLUS MORANGO 240ML,1,33.0
MYRAFER GT 30ML,1,43.61
MYRBETRIC 50MG 10CP,1,64.5
MYTEDOM 10MG C/20CP *,2,26.72
NACTALI 75MCG 28CP,2,39.49
NALDECON DIA/NOITE 24CP,2,46.54
NALDECON MULTI 16CP,1,25.56
NALDECON NOITE 24CP,3,35.91
NANLAC SUPREME 1A3 LT 800G,2,97.24
NAPRIX 10MG 30CP,5,66.04
NAPRIX 10MG 90CP,1,146.0
"NAPRIX 2,5MG 30CP",1,50.88
NAPRIX-A 10/10MG 30CP,2,43.85
NAPRIX-A 10/5MG 30CP,2,61.56
"NAPRIX-D 5/12,5MG 30CP",2,60.15
NAPROXENO 550MG 10CP NEOQUIMICA,13,15.64
"NARAMIG 2,5MG 4CP",2,18.44
"NARATANO 2,5 MG 10 CP MULTILAB",5,22.41
NARIDRIN GTS 12HS 30ML EMS,10,9.46
NARIX AD 30ML CIMED,570,2.72
NASOAR 30 ENV+FRASCO,2,54.0
"NASOAR INF 0,9% REFIL C 15 ENV",2,28.0
"NASOAR XT 0,9% REFIL C 15 ENV",2,56.45
NASONEX SPR NASAL 120 DOSES,3,56.41
NASONEX SPR NASAL 60 DOSES,5,38.07
NATIFA 1MG 28CP,2,59.72
"NATIFA PRO 1/0,5MG 28CP",2,77.01
"NATRILIX SR 1,5MG 30CP",1,32.28
NATUHAIR TONICO CAPILAR 115ML ENGR FI,1,9.69
NATUHAIR TONICO CAPILAR 115ML FORT AL,2,9.69
NATULAX 10SACHE 8G PSYLIUM MAXINUTRI,2,22.72
NATURETTI 16CL,1,59.87
NATUS GERIN 50CP,1,34.57
NAVALHA MULTIUSO CORES DIVERSAS YOU S,3,2.95
NEBACETIN PM 15G,3,25.23
NEBACETIN PM 50G,1,28.69
NEBACTRINA PM 10G PHARLAB,2,3.17
NEBILET 5MG 30CP,1,86.78
NEBITAH 5MG 30CP ACHE,1,30.46
NEBLOCK 5MG 30CP,1,41.22
NEBULIZADOR /INALADOR G.TECH,3,118.0
NEBULIZADOR G-TECH NEBCOM BIVOLT BRAN,1,134.4
NEBULIZADOR INALAR COMPACT NE-C810 BI,1,89.92
NENE DENT GEL 10G,3,19.98
NEO B 5000MCG+100+100MG 30CP EUROFARM,2,70.88
NEO FEDIPINA 10MG 30CP NEO QUIMICA,3,17.74
NEO FEDIPINA 20MG 30CP NEO QUIMICA,4,19.43
NEO FOLICO 5MG 20CP NEO QUIMICA,2,7.94
NEO LORATADIN 10MG 12CP NEO QUIMICA,26,9.64
NEO VITAMINA D3 10000UI 4CAP NEO,3,8.94
NEO VITAMINA D3 50000UI 4CAP,1,9.99
NEO VITAMINA D3 7000UI 10CAP,2,5.95
NEO VITAMINA D3 7000UI 30CAP NEO,5,7.92
NEOCOFLAN AER 85ML NEOQUIMICA,3,27.93
NEOCOFLAN GEL 60G NEO QUIMICA,10,17.82
NEOGERMINA 10 FR 5ML,7,26.29
NEOLEFRIN 20CP,8,10.73
NEOLEFRIN DIA 20CP,18,4.77
NEOLEFRIN XPE 60 ML,6,21.34
NEOPANTOL BABY CR 30G NEO QUIMICA,10,4.66
NEOPIRIDIN 12PASTILHAS NEO QUIMICA,1,7.43
NEOPIRIDIN SPRAY 50ML NEO QUIMICA,4,24.03
NEORUB 12G ARTE NATIVA,3,6.22
NEOSALDINA 1G DIP C/10CP,2,19.7
NEOSALDINA 20DR,4,28.38
NEOSALDINA 30DR,4,24.68
NEOSALDINA EV 4DR,1,4.28
NEOSALDINA GT 15ML,1,22.89
NEOSALDINA MUSCULAR 20CPR,2,10.81
NEOSIL ATTACK 30CP,1,121.75
NEOSORO FLUID ALTO VOLUME 30 SACHE+FR,3,35.0
NEOSORO SL NASAL AD 30ML NEO QUIMICA,12,3.5
NEOSORO SL NASAL IF 30ML NEO QUIMICA,3,7.17
NEOSTRATA MIN.AOX ROSTO&CORPO FP30 20,2,93.12
NEOSTRATA MIN.AOX ROSTO&CORPO FP70 20,1,107.0
NEOSTRATA MIN.AOX ROSTO&CORPO FP99 20,2,115.85
NEOSTRATA MINESOL OC FPS70 40G MORENA,1,65.71
NEOSTRATA MINESOL OC FPS70 40G NEGRA,1,66.96
NEOSTRATA MINESOL OIL CONTROL FPS30 4,1,62.9
NEOSTRATA MINESOL OIL CONTROL FPS70 4,3,71.0
NEOSTRATA MINESOL OIL SERUM FPS30 40G,2,64.27
NEOSULIDA 100MG 12CPS NEO QUIMICA,58,9.26
NEOTAREN 50MG 20CPS NEO QUIMICA,52,10.75
NEOTOSS 15MG 100ML NEO QUIMICA,3,13.5
NEOTOSS XP IF 60ML NEO QUIMICA,5,9.95
NEOVANGY MR 35MG C/30 COMP,2,63.31
NEOVITE LUTEIN 60CP,1,259.95
NEOVITE MAX 30CP,1,126.0
NEOVITE MAX 60CAPS,1,161.81
NEOVLAR 21DR,17,5.41
NESINA 25MG 30CP,2,145.61
"NESINA MET 12,5MG/1000MG 60CP",1,151.14
"NESINA MET 12,5MG/850MG 60CP",1,151.14
NEURAL 100MG 30CP,3,59.24
NEUTRALIZADOR PURO AR 350ML CAPIM LIM,3,7.62
NEUTRALIZADOR PURO AR 350ML LAVANDA,1,7.62
NEUTRALIZADOR PURO AR 350ML ROSA,1,7.62
NEUTRALIZADOR PURO AR 350ML TALCO,3,7.62
NEUTROFER 300MG 30CP,1,49.63
NEUTROFER 500MG 30CP,1,70.07
NEUTROFER FOLICO GT 30ML,1,52.56
NEUTROFER GT 30ML,2,53.34
NEUTROGENA ACNE PROOFING ESFOLIANTE 1,2,30.78
NEUTROGENA ACNE PROOFING GEL DE LIMP.,1,45.85
NEUTROGENA AGUA MICELAR BOOST DEMA 20,1,25.97
NEUTROGENA AGUA MICELAR DEMAQ.200ML,2,29.06
NEUTROGENA BODY CARE 200ML HIDRA&REPA,5,17.05
NEUTROGENA BODY CARE 200ML HIDRA&SUAV,8,17.05
NEUTROGENA BODY CARE 400ML HIDR&REPAR,1,26.48
NEUTROGENA BODY CARE 400ML HIDRA&REVI,3,27.08
NEUTROGENA BODY CARE 400ML HIDRA&SUAV,3,27.08
NEUTROGENA BOOST HYDR WAT GEL 400ML,1,42.8
NEUTROGENA CR FACE ANTI FPS22 100G,3,25.67
NEUTROGENA CR FACE ANTI REPAR 100G,2,28.56
NEUTROGENA CR FACE MAT 3 EM 1 100G,2,25.67
NEUTROGENA DEEP CLEAN ENERG.ESFOLI 10,2,25.3
NEUTROGENA DEEP CLEAN GEL GRAPEFRUIT,1,27.02
NEUTROGENA DEEP CLEAN GEL LIMPEZA 150,1,25.43
NEUTROGENA DEEP CLEAN SAB.FACIAL 80G,3,10.23
NEUTROGENA ESF 100G PURIFIED SKIN,3,40.38
NEUTROGENA GEL LIMP 150G PURIFIED SKI,2,37.99
NEUTROGENA HIDRO BOOST GEL 200ML WATE,1,25.09
NEUTROGENA HIDRO BOOST GEL 50G WATER,1,50.79
NEUTROGENA HIDRO BOOST GEL LIMP.200ML,1,40.47
NEUTROGENA HIDRO BOOST GEL LIMP.300ML,2,51.09
NEUTROGENA LENCOS DEMAQ.DEEP CLEAN 25,2,25.7
NEUTROGENA NORWEG.HIDRAT.400ML C/FRAG,1,62.02
NEUTROGENA NORWEG.HIDRAT.400ML S/FRAG,1,60.46
NEUTROGENA PURIFIED GEL LIMPEZA 300G,1,50.07
NEUTROGENA SU F FPS50 200ML+FPS50 120,5,60.0
NEUTROGENA SU F FPS70 200ML+FACIAL FP,1,75.08
NEUTROGENA SUN FRESH FPS30 200ML,2,52.36
NEUTROGENA SUN FRESH FPS30 PELE OLEO,2,41.76
NEUTROGENA SUN FRESH FPS70 COR 3.0,1,53.89
NEUTROGENA SUN FRESH FPS70 N/SC C/COR,2,45.35
NEUTROGENA SUN FRESH FPS70 N/SC S/COR,1,45.0
NEUTROGENA SUN FRESH FPS70 P OLEO.M.4,1,51.22
NEUTROGENA SUN FRESH FPS70 P.NEGRA 40,1,45.57
NEUTROGENA SUN FRESH FPS70 PELE O.CL,3,40.9
NEUTROGENA SUN FRESH FPS70 PELE OLEO,1,52.02
NEUTROGENA SUN FRESH FPS80 COR 2.0 40,1,53.89
NEUTROGENA SUN FRESH FPS80 COR 3.0 40,1,62.19
NEUTROGENA SUN FRESH FPS90 200ML,1,87.0
"NEVANAC 0,1% COL 5ML",2,69.53
NEVRIX IM C/3 AMP,3,20.24
NEXTELA 15MG+3MG C 28 COMP,1,79.0
NICORETTE 2MG 30 GOMAS ICE MINT,2,78.46
NICORETTE 4MG 30 GOMAS ICE MINT,1,79.13
NIFEDIPRESS RETARD 20MG 30CP MEDQUIMI,8,5.98
NIMEGON MET 50/850MG 56CP,1,187.9
NIMESULIDA 100MG 12CP NEO QUIMICA,5,1.39
NIMESULIDA 100MG 12CP PRATI DONADUZZI,24,1.83
NIMESULIDA GT 15ML TEUTO MT,4,11.0
NIQUITIN 14MG 7ADESIVOS,2,93.23
NIQUITIN 21MG 7ADESIVOS,1,99.56
NIQUITIN 7MG 7ADESIVOS,1,92.0
NISTATINA CR VAG 60G GEOLAB,4,13.84
NISTATINA CR VAG 60G TEUTO MT,2,12.74
NISTATINA SS 50ML TEUTO LT,3,18.89
NISTATINA+OXIDO DE ZINCO PM 60G NEO Q,90,6.46
NISULID DISPERSIVEL 12CP,1,56.95
NITAZOXANIDA 20MG/ML 100ML EUROFARMA,2,37.11
NITAZOXANIDA 20MG/ML 45ML EUROFARMA,6,17.91
NITAZOXANIDA 500MG 6 CP ALTHAIA,1,41.97
NITAZOXANIDA 500MG 6 CP GERMED,11,15.42
NITAZOXANIDA 500MG C/6CP EUROFARMA,3,15.9
NITRATO DE FENTICONAZOL CR VAG.40G EU,2,32.98
NITRATO DE MICONAZOL CR 80G NATIVITA,1,10.63
NITRATO DE MICONAZOL LC 30ML CIMED,2,12.04
NITRENDIPINO 10MG 30CP BIOSINTETICA,1,22.56
NITROFURANTOINA 100MG 28CAP TEUTO,1,7.07
NIVEA ACNE CONTROL ESFOLIANTE 75ML,5,33.17
NIVEA ACNE CONTROL SABONETE GEL 150G,7,28.73
NIVEA ACNE CONTROL TONICO 200ML FAC,5,18.81
NIVEA BALSAM FOR MEN P.B.SENSITIVE 10,2,35.0
NIVEA BANHO 250ML MILK PELE SECA,3,19.74
NIVEA BATH CARE ESFOLIANTE CORPORAL 2,1,29.33
NIVEA BODY Q10 PLUS 200ML FIRMADOR,5,20.0
NIVEA BODY Q10 PLUS 200ML FIRMADOR/VI,3,20.0
NIVEA CR 29G,28,10.76
NIVEA CR 56G,3,13.85
NIVEA CR 97G,2,23.0
NIVEA CR FACIAL 100G HIDRATANTE EM GE,2,18.0
NIVEA CR FACIAL 100G NOTURNO,1,18.0
NIVEA CR FACIAL 100G NUTRITIVO,4,18.0
NIVEA CR FACIAL 100G PELE NEGRA,1,18.0
NIVEA CR FACIAL 49G CELLULAR DIA,1,44.0
NIVEA CR.CELLUAR LUMINOUS 40ML,1,59.0
NIVEA CR.P/MAOS Q10 PLUS ANTIIDADE 75,1,15.52
NIVEA CR.PELE MEN 4 EM 1 75GR,1,20.08
NIVEA CR.RENOVADOR 40ML ACNE CONTROL,1,24.18
NIVEA HIDRATANTE 200ML LOTION,6,13.0
NIVEA HIDRATANTE 200ML MILK P.EXTRA S,12,13.0
NIVEA HIDRATANTE 200ML SOFT MILK P.SE,9,11.26
NIVEA HIDRATANTE 400ML MILK P.EXTRA S,21,19.32
NIVEA HIDRATANTE 400ML SOFT MILK P.SE,6,23.0
NIVEA LC.BODY CUIDADO INTENSO 200ML,9,15.62
"NIVEA LIP CARE 4,8G MANGA",3,16.02
NIVEA LIP CARE HIDRA COLOR NUDE 4.8GR,3,16.12
NIVEA LOCAO LUM630 ANTI MARCAS 200ML,1,54.0
NIVEA P.SOLAR FAC C.OLEOSIDAD FPS60 5,1,42.57
"NIVEA PROT LABIAL BAUNILHA BELA 4,8GR",4,10.7
"NIVEA PROT LABIAL COLOR ROSA PINK 4,8",1,14.52
"NIVEA PROT LABIAL COLOR VERMELHO 4,8G",2,17.23
"NIVEA PROT LABIAL ESSENTIAL 4,8G",4,11.0
"NIVEA PROT LABIAL MORANGO SILVES 4,8G",5,10.7
"NIVEA PROT LABIAL OIL NATURAL 5,5ML",2,19.93
"NIVEA PROT LABIAL OIL ROSE 5,5ML",3,19.14
"NIVEA PROT LABIAL ULTRA HIALURONIC 5,",4,19.93
NIVEA Q10 CR ANTIRUGAS+ENERGIZ.50ML,1,26.37
NIVEA Q10 SERUM 30ML DUPLA ACAO,1,53.18
Nivea Sérum Facial Luminous 630° Anti,2,84.48
NIVEA SERUM OLEO LUM630 ANTI ESTRESSE,2,52.27
NIVEA SOFT PT 48G,3,14.77
NIVEA SOFT PT 98G,2,25.83
NIVEA SUN PROTECT&HIDRAT FPS30 100ML,8,22.99
NIVEA SUN PROTECT&HIDRAT FPS30 200ML,19,31.47
NIVEA SUN PROTECT&HIDRAT FPS70 200ML,6,58.0
NIVEA VISAGE A.MICELAR EF.MATTE P.MIS,5,20.0
NIVEA VISAGE ANTIRUGAS Q10 DIURNO 52G,2,29.43
NIVEA VISAGE ANTIRUGAS Q10 NOTURNO 49,2,28.0
NIVEA VISAGE GEL SUAVE DE LIMP 150ML,5,19.45
NIVEA VISAGE GEL SUAVE DE LIMP.142G O,3,24.24
NIVEA VISAGE Q10 ENERG NOITE 50G,2,27.0
NIVEA VISAGE Q10 LIGHT 50G,3,28.0
NIVEA VISAGE TONICO ADSTR.P.OLEOSA 20,5,17.0
NIVEA.CR HAND 075G 3EM1 REPARACAO,2,15.52
NIVUX 100MG+20MG 12 COMP,1,50.95
NOCICLIN 21CP EMS,8,3.71
NOCTAL 2MG 20CP *,3,23.75
NOEX 32MG 120 DOSES,1,25.4
NOEX 50MCG 200 DOSES,1,60.86
NORDETTE 21DR,5,9.0
"NORESTIN 0,35MG 35CP",2,8.46
"NORETISTERONA 0,35MG 35CP BIOLAB",14,7.16
NORETISTERONA+ESTRADIOL INJ 1ML S/SER,1,12.71
NORFLOXACINO 400MG 14CP SANDOZ,1,35.71
NORI-1 100MG 30CP,2,27.47
NORI-1 50MG/ML SOL ORAL 30ML,2,16.62
NORIPURUM 30CP MAST.,2,61.15
NORIPURUM FOLICO 30CP MAST.,2,63.09
NORIPURUM GTS 30ML,1,38.05
NORMADERM GEL LIMP.PHYTOSOLUTION 150G,2,58.8
NORMADERM GEL LIMPEZA 150G,2,56.64
NORMADERM GEL LIMPEZA 300G,1,76.91
NORMADERM GEL LIMPEZA 60G,2,36.72
NORMADERM GEL LIMPEZA REFIL 240G,4,63.0
NORMADERM GEL PHYTOSOLU 300G,1,75.2
NORMADERM PHYTO REFIL 240G,1,62.48
NORMADERM VICHY SAB.70G ANTI-IMPERFEI,1,44.39
NORTRIPTILINA 25MG 30CP RANBAXY,1,22.35
NOTUSS XP AD 120ML,1,25.47
NOVACORT CR 10G,1,12.61
NOVACORT CR 30G,1,24.9
NOVALGINA 1G 10CP,14,18.23
NOVALGINA 1G 10CP EFERV,2,29.08
NOVALGINA 1G 20CP,1,30.54
NOVALGINA 500MG 30CP,2,35.46
NOVALGINA GT 10ML,2,13.68
NOVALGINA IF 5SP,2,18.21
NOVALGINA SL 100ML +COPO,4,28.81
NOVALGINA SL 100ML C/SERINGA,4,38.55
"NOVANLO 2,5MG 30CP",2,45.08
NOVANLO 5MG 30CP,3,87.61
NOVEX GELATINA M C STO BLACK COLA COM,1,10.77
NUTREL GEL DE LIMP.SENSIT.PROFUSE 150,1,40.58
NUTREL SOL MICELAR 200ML PROFUSE,1,30.0
NUTREL SUAVIZANTE BALM 50G,1,55.33
NUTREN ACTIVE 400G BAUNILHA,1,41.22
NUTREN ACTIVE 400G CHOCOLATE,1,48.0
NUTREN ACTIVE 400G MORANGO,1,43.39
NUTREN CONTROL 200ML BAUNILHA,4,10.49
NUTREN CONTROL BAUN LT 380G SN,2,81.0
NUTREN KIDS 350G BAUNILHA,1,28.0
NUTREN KIDS 350G CHOCOLATE,1,28.0
NUTREN KIDS 350G MORANGO,1,28.0
NUTREN SENIOR 200ML BAUNILHA,9,12.0
NUTREN SENIOR 200ML CHOCOLATE ZERO LA,2,12.0
NUTREN SENIOR 200ML MIX FRUTAS,3,12.0
NUTREN SENIOR 370G BAUNILHA,5,71.53
NUTREN SENIOR 370G CAFE C/LEITE,2,71.53
NUTREN SENIOR 370G CHOCOLATE,3,71.53
NUTREN SENIOR 370G S/SABOR,3,71.53
NUTREN SENIOR 740G BAUNILHA,4,117.52
NUTREN SENIOR 740G CAFE COM LEITE,2,117.52
NUTREN SENIOR 740G CHOCOLATE,2,116.62
NUTREN SENIOR 740G S/SABOR,2,130.58
NUTREN SENIOR MIX DE FRUTAS 740G,2,115.85
NUTREN SENIOR ZERO 740G BAUNILHA,1,137.86
NUTREN SENIOR ZERO LACTOSE S/ SABOR 7,2,137.89
NUTRIDE 2000UI 60CP MAXINUTRI,3,21.94
NUTRINFAN 120ML SPECIAL-FRUITS,3,46.12
NUTRIOL LOC.MED 100ML,2,57.86
NUVARING 1 ANEL,1,97.06
NYTEB 5MG C/30 CP,1,50.13
OBRACORT COL 5ML,2,31.83
OCTIFEN COL 5ML.,2,29.91
OCUPRESS COL 2% 5ML,2,60.41
"OESTROGEL PUMP 0,6MG/G GEL 80G",3,65.67
OFF REPELENTE KIDS LOCAO 200ML,12,18.38
OFF REPELENTE LOCAO 117ML BABY,10,25.0
OFF REPELENTE LOCAO 200ML FAMILY,15,12.26
OFF REPELENTE SPRAY FAMILY 170ML OFER,8,12.26
OFTPRED 10MG 5ML,2,37.79
OGESTAN GOLD C/30 CAPS,1,100.91
"OGESTAN PRE 1,2G C/30 CAPS",2,50.17
OLANZAPINA 10MG 30CP GEOLAB,1,30.34
OLANZAPINA 10MG 30CP* BIOSINTETICA,2,25.05
"OLANZAPINA 2,5MG 30CP",1,15.09
"OLANZAPINA 2,5MG 30CP EUROFARMA",3,151.39
"OLANZAPINA 2,5MG 30CP GERMED",2,12.2
OLANZAPINA 5MG 30CP BIOSINTETICA,1,218.94
OLANZAPINA 5MG 30CP EUROFARMA,2,223.59
OLEO BANHO DOVE 240ML LIQ CLICERINADO,1,25.76
OLEO BEAUTYE 10ML ROSA MOSQUETA,2,6.14
OLEO CAP SIAGE ARGAN RECONSTROI 60ML,1,44.5
OLEO CAP SL BAUNILHA DOCE 60ML,2,19.59
OLEO CAP SL C.SONHOS 50ML ARGAN OIL,2,14.6
OLEO CAP SL C.SONHOS 50ML CEREJA UVA,2,14.6
OLEO CAP SL C.SONHOS 50ML DEFIN NATUR,2,14.97
OLEO CAP SL C.SONHOS 50ML UVA MULTY V,2,14.6
OLEO CAP SL CHOC BRILHO 50ML,2,14.6
OLEO CAP SL GLAMOUR CHIC 60ML,3,18.71
OLEO CAP SL KIDS BOB ESPONJA 42ML,7,13.2
OLEO CAP SL MEU LISO DEMAIS 60ML,2,18.64
OLEO CAP SL MEU LISO MUITO + LISO 60M,1,18.64
OLEO CAP SL MULTIBENEFICIOS+PODER 42M,3,13.2
OLEO CAP SL OLEO DE COCO #TDC 42ML,2,13.2
OLEO CAP SL REP EXT FORTE #TDC 60ML,2,17.65
OLEO CAP SL SERUM C.SONHOS MULTY 200M,2,27.19
OLEO CAP SL SERUM DEF NATURAL 200ML,3,27.19
OLEO CAP SL SERUM GLAMOUR CHIC 200ML,4,27.35
OLEO CAP SL SERUM HID PROFUNDA 200ML,6,27.19
OLEO CAP SL SERUM MULTY P.LEMONA 200M,4,27.19
OLEO CAP SL SONHOS BANANA MULT MARAVI,2,13.89
OLEO CAP SL SONHOS MARCUJA MULT MILAG,2,13.99
OLEO CAP SL SONHOS MELANCIA MULT PODE,3,15.0
OLEO CAP SL SONHOS MORANGO MULT EXTRA,2,14.88
OLEO CAP SL SUPER OLEOS #TDC 42ML,3,13.0
OLEO CAP SL UVA MULTY IRRESISTIVEL 50,2,14.32
OLEO CAP SL VIBES POP 60ML,1,18.71
OLEO CAPILAR NATUHAIR 60ML COPAIBA,4,6.99
OLEO CAPILAR NATUHAIR 60ML D-PANTENOL,2,7.7
OLEO CAPILAR NATUHAIR 60ML JOJOBA,1,7.99
OLEO CAPILAR NATUHAIR 60ML MUTAMBA,3,6.99
OLEO CAPILAR NATUHAIR MALALEUCA 60ML,2,7.7
OLEO CREME KOLENE 200ML DANOS EXTREMO,2,12.59
OLEO DE ALHO 60ML NATUHAIR,1,8.0
OLEO DE AMENDOA DOCE MURIEL 100ML,6,9.69
OLEO DE AMENDOA DOCE MURIEL 100ML AME,6,9.69
OLEO DE AMENDOA DOCE MURIEL 100ML ARG,6,9.69
OLEO DE AMENDOA PAIXAO 100M ROSAS BRA,3,10.05
OLEO DE AMENDOA PAIXAO 100ML AVELÃ,3,10.69
OLEO DE AMENDOA PAIXAO 100ML BAUNILHA,4,10.16
OLEO DE AMENDOA PAIXAO 100ML FLOR DE,3,10.13
OLEO DE AMENDOA PAIXAO 100ML FRAMBOES,5,10.13
OLEO DE AMENDOA PAIXAO 100ML TENTADOR,4,10.13
OLEO DE AMENDOA PAIXAO 200M IRRESISTI,6,18.19
OLEO DE AMENDOA PAIXAO 200ML INSPIRAD,6,18.18
OLEO DE AMENDOA PAIXAO 200ML TENTADOR,5,17.51
OLEO DE BANANA FARMAX 28ML,6,2.35
OLEO DE COCO NUTTY 15ML EXTRAVIRGEM,13,1.14
OLEO DE COPAIBA 10ML UNIFARMA,3,7.99
OLEO DE LIMP DEMAQUILANTE OL01 200ML,3,45.43
OLEO DE PRIMULA 40 CAPS CATARINENSE,1,53.79
OLEO DE RICINO 30ML,10,4.25
OLEO DE RICINO 60ML BELLAPHYTUS,1,7.79
OLEO DE ROSA MOSQUETA 10ML,16,6.85
OLEO DE ROSA MOSQUETA 30ML FACE BEAUT,11,8.5
OLEO DE ROSA MOSQUETA 50ML HERBARIUM,3,32.4
OLEO DE ROSA MOSQUETA EPILE 10ML,2,18.05
OLEO J&J BABY 200ML,3,42.37
OLEO J&J BABY 200ML AMENDOA,2,42.37
OLEO J&J BABY 200ML HORA DO SONO,1,45.33
OLEO MAGICO DABELLE 40ML COCO,1,16.0
OLEO MAGICO DABELLE ABACATE NUT 45ML,3,15.99
OLEO MAGICO DABELLE ARGAN 45ML,1,14.17
OLEO MAGICO DABELLE BABOSA OLIVA 45ML,2,17.62
OLEO MAGICO DABELLE BLEND COND 45ML,1,16.0
OLEO MAGICO DABELLE CEREJA MANIA 45ML,2,15.99
OLEO MAGICO DABELLE JOJOBA 45ML,3,17.62
OLEO MAGICO DABELLE MILAGRES DO MEL 4,2,15.99
OLEO MAGICO DABELLE ROSA MOSQUETA 45M,2,17.62
OLEO MARCIA MULTIUSO AMENDOAS 90ML,3,7.33
OLEO MARCIA MULTIUSO COCO 90ML,1,7.33
OLEO MARCIA MULTIUSO OLEO ARGAN 90ML,2,7.33
OLEO MARCIA MULTIUSO RICINIO 90ML,4,7.33
OLEO MARCIA MULTIUSO ROSA MOSQUETA 90,3,7.33
OLEO MINERAL 100ML ARTE NATIVA,5,4.1
OLEO MINERAL 100ML NATURAL FARMAX,3,8.99
OLEO NATURAIS ÁRABES MURIEL 100ML ARG,3,9.5
OLEO NUTRIT KOLENE 45ML SUPERFINALIZA,2,17.08
OLEO REP.PONTAS NATUHAIR 60ML OLEO AR,1,9.78
OLEO S.L BOOSTER 120ML DEF CACHOS OST,2,30.88
OLEO S.L BOOSTER 120ML DEFINICAO NATU,2,30.88
OLEO S.L M.LISO 120ML VANILLA GLOW,2,20.0
OLEO S.L MULTY 120ML CHOCOLATE,2,22.0
OLEO S.L MULTY 120ML MELANCIA,2,22.0
OLEO S.L PRIMER 120ML M.LISO OSTENTAC,2,20.0
OLEO S.L SERUM 120ML M.LISO DOS SONHO,1,20.0
OLEO SERUM DOVE DEO CORP FIRMADOR 150,2,36.54
OLEO SERUM DOVE DEO CORP HIDRATANT 15,2,36.64
OLEO SERUM DOVE DEO CORP TOM UNIF 150,3,36.64
OLEO UMEC SALON LINE TODECACHO 100ML,1,15.0
OLEO VULT 90ML CACHOS CRESPO,2,21.24
OLEO VULT 90ML PODEROSO NUTRI,3,22.14
OLINA 100ML WESP,1,20.71
OLMECOR 20MG 30CPS,1,42.13
OLMECOR 40MG 30CPS,1,30.08
"OLMECOR HCT 20+12,5 C/30 COMP",1,51.97
OLMESARTANA 20MG 30CP GEOLAB,6,15.51
OLMESARTANA 20MG 30CP TORRENT,2,28.72
OLMESARTANA 40MG 30CP EMS,9,19.93
OLMESARTANA MEDOXOMILA 20+5MG 30CP,2,22.28
OLMESARTANA+ANLODIPINO 40+5MG C/30CP,1,25.41
OLMESARTANA+ANLODIPINO 40/10MG C/30C,1,34.73
"OLMESARTANA+HCT 20/12,5MG 30CP EUROFA",2,34.16
"OLMESARTANA+HCT 20/12,5MG 30CP NEO QU",2,34.15
"OLMESARTANA+HCT 40/12,5MG 30CP EMS",1,27.73
OLMESARTANA+HCT 40/25MG 30CP EUROFARM,1,38.92
OLMY ANLO 20+5MG 30CP,1,47.71
OLMY ANLO 40+10MG 30 COMP,1,54.96
OLMY ANLO 40+5MG 30 COMP,1,54.96
OLSAR 40MG 30CP MOMENTA,1,29.06
"OLSAR H 20+12,5MG 30CP",1,39.42
"OLSAR H 40+12,5MG 30CP",1,47.07
OMATER GEST C/30 CAPS HERBARIUM,1,101.42
OMCILON-A ORABASE PM 10G,5,14.99
OMEGA CERA MODELADORA DE TRANCAS 150G,1,14.65
OMEPRAZOL 20MG 28CP EMS,4,6.05
OMEPRAZOL 20MG 28CP GEOLAB,7,4.1
OMEPRAZOL 20MG 56CP GEOLAB,23,7.05
"OMNIC OCAS 0,4MG 30CP",2,113.12
ONCICREM-A 10G GEOLAB,4,10.91
ONCILEG A POM 10G LEGRAND,3,9.45
ONDIF 4MG C/10 FILMES,1,38.76
ONDIF 8MG C 10 FILMES,1,73.03
ONDSET 4MG/5ML SOL ORAL FR 100 ML,1,47.93
ONE LOVE UNHAS AUTOCOL FRENCH CLASSIC,5,25.99
ONE LOVE UNHAS AUTOCOL FRENCH DIAMONT,2,25.99
Onelove OL-0283 Glaze,1,20.99
Onelove OL-0483 Unhas Autocolantes Ov,6,20.99
ONELOVE OL-0702 UNHAS AUTOCOLANTES GL,6,20.99
OPTILAR SOL OFTAM 4MG/ML 5ML,1,27.48
OPTIVE COL 10ML,2,54.54
ORGANONEURO-CEREBRAL 25DR,1,61.35
ORLISTATE 120MG 42CP PRATI DONADUZZI,5,52.63
ORLISTATE 120MG 84CP PRATI DONADUZZI,2,104.87
OSCILLOCOCCINUM 200K 6DOSES,2,69.6
OSCILLOCOCCINUM 30 DOSES,2,235.5
OSSOTRAT-D 600MG 60CP DELTA,3,53.92
OSSOTRAT-D PLUS 600MG 60CP DELTA,1,37.12
OSTEOBAN 150MG 1CP,1,38.2
OSTEONUTRI 600MG+400UI 30CP,1,81.97
OTO-BETNOVATE 10ML,2,28.65
OTO-XILODASE 8ML,4,21.46
OTOCIRIAX SL OTO 5ML,3,39.74
OTOSPORIN 10ML,3,13.83
OTOSYLASE 10ML GEOLAB,9,10.81
OXALATO DE ESCITALOPRAM 15MG 30CP,5,9.34
OXALATO DE ESCITALOPRAM 10MG 30CP EMS,4,73.43
OXALATO DE ESCITALOPRAM 10MG 30CP GEO,8,54.01
OXALATO DE ESCITALOPRAM 15MG 30CP NOV,3,124.16
OXALATO DE ESCITALOPRAM 15MG 30CP SAN,2,17.58
OXALATO DE ESCITALOPRAM 15ML GEOLAB,3,72.49
OXALATO DE ESCITALOPRAM 20MG 30CP,2,9.0
OXALATO DE ESCITALOPRAM 20MG 30CP GEO,3,100.13
OXALATO DE ESCITALOPRAM 20MG 30CP N.Q,1,133.06
OXCARBAMAZEPINA 300MG 30CP MEDLEY,1,42.93
OXCARBAMAZEPINA 600MG 30CP*RANBAXY,1,73.43
OXIMETRO DE PULSO PORTATIL G-TECH MOD,2,98.28
OXIMETRO VITAL CHECK HC276 MULTILASER,2,65.55
PACO 500/30MG 12CP *,2,27.68
PACO 500/30MG 24CP *,1,50.27
PACOCA PACOQUITA ROLHA ZERO 15G,2,0.71
PACOTE SACOLA PLASTICA MAX 30X40,180,2.17
PACOTE SACOLA PLASTICA MAX 40X50,160,2.57
PACOTE SACOLA PLASTICA MAX 60X80,120,3.76
PALETA TRIO DE BLUSH LUXURY FACE BEAU,2,9.95
PALETA TRIO DE CONTORNO LUXURY COR 02,3,9.95
PALETA TRIO DE ILUMINADOR LUXURY FACE,4,18.51
PALEXIS 50MG C/30CPS,1,65.37
PALINETES YORK ANTIGERME POTE 150UN,8,5.48
PALITO 13 CM LANDHS MODELO,91,0.75
PALITO DE MANICURE LAND'S 2PONTAS,31,0.24
PALITO PARAJU UN CUT BELL,49,1.32
PAMELOR 10MG 30CP *,1,33.54
PAMELOR 25MG 30CP *,1,34.18
PANT 50MG/ML SPRAY 50ML,1,67.78
PANTOGAR 30CP,1,84.75
PANTOPRAZOL 20MG 28CP BIOSINTETICA,12,46.75
PANTOPRAZOL 20MG C/28 COMP,1,4.04
PANTOPRAZOL 40MG 28CP NEO QUIMICA,6,6.93
PANTOPRAZOL 40MG 30 CP MEDQUIMICA,1,51.66
PAPEL HIGIENICO COTTON 12UN NEUTRO,7,11.42
PAPEL HIGIENICO DELUXE L12UN P11UN NE,22,7.79
PAPEL HIGIENICO FLORAL NEUTRO 12UN,131,7.68
PAPEL RESMA A4 PACOTE 500 FOLHAS,3,34.9
PAPULESS GEL 4% 25G,2,77.42
PARACETAMOL 750MG 20CP MEDQUIMICA,28,6.0
PARACETAMOL 750MG 20CP PRATI/DONADUZZ,59,2.32
PARACETAMOL GT 15ML,15,2.84
PARACETAMOL+CODEINA 500/30MG 12CP* NE,2,7.31
PARACETAMOL+CODEINA 500/30MG 24CP* EM,1,27.21
PARACETAMOL+CODEINA 500/30MG 24CP* NE,2,15.63
PARACETAMOL+CODEINA 500/30MG 36CP* MU,2,31.49
PASALIX 30CP,2,44.75
PASALIX PI 1000MG C/20 COMP,1,73.46
PASALIX PI 500MG 20CP,2,53.38
PASALIX PI 500MG 30CP,1,60.86
PAST.GAROTO 17G HORTELA,37,1.52
"PAST.TIC-TAC 14,5G FRUTAS",13,3.11
"PAST.TIC-TAC 14,5G LARANJA",14,3.12
"PAST.TIC-TAC 14,5G MENTA",15,3.12
"PAST.TIC-TAC 14,5G MORANGO",8,2.97
PASTA D'AGUA OXIDO ZINCO 1 BIS 80 G N,2,9.59
PASTA MOD SL MEN ESSEN FIX FORTE 60G,3,12.62
PASTILHA MENTOS 105G FRUIT KISS MORAN,3,23.8
PASTILHA MORANGO FINI 14G,18,0.75
PATANOL 5ML,1,45.7
"PATANOL S 2,5ML",2,64.16
PATZ GOTAS 10MG C 20ML,1,96.04
PATZ SL 10MG 30CP,1,96.07
PATZ SL 5MG 30CP*,3,75.73
PEDIALYTE MAX 500ML COCO,1,19.0
PEDIALYTE MAX 500ML MORANGO,3,19.0
PEDIALYTE MAX 500ML UVA,2,19.0
PEDIASURE 400G CHOCOLATE,2,60.3
PEDIASURE 400G MORANGO,2,42.55
PEDIASURE 850G BAUNILHA,3,114.09
PEDRA HUME 30ML SOL SPRAY UNIPHAR,6,5.19
PEDRA POME BLISTER,9,0.99
PEDRA POMES 166 MODELO,3,1.29
PEDRA POMES ESPECIAL BLISTER 1UN,5,2.99
PEG-LAX 4000 250ML,2,39.6
PEIXONIX OMEGA 3 MAST.400MG 60CPS S/C,3,39.9
PENETRO INALANTE 45ML,2,24.8
PENETRO SPRAY 50ML,1,28.09
PENTE CABO SUPER 080 MODELO,7,1.67
PENTE CAROL 525 MODELO,9,2.35
PENTE FINO 076 MODELO,12,0.83
PENTE FINO PROFISSIONAL 524 MODELO,8,3.5
PENTE MARCO BONI C/ 2 UN,2,4.59
PENTE MARCO BONI PENTE DE PIOLHO (122,6,14.52
PENTE PROFISSIONAL HAIR CARBONO MODEL,2,5.38
PENVIR 125MG 10CP,1,66.34
PEPSAMAR EV 10CP,10,7.81
PERCOF XP 120ML,1,38.08
PERGO 2MG/ML 120ML,1,42.37
PERIDAL 10MG 30CP,2,22.17
PERIOGARD USO DIARIO 500ML,2,37.17
PERIOGARD SL 250ML EXTRA MINT,3,22.33
PERIOXIDIN CREME 65G,1,35.72
PERIOXIDIN ENXAGUATORIO BUCAL 500ML,1,39.13
PERIOXIDIN GEL 32G,2,29.81
PERIVASC 1000MG 30CP,1,89.0
PERIVASC 500MG 30CP,2,60.33
PERIVASC 500MG 60CP,1,112.7
PERLATTE 10.000 FCC 10CP,1,14.76
PERLATTE 10.000 FCC 30CP,1,39.44
PERMANGANATO DEPOTASSIO PO C/10 EV UN,21,3.31
PERMENATI 1% 60ML LOCAO PERMETRINA,2,5.93
PERMENATI 5% 60ML LOCAO PERMETRINA,4,7.38
PEROLA 75MCG 28CP,1,26.86
PHITOSS XP 100ML BRASTERAPICA,2,8.56
PHITOSS XP KIDS 100ML BRASTERAPICA,4,3.25
PIASCLEDINE 300MG 30CAPS,1,236.32
PICOLE KIBON BRIGADEIRO,12,8.11
PICOLE KIBON KIBOMBOM TABLITO,13,8.52
"PICOPREP 10MG/3,5G/12G 2SACHES",2,34.08
PIELUS DETOX BG 200ML,1,64.78
PIELUS LOCAO CAP FORTE 120ML,1,90.5
PIELUS MASC PRO HYALU BG 200ML,1,78.21
PIETRA ED 2MG 30CP,1,56.4
PILHA ALFACELL ALCALINA AA 4UN,7,8.64
PILHA DURACEL ALKALINA PALITO AAA 2UN,23,16.17
PILHA DURACEL ALKALINA PALITO AAA 4UN,7,18.11
PILHA DURACEL ALKALINA PEQ.AA 2UN,13,11.01
PILHA DURACEL ALKALINA PEQ.AA 4UN,17,18.01
PILHA ELGIN ALC AA 2UN PEQ,10,3.47
PILHA ELGIN ALC AAA 2UN PALITO,1,3.47
PINAZAN 100MG 30CP,2,131.42
PINAZAN 25MG 30CP,1,32.67
PINCA MERHEJE,38,0.89
PINCA PONTA FINA SOBRANCELHAS RAINHA,3,7.99
PINCA PONTA RETA SOBRANCELHAS RAINHA,1,7.99
PINCA PONTA RETA SOBRANCELHAS RAINHA,5,13.5
PINCEL DE CONTORNO E BLUSH PARA MAQUI,1,5.5
PINCEL DE ESFUMAR PARA MAQUIAGEM YOUS,1,4.5
PINCEL DE SOMBRA PARA MAQUIAGEM YOU S,3,4.95
PINCEL ILUMINADOR PARA MAQUIAGEM YOU,1,4.5
PINCEL KABUKI PARA MAQUIAGEM YOU SE.M,1,10.95
PINCEL LEQUE PARA MAQUIAGEM YOUSE.ME,3,6.95
PINCEL LINGUA DE GATO PARA MAQUIAGEM,2,5.5
PINCEL P/BARBA MODELLO 175,3,6.0
PINCEL P/TINTURA PEQUENO,1,1.99
PINCEL PARA SOBRANCELHAS PARA MAQUIAG,3,4.95
PIR BICO DE PATO PRETO C/6 420 MODELO,8,3.65
PIR GRANDE PRETA C/2 318 MODELO,1,3.62
PIR SOR CAB PRETA C/4 314 MODELO,5,4.63
PIR TRID GRANDE PRETA C/2 302 MODELO,6,3.55
PIROXICAM 20MG 15CAPS NEO QUIMICA,5,9.6
"PISA 0,375MG 30CP*",2,54.09
"PISA 0,750MG 30CP*",1,101.3
PITAVASTATINA CALC 2MG C/30 COMP,1,54.84
PITAVASTATINA CALC 2MG C/30 COMP,2,54.67
PLABEL 4MG/ML 10ML GTS BELFAR,6,3.25
PLAQ 75MG 30CP,1,60.31
PLASIL 20CP,6,11.57
PLAX SL 250ML FRESH MINT,3,6.62
PLAX SL 250ML ICE INFINITY,3,9.14
PLAX SL 250ML KIDS MINIONS,11,9.49
PLAX SL LV500 PG350ML ICE INFINITY,5,12.0
PLAX SL LV500 PG350ML ODOR CONTROL,3,11.04
PLENANCE 10MG 30CP,1,55.76
PLENANCE 5MG 30CP,2,35.33
PLENANCE EZE 10MG+ 10MG 30CP,1,76.7
PLENANCE EZE 20MG+ 10MG 30CP,1,110.22
PLENANCE EZE 5MG+ 10MG 30CP,1,66.65
PLENIGELL 15ML,2,52.5
PLENIGELL 5ML,5,21.7
PLESONAX 5 MG 20DG NEO QUIMICA,2,2.58
PO FACIAL AVELA FACE BEAUTIFUL,1,5.5
PO FACIAL BANANA FACE BEAUTIFUL,8,5.5
PO FACIAL COMPACTO LUXURY COR 07,2,9.99
PO FACIAL PESSEGO 10GR FACE BEAUTIFUL,2,5.5
PO FACIAL SOLTO ROSA MOSQUETA FACE BE,1,5.5
POINTTS ANT VERRUGAS C/12 APLIC.,1,173.66
POLARAMINE 2MG 20CP,4,15.4
POLARAMINE 6MG REPTABS 12CP,3,18.22
POLARAMINE CR 30G,3,18.96
POLARAMINE LQ 120ML,1,31.5
POLVILHO ANTISSEPTICO 100G FRESH,1,12.65
POLVILHO ANTISSEPTICO 100G PINK,6,11.6
POLVILHO ANTISSEPTICO 100G SPORT,1,11.6
POLVILHO ANTISSEPTICO 100G TRADICIONA,9,11.59
POLVILHO ANTISSEPTICO 200G TRADICIONA,1,19.12
POM MASSAGEADORA CANELA DE VELHO APIN,16,4.99
POMADA MODELADORA SL MULTIUSO 120G,1,13.45
POMADA MODELADORA SL ULTRA FIX 120G,1,12.79
PONDERA 10MG 20CP *,2,56.1
PONDERA 15MG 20CP*,1,39.06
PONDERA 20MG 30CP *,1,117.36
PONDERA 30MG 30CP *,1,258.13
"PONDERA XR 12,5MG C/30 CPR *",1,52.24
PONDERA XR 25MG C/30 CPR *,2,117.1
PONSTAN 500MG 24CP,2,35.66
PORTA ACETONA 150 ML 121 MODELO,4,6.46
PORTA COMPRIMIDOS 107 MODELO,4,5.38
PORTA COMPRIMIDOS 289 MODELO,3,5.38
PORTA ESCOVA MDL 036,5,3.36
POSTEC PM 20G,1,88.61
POWER MILL A-Z 60CAPS PREVENT,36,16.94
POWER MILL MULHER A-Z 90CAPS,46,9.34
POWERADE 500ML FRUTA TROPICAIS 5,1,4.49
POWERADE 500ML LARANJA,2,4.49
POWERADE 500ML LIMAO,6,4.49
POWERADE 500ML MOUNTAIN BLAST,1,4.49
POWERADE 500ML UVA,4,3.6
PRATO INFANTIL BALEIA ROSE 3412,1,35.6
PRE SH ELSEVE 200ML BOND REPAIR,11,24.0
PREBICTAL 150MG 30CL*,1,146.74
PREBICTAL 50MG 30CL*,1,49.03
PREBICTAL 50MG 60CAPS,2,72.94
PREBICTAL 75MG 30CAPS*,1,78.07
PRED FORT 5ML,1,33.64
PREDNISOLONA 20MG 10CP EUROFARMA,16,6.01
PREDNISOLONA 20MG 10CP NEO QUIMICA,21,5.92
PREDNISOLONA 20MG C/10 COMP,8,5.26
PREDNISOLONA 40MG 7CP BIOSINTETICA,1,8.83
PREDNISOLONA 40MG 7CP NEOQUIMICA,3,10.84
PREDNISOLONA 5MG 10CP NEO QUIMICA,16,3.47
PREDNISONA 20MG 10CP NEO QUIMICA,12,14.9
PREDNISONA 20MG 10CP PRATI/DONADUZZI,8,3.29
PREDNISONA 5MG 20CP NEO QUIMICA,5,10.2
PREDSIM 10MG 10CP,1,17.34
PREDSIM 20MG 10CP,1,29.77
PREDSIM 3MG SL 60ML,3,26.73
PREDSIM 40MG 10CP,2,72.55
PREDSIM 40MG 7CP,1,53.3
PREDSIM 5MG 10CP,1,10.18
PREDSIM 5MG 20CP,1,20.45
PREDSIM GTS 20ML,1,35.92
PREGABALINA 150MG 30CAPS*GEOLAB,3,46.58
PREGABALINA 150MG 30CAPS*SANDOZ,2,20.79
PREGABALINA 150MG 30CP* GERMED,2,18.99
PREGABALINA 150MG 30CP*TEUTO,2,109.73
PREGABALINA 75MG 30CAPS* EUROFARMA,2,22.87
PREGABALINA 75MG 30CP*NOVA QUIMICA,1,12.16
PRELONE 11MG GOTAS 20ML,1,33.83
PRELONE 20MG 10CP,2,14.49
PRELONE 5MG 20CP,3,18.55
PRELONE SL 60ML,1,27.29
PRENDEDOR DE CHUPETA KUKA (7200),1,15.95
PRENDEDOR DE CHUPETA MAM BOYS(3113),2,29.1
PRENDEDOR DE CHUPETA MAM CLIP NEUTRO,1,26.7
PRENDEDOR DE CHUPETA MAM GIRLS(3114),2,25.96
PRENI 20 MG C/10 COMP,2,15.53
PRESERV.BLOWTEX 2UN *SKYN SUPREME FEE,2,8.02
PRESERV.BLOWTEX 3UN *RETARDANTE,2,6.99
PRESERV.BLOWTEX 3UN MORANGO C/ CHOCOL,22,5.0
PRESERV.BLOWTEX 6UN *EXTRA FINO,3,12.61
PRESERV.BLOWTEX 6UN TWIST,4,10.07
PRESERV.BLOWTEX L9UN P6UN LUBRIFICADO,2,7.84
PRESERV.BLOWTEX L9UN P6UN MENTA,8,8.61
PRESERV.BLOWTEX L9UN P6UN RETARDANTE,4,10.76
PRESERV.BLOWTEX L9UN P6UN TUTTI FRUTT,9,9.23
PRESERV.BLOWTEX LV9 PG6 ZERO,4,13.27
PRESERV.JONTEX 3UN *LUBRIFICADO XL,2,9.24
PRESERV.JONTEX 3UN *SENSATION DE BOLS,6,7.59
PRESERV.JONTEX 3UN LUBRIFICADO,2,6.23
PRESERV.JONTEX 6UN *COMFORT PLUS,4,13.9
PRESERV.JONTEX LV8PG7 LUBRIFICADO,2,12.64
PRESERV.OLLA 3UN LUB.BOLSO *ICE,7,6.96
PRESERV.OLLA 3UN LUB.BOLSO *LARGE,1,8.4
PRESERV.OLLA 3UN LUB.BOLSO *PLAY,11,4.87
PRESERV.OLLA 3UN LUB.BOLSO *SENSITIVE,1,9.04
PRESERV.OLLA 3UN LUB.BOLSO MORANGO,1,5.37
PRESERV.OLLA 3UN LUB.BOLSO UVA,3,5.23
PRESERV.OLLA 6UN LUB.BOLSO *ICE,4,13.27
PRESERV.OLLA 6UN LUB.BOLSO *LARGE,2,15.56
PRESERV.OLLA 6UN LUB.BOLSO ORIGINAL,4,9.81
PRESERV.OLLA 6UN MORANGO,1,9.73
PRESERV.PRUDENCE 3UN LUBRIFICADO,12,4.44
PRESERV.PRUDENCE 3UN MELANCIA,12,5.72
PRESERV.PRUDENCE 3UN MORANGO,11,5.57
PRESERV.PRUDENCE 3UN TUTTI-FRUTTI,12,5.5
PRESERV.PRUDENCE LV8PG6 * MIX,12,9.57
PRESERV.PRUDENCE LV8PG6 LUBRIFICADO,10,8.59
PRESERV.PRUDENCE LV8PG6 MORANGO,4,8.0
PRESERVIT 60 CAPS GEL,1,88.2
"PRESS PLUS 2,5/10MG 30CP",1,60.05
PRESSAT 10MG 30CP,1,86.79
"PRESSAT 2,5MG 30CP",1,32.2
PRESSAT 5MG 30CP,1,43.83
PRESSAT 5MG 90CP,1,74.63
PRESTIGIO 33G,7,2.9
PRIMERA 20MG 21CP,2,24.22
PRIMERA 30MG 21CP,3,34.63
PRIMOGYNA 1MG 28DR,3,30.89
PRIMOGYNA 2MG 28DR,2,61.76
PRIMOLUT NOR 10MG 30CP,1,86.5
PRIMOSISTON ORAL 30CP,3,44.73
PRINCIPIA AC-E1 EMULSAO CORPORAL,2,44.8
PRINCIPIA AH-2 ACIDOS HIALURONICOS,2,41.68
PRINCIPIA CM-01 CR.CALMANTE REPARADOR,5,27.3
PRINCIPIA GL-01 GEL DE LIMPEZA,2,41.58
PRINCIPIA GL-02 GEL DE LIMPEZA,1,41.58
PRINCIPIA LH-01 LC.HIDRATANTE,1,27.3
PRINCIPIA MIX-01,2,49.28
PRINCIPIA MIX-3 MULTI 30ML,1,49.75
PRINCIPIA NC-10 NIACINAMIDA+ZINCO PCA,2,34.3
PRINCIPIA PS-01 PROTETOR SOLAR FPS60,3,27.3
PRINCIPIA PS-03 PROT.SOLAR FPS60 200M,1,49.31
"PRINCIPIA RN-0,3 SERUM RETINOL+VIT.E",1,47.91
PRINCIPIA VITAMINA C 10,1,41.3
PRINGLES 100G CARNE DEFUMADA,1,11.06
PRINGLES 105G CHEDDAR BACON,1,11.06
PRINGLES 109G QUEIJO,1,11.0
PRINGLES 114G ORIGINAL,1,11.06
PRINGLES 120G CHURRASCO,2,11.06
PRINGLES 35G ORIGINAL,2,5.35
PRO.SOLAR FACIAL ANTIOLIOS.FPS30 40G,4,22.01
PROBELLE COLOR BURGUESINHA 1.01 PRETO,10,4.97
PROBELLE COLOR BURGUESINHA 1.2 PRETO,10,4.97
PROBELLE COLOR BURGUESINHA 1.6 PRETO,11,4.97
PROBELLE COLOR BURGUESINHA 1.7 P.AZ E,11,4.97
PROBELLE COLOR BURGUESINHA 1.77 P.AZ,12,4.97
PROBELLE COLOR BURGUESINHA 1.88 PRE.T,11,4.97
PROBELLE COLOR BURGUESINHA 2.1 PRETO,8,4.97
PROBELLE COLOR BURGUESINHA 2.8 P.AZU.,4,4.97
PROBELLE COLOR BURGUESINHA 4.66 CAS.M,5,4.97
PROBELLE COLOR BURGUESINHA 5.26 MARS.,5,4.97
PROBELLE COLOR BURGUESINHA 5.74 CHOC.,5,4.97
PROBELLE COLOR BURGUESINHA 6.4 L.ESC.,2,4.97
PROBELLE COLOR BURGUESINHA 7.3 L.ESC.,1,4.97
PROBELLE COLOR BURGUESINHA 7.66 LO.M.,2,4.97
PROBELLE COLOR SUPER BONITA 1.0 PRETO,7,6.28
PROBELLE COLOR SUPER BONITA 1.11 PRET,3,6.28
PROBELLE COLOR SUPER BONITA 1.110 P.I,12,4.97
PROBELLE COLOR SUPER BONITA 1.2 PR.AM,11,4.97
PROBELLE COLOR SUPER BONITA 1.6 PRETO,6,4.97
PROBELLE COLOR SUPER BONITA 1.7 PRE.A,12,6.99
PROBELLE COLOR SUPER BONITA 1.77 P.AZ,11,4.97
PROBELLE COLOR SUPER BONITA 1.88 PRE.,7,4.97
PROBELLE COLOR SUPER BONITA 11.0 LOUR,3,6.99
PROBELLE COLOR SUPER BONITA 2.0 PRETO,2,6.99
PROBELLE COLOR SUPER BONITA 4.0 CAST.,3,6.99
PROBELLE COLOR SUPER BONITA 5.0 CAST.,8,6.28
PROBELLE COLOR SUPER BONITA 5.26 MARS,1,4.97
PROBELLE COLOR SUPER BONITA 5.74 CHOC,5,4.97
PROBELLE COLOR SUPER BONITA 6.0 LOURO,3,6.28
PROBELLE COLOR SUPER BONITA 6.1LOU.ES,5,6.99
PROBELLE COLOR SUPER BONITA 6.7 LOURO,5,6.99
PROBELLE COLOR SUPER BONITA 7.1 LOURO,2,7.29
PROBELLE COLOR SUPER BONITA 7.7 LOU M,3,6.28
PROBELLE COLOR SUPER BONITA 8.0 LOURO,3,6.99
PROBELLE COLOR SUPER BONITA 9.21 LOU,3,6.99
PROBELLE COLOR SUPER BONITA 9.89 LOU,1,6.99
PROBIATOP 15 SACHES,2,57.11
PROBIATOP 30SACHES,1,105.0
PROBID 15CP,1,40.36
"PROCORALAN 7,5MG 56CP",1,127.31
PROCTAM PM 25G,2,48.21
PROCTAN 25G C 10 LUVAS,2,46.05
PROCTYL 15SP,1,94.96
PROCTYL MONODOSE 10X3G C/10 APLICADOR,1,89.35
PROCTYL POMADA 30G + APLICADOR,2,65.9
PROFENID ENTERICO 100MG 20CP,1,44.41
PROFENID GT 20ML,1,23.86
PROFENID RETARD 200MG 10CP,1,36.89
PROFERGAN 25MG 20CP TEUTO,3,6.03
PROFERGAN CR 30G TEUTO,1,8.81
PROFLAM 100MG 12CP,1,42.57
PROFUSE PURIANCE SAB DERM 80G,3,24.33
PROLIVE 10CP,1,43.64
PROLIVE 15CP,2,61.29
PROLIVE 30CP,1,114.77
PROLOPA BD 125MG 30CP,2,36.34
PROLOPA HBS 125MG 30CL,2,53.95
PROMESTRIENO 10MG CR VAG 30G EUROFARM,2,52.62
PROMETAZINA 20MG CR 30G TEUTO,5,10.71
PROMIM CR 30G+20APLIC.,1,82.24
PRONAZOL 150MG 2CP,1,20.39
PROPIONATO CLOBETASOL PM 30G NEO QUIM,1,14.54
PROPIOSOL CR 30G NEO QUIMICA,1,20.73
PROPIOSOL PM 30G NEO QUIMICA,3,21.6
PROPRANOLOL 40MG 30CP SIGMA,2,9.05
PROSOY 30MG C/6 COMP REV C1,2,48.54
"PROSSO 250+2,5MG 30CP",1,146.71
PROSSO KM D+ 1000UI C/30 COMP,1,111.17
PROSSO KM D+ 2000UI C/30 COMP,1,122.24
PROSTALINE 1000MG 60CAPS MAXINUTRI,1,48.77
PROT.SOL CORP FPS45 PS-03 200ML,4,41.58
PROT.SOL.CORP FPS99 PS-03 200ML,2,76.23
PROTENA 60CP,1,152.25
PROTENA PLUS D C 60 CAPS,1,152.0
PROTETOR DE CERDAS HILLO C/4UN,4,4.79
PROTETOR DE SEIOS MAM (60203),1,51.0
PROTETOR DE SEIOS MAMITA (131),2,10.74
PROTETOR DE SEIOS NIPPLE SHIELDS TAM,1,50.9
PROTETOR OCULAR ESTERIL G SANCARE 10U,2,17.99
PROTETOR OCULAR ESTERIL M SANCARE 10U,3,17.99
PROTETOR OCULAR ESTERIL P SANCARE 10U,1,17.99
PROTETOR SOL BASTAO COR 1 90FPS 15G,1,49.19
PROTETOR SOL GOLD 30FPS FACIAL 50ML N,4,17.49
PROTETOR SOL TOQ SECO FAC 50FPS 40G S,6,37.0
PROTETOR SOL UV FPS70 COR 1.0 30ML,1,37.73
PROTETOR SOL UV FPS70 COR 2.0 30ML,2,37.73
PROTETOR SOL UV FPS70 COR 3.0 30ML,2,37.73
PROTETOR SOL UV FPS70 COR 4.0 30ML,1,37.73
PROTETOR SOLAR FAC GOLD 99FPS 50ML NU,6,41.93
PROTETOR SOLAR GOLD 60FPS 125ML NUTRI,4,20.99
PROTETOR SOLAR GOLD 60FPS FAC 50ML NU,4,20.99
PROTETOR SOLAR GOLD 60FPS REP 125ML N,2,27.29
PROTETOR SOLAR STITCH 30FPS 100ML NUT,2,16.76
PROTETOR.SOL.KIDS MINIONS 60FPS 120ML,3,27.99
PROTHESS CR.MASSAGEM SEBO CARNEIRO 20,3,12.3
PROVANCE 30CP,1,111.0
PROVANCE GG GOTAS C 5ML,1,34.65
PRYSMA 2MG C/30 COMP *,1,104.38
PRYSMA 3MG 30CPR,2,104.38
PSOREX CR 30G,1,27.49
PSOREX PM 30G,1,41.1
"PULMICORT 0,25MG 5X2ML",1,45.58
PULVERIZADOR MAXIMUS 500ML,2,6.79
PURAN T4 100MCG 30CP,6,9.61
PURAN T4 112MCG 30CP,2,26.75
"PURAN T4 12,5MCG 30CP",5,2.14
PURAN T4 125MCG 30CP,2,14.1
PURAN T4 150MCG 30CP,3,21.47
PURAN T4 175MCG 30CP,2,19.14
PURAN T4 200MCG 30CP,1,33.11
PURAN T4 25MCG 30CP,5,14.48
"PURAN T4 37,5MCG 30CP",3,6.45
PURAN T4 50MCG 30CP,3,11.28
"PURAN T4 62,5MCG 30CP",2,12.74
PURAN T4 75MCG 30CP,3,17.46
PURAVIT ADZ 10ML,2,43.07
PURAVIT IMUNE 75ML,1,59.59
PURAVIT MULTI SL 120ML,1,53.86
PURIANCE CONTROL 150ML,2,32.12
PURIANCE ULTIMATE 60G,1,55.81
PYRIDIUM 100MG 25CP,2,20.08
PYRIDIUM 200MG 18CP,7,26.09
PYRIDIUM PREVENT 100MG 30CAPS GEL,2,65.18
QLAIRA 28CP,2,60.69
QUADRIDERM CR 20G,2,48.02
QUAKER AVEIA FLOCOS REG CAIXA 450G,4,10.91
QUELATUS BARI 30CAPS,1,77.92
QUENZOR 25MG 30CP,3,11.61
QUET 25MG 30CP,2,30.02
QUET XR 50MG 30CP,1,136.75
QUETROS 100MG 30CP*,1,81.71
QUETROS 25MG 30CP*,1,31.69
RABICO ESTRELA 260 MODELO,8,2.26
RABICO LISO 259 MODELO,10,2.42
RABICO XUXAO C/4 258 MODELO,1,2.9
"RAID 32,9ML REF 45 NOITES 3UN",6,28.69
RAID ACAO TOTAL 300ML,5,13.24
"RAID AP+REF 32,9ML 45 NOITES FAMILY",9,27.15
RAID PROTECTOR ELET.45NOITES APARELHO,6,14.92
RAID PROTECTOR ELET.45NOITES C/2 REFI,9,21.35
RAID PROTECTOR ELETRICO 12H 4REFIL AP,2,24.97
RECARGA DE QUERATINA TRATMAIS 80G NAT,2,9.99
RECARGA INOAR 200ML LIQ QUERATINA,2,17.67
RECARGA QUER MEU LISO REST INTENSA 80,2,9.89
RECONTER 10MG 60CP*,1,95.0
REDOXITOS 25UN MORANGO,5,13.96
REDOXITOS+ 25UN MIX DE FRUTAS,3,21.6
REDOXON 1G 10CP LARANJA,2,16.12
REDOXON 2G 10CP,2,19.98
REDOXON GT 20ML,8,17.61
REDOXON TRIPLA AÇÃO C/10 COMP EFERV,1,14.13
"REGENCEL PM OFT 3,5G",3,13.96
REGENESIS C/30 CPS,1,90.0
"REHIDRAT PO 50 NATURAL 4X7,33G",1,20.77
REMOVEDOR A BASE DE ACETONA 80ML FARM,75,2.44
RENALAPRIL 10MG 30CP NEO QUIMI,5,5.94
RENALAPRIL 20MG 30CP NEO QUIMI,4,6.93
RENITEC 10MG 30CP,1,14.46
RENOVI B 100+100MG+5000MCG 30CPR,2,65.31
RENU PLUS S/FRICCAO 120ML,3,37.17
RENU PLUS S/FRICCAO 355+120ML,4,39.14
RENU SL 15ML,4,31.83
RENU SL 60ML FRESH,4,18.17
REP.DE PONTAS NATUHAIR OLEO DE ARGAN,3,6.49
REPAR.FACIAL VULT CUID FACIAIS 100G,2,16.38
REPARIL GEL 30G,2,32.79
REPELENTE SBP ADVANCED LOCAO BABY 100,3,25.11
REPOFLOR 100MG 12CAPS LEGRAND,2,19.54
REPOFLOR PO ORAL INF 4X1G LEGRAND,2,22.86
RESFEGRIP 20 CAPS MULTILAB.,2,4.99
RESFRILIV 400 MG ENV 5G HORTELA+GENG,23,0.76
RETEMIC 5MG 30CP,1,36.25
RETEMIC UD 10MG 30CP,1,80.0
REUQUINOL 400MG 30CP,1,96.1
"REVANGE 37,5+325MG 10CP*",1,23.6
"REVANGE 37,5+325MG 20CP*",1,41.13
REVIA 50MG 30CP*,1,280.1
REVITALIFT HIALURONICO DIURNO F20 25G,1,27.7
REVITALIFT HIALURONICO GEL LIMP PROF,2,19.12
REVOC 100MG 30CP*,1,203.83
REVOC 50MG 30CP*,1,114.12
RICOSOL FPS30 100G LOC.PROTETORA,3,16.76
RICOSOL FPS30 180 ML LOC.PROTETORA,6,23.06
RICOSOL FPS50 100G LOC.PROTETORA,6,17.78
RICOSOL GEL POS-SOL 120G,34,13.99
RICOSOL PROT.SOLAR SPRAY.FPS 70 120G,2,41.71
RICOSOL RICOSOL PROT.SOLAR FPS50 180G,7,26.28
RIFOTRAT SPRAY 20ML NATULAB,4,8.24
RINOSORO ALTO VOLUME C 30 SACHES,2,50.37
RINOSORO GT 30ML,3,11.35
RINOSORO JET,2,28.35
"RINOSORO JET INF.0,9% 100ML",1,39.52
RINOSORO SIC 3% SPRAY 50ML,2,28.53
RINOSORO SIC 9% INF SPRAY 50ML,1,29.55
RINOSORO SIC 9% SPRAY 50ML,2,18.83
RINOSORO XT GOTAS 30ML,3,13.59
"RINOSORO XT SIC 0,9% SPRAY 50ML",3,21.64
RISEDRONATO SODICO 150MG 1CP ALTHAIA,1,91.38
RISEDRONATO SODICO 150MG 1CP EUROFARM,5,18.68
RISPERIDON 1MG 60ML COMP *,1,68.64
RISPERIDON SL ORAL 30ML *,1,40.95
RISPERIDONA 1MG 30CP* BIOLAB,1,9.29
RISPERIDONA 1MG 30CP*TEUTO,3,30.09
RISPERIDONA 2MG 30CP EUROFARMA,11,41.59
RISPERIDONA 2MG 30CP* BIOLAB,6,9.68
RISPERIDONA 3MG 30CP BIOLAB,3,10.79
RISPERIDONA 3MG 30CP*EUROFARMA,3,41.84
RISPERIDONA SL ORAL 30ML*PRATI,20,25.97
RISS 1MG 30CP*,2,32.11
RISS 2MG 30CP*,2,32.11
RISS 3MG 30CP*,2,32.11
RITALINA 10MG 30CP*,6,31.74
RIVAROXABANA 15MG 30CP NEO QUIMICA,2,7.56
RIVAROXABANA 20MG 30CP NEO QUIMICA,6,7.91
RIVAXA 20MG 30CP,1,31.52
"RIVOTRIL 2,5 GT 20ML *",3,16.86
RIVOTRIL 2MG 30CP *,3,18.74
ROHYPNOL 1MG 30CP *,1,17.76
ROSUCOR 10MG 30CP,1,37.53
ROSUCOR 20MG 30CP,1,62.23
ROSUCOR 5MG 30CP,2,27.36
ROSUCOR EZE 10MG+10MG C/30 CAP,1,56.06
ROSUCOR EZE 20MG+10MG C/30 CAP,1,79.93
ROSUVASTATINA CALCICA 10MG 30CP SANDO,1,77.13
ROSUVASTATINA CALCICA 10MG 30CP TEUTO,2,77.13
ROSUVASTATINA CALCICA 20MG 30 CP PHAR,1,11.97
ROSUVASTATINA CALCICA 40MG 30CP EMS,1,61.96
ROUPA INT.MOVIMENT P/M 16UN,4,41.94
ROX 10MG C/30 COMP REV,1,33.29
ROX 20MG C/30 COMP REV,1,57.71
ROX 5MG C/30 COMP REV,1,33.29
ROXFLAN 5MG 30CP,1,16.9
RUBENTI 200MG 30CAPS,1,119.8
RUVA 10MG C/30,1,26.14
RUVA 20MG 30CP,1,53.85
SAB LIQ PAMPERS GLICERINA 200ML,1,12.0
SAB LIQ PAMPERS GLICERINA 400ML,3,21.97
SAB.90G AROEIRA ACAFRAO,3,3.65
SAB.90G AROEIRA VIDA VERDE,5,2.8
SAB.ALMA DE FLORES 130G ESSENCIA FLOR,3,4.93
SAB.ALMA DE FLORES 130G ESSENCIA FLOR,1,4.93
SAB.ALMA DE FLORES 130G INTENSE,3,4.29
SAB.BARRA GIOVANNA BABY BLANC VANILL,1,2.69
SAB.BARRA GIOVANNA BABY BLUEBERRY 90G,13,2.68
SAB.BARRA GIOVANNA BABY CHERRY 90G,4,2.68
SAB.BARRA GIOVANNA BABY KIDS CLASSIC,10,3.01
SAB.DOVE 135G INTENSE HYDRATION,3,9.12
SAB.DOVE 135G RADIANT GLOW,6,9.12
SAB.DOVE 135G UNIFORM SKIN,4,9.12
SAB.DOVE 90G ERVA-DOCE E CAMOMILA,12,3.63
SAB.DOVE 90G KARITE E BAUNILHA,14,3.24
SAB.DOVE 90G ORIGINAL,35,3.62
SAB.DOVE 90G PELE SENSIVEL,12,3.96
SAB.DOVE BABY 75G HIDRAT.BALANCEADA,5,4.59
SAB.DOVE BABY 75G HIDRAT.ENRIQUECIDA,5,4.45
SAB.DOVE BABY LIQUIDO 200ML HIDRAT.EN,4,14.68
SAB.DOVE BABY LIQUIDO 200ML HIDRAT.GL,2,12.34
SAB.DOVE BABY LIQUIDO REFIL 180ML GLI,2,10.92
SAB.DOVE BABY LIQUIDO REFIL 180ML H.D,4,10.92
SAB.DOVE BABY LIQUIDO REFIL 180ML HID,1,10.25
SAB.DOVE ESFO BEAUTY AMORA&F.CITR 28,4,37.91
SAB.DOVE ESFO BEAUTY COCO&A.MASCAV 28,5,37.91
SAB.DOVE ESFO BEAUTY ROMA&M.KARITE 28,4,37.91
SAB.DOVE LIQ.ANTIBAC CUIDA PROTEGE 25,6,12.69
SAB.DOVE LIQUIDO 200ML REFIL AGUA MIC,2,5.76
SAB.DOVE LIQUIDO 200ML REFIL CUIDADO,3,8.49
SAB.DOVE LIQUIDO 250ML ANTI STRESS,2,12.69
SAB.DOVE LIQUIDO 250ML NUTRIÇÃO PROFU,5,10.01
SAB.DOVE LIQUIDO 250ML PELE SENSIVEL,1,8.61
SAB.DOVE LIQUIDO 547ML ACNE CONTROL 3,2,36.68
SAB.DOVE LIQUIDO 547ML INTENSE HYDRAT,2,36.68
SAB.DOVE LIQUIDO 547ML RADIANT GLOW,2,36.68
SAB.DOVE LIQUIDO 547ML SKIN FIRMING,2,36.68
SAB.DOVE LIQUIDO 547ML UNIFORM SKIN,2,36.68
SAB.ESFOLIANTE LAVANDA 100ML FACE BEA,1,6.95
SAB.ESFOLIANTE MORANGO 100ML FACE BEA,2,6.65
SAB.FRANCIS BRASILIDADES BEGE 85G,1,2.05
SAB.FRANCIS BRASILIDADES BRANCO 80G,2,2.08
SAB.FRANCIS BRASILIDADES VERMELHO 85G,3,1.98
SAB.FRANCIS CLASSICO 90G MARINHO,1,2.62
SAB.FRANCIS CLASSICO 90G AZUL FLOR IR,7,2.62
SAB.FRANCIS CLASSICO 90G LARANJA,9,3.11
SAB.FRANCIS CLASSICO 90G ROSA NEGRA,8,3.06
SAB.GRANADO 100G COCO,7,5.14
SAB.GRANADO 90G ANTISEPTICO,4,5.92
SAB.GRANADO 90G ENXOFRE,8,5.65
SAB.GRANADO 90G SULFUROSO,5,5.87
SAB.GRANADO GLIC. ROSA 90GR,2,4.39
SAB.GRANADO GLIC.90G,3,4.85
SAB.GRANADO GLIC.90G ERVA DOCE,6,4.39
SAB.GRANADO GLIC.90G TERAP.BENJOIN,1,2.34
SAB.GRANADO GLIC.90G TERAP.C.DO BRASI,2,3.91
SAB.GRANADO GLIC.90G TERAP.CALENDULA,1,4.34
SAB.GRANADO GLIC.BEBE 90G,8,4.59
SAB.GRANADO GLIC.BEBE 90G CALEND,4,4.59
SAB.GRANADO GLIC.BEBE 90G CAMOMILA,3,4.14
SAB.GRANADO GLIC.BEBE 90G ERVA DOCE,4,4.59
SAB.GRANADO GLIC.BEBE 90G LAVANDA,6,4.59
SAB.GRANADO GLIC.LIQ.300ML HORTELA,3,14.59
SAB.GRANADO GLIC.LIQ.300ML ERVA DOCE,2,13.51
SAB.GRANADO GLIC.LIQ.300ML ROSA,3,13.51
SAB.GRANADO GLIC.LIQ.BEBE 250ML CALE,3,18.5
SAB.GRANADO GLIC.LIQ.BEBE 250ML CAMOM,2,18.5
SAB.GRANADO GLIC.LIQ.BEBE 250ML ERVA,2,18.5
SAB.GRANADO GLIC.LIQ.BEBE 250ML LAVAN,3,18.5
SAB.GRANADO GLIC.LIQ.BEBE 250ML REGUL,1,18.5
SAB.GRANADO GLIC.LIQ.BEBE 500ML CALEN,3,27.5
SAB.GRANADO GLIC.LIQ.BEBE 500ML CAMOM,3,27.5
SAB.GRANADO GLIC.LIQ.BEBE 500ML LAVAN,1,27.5
SAB.GRANADO GLIC.LIQ.BEBE 500ML TRADI,3,27.5
SAB.GRANADO GLIC.LIQ.BEBE REFIL CALEN,5,12.19
SAB.GRANADO GLIC.LIQ.BEBE REFIL CAMOM,1,12.19
SAB.GRANADO GLIC.LIQ.BEBE REFIL REGUL,14,12.19
SAB.GRANADO GLIC.LIQ.REF 300ML CALEND,2,14.91
SAB.GRANADO GLIC.LIQ.REF 300ML CASTAN,2,13.32
SAB.GRANADO GLIC.LIQ.REF 300ML TRADIC,6,13.06
SAB.JOHNSON BABY 200ML LIQ.CAMOMILA,7,13.47
SAB.JOHNSON BABY 200ML LIQ.GLICERINA,4,13.47
SAB.JOHNSON BABY 200ML LIQ.HORA DO SO,1,13.62
SAB.JOHNSON BABY 200ML LIQ.LAVANDA,6,13.47
SAB.JOHNSON BABY 200ML LIQ.LIMPEZA S.,3,12.11
SAB.JOHNSON BABY 400ML LIQ.CAMOMILA,1,23.53
SAB.JOHNSON BABY 400ML LIQ.HORA DO SO,1,23.29
SAB.JOHNSON BABY 400ML LIQ.LAVANDA,2,20.0
SAB.JOHNSON BABY 400ML LIQ.PODEROSA,2,20.0
SAB.JOHNSON BABY 750ML LIQ.CAB.AOS PE,1,47.13
SAB.JOHNSON BABY 80G GLICERINADO,4,4.34
SAB.JOHNSON BABY 80G HORA DO SONO,10,4.15
SAB.JOHNSON BABY 80G REGULAR,2,4.2
SAB.JOHNSON NUTRI SPA 80G AMENDOAS,2,2.42
SAB.LEITE DE ROSAS 90G TRADICIONAL,3,3.75
SAB.LIQ BEAUTYLOO MELANCIA 200ML,2,5.95
SAB.LIQ FACIAL POS MAKE ANTIPOLUIC 10,3,4.95
SAB.LIQ FACIAL PRE MAKE ROSA MOSQ 100,1,4.95
SAB.LIQ GIOVANNA BABY 500ML BLUEA NTI,2,21.31
SAB.LIQ GIOVANNA BABY 500ML CLASSIC A,2,21.31
SAB.LIQ OLEO MURIEL 230ML CEREJA COLA,3,6.99
SAB.LIQ OLEO MURIEL 230ML PISTACH COL,2,6.0
SAB.LIQ OLEO MURIEL 230ML ROMA CARE,2,6.99
SAB.LIQ OLEO MURIEL 230ML ROSA MOSQUE,3,6.99
SAB.LIQ OLEO MURIEL 230ML TRADICIONAL,4,6.0
SAB.LIQ REFIL NIVEA 200ML *CREME CARE,9,7.0
SAB.LIQ REFIL NIVEA 200ML *ERVA DOCE,6,5.92
SAB.LIQ.BEAUTYLOO MORANGO 200ML,2,5.95
SAB.LIQ.BEAUTYLOO UVA 200ML,1,5.95
SAB.LIQ.COLADA/PANTENOL LOVELY 200ML,2,6.0
SAB.LIQ.FACIAL PRE MAKE D-PANTENOL 10,2,4.95
SAB.LIQ.GRANADO ANTIS TRAD 300ML,2,20.92
SAB.LIQ.GRANADO ERVA DOCE 300ML REFIL,3,11.67
SAB.LIQ.KIWI/CHA VERDE LOVELY 200ML,3,5.95
SAB.LIQ.MARACUJA/CAMOMILA LOVELY 200M,3,5.95
SAB.LIQ.MORAN/COLAGENO LOVELY 200ML,3,5.95
SAB.LIQ.PH LIMA 320ML,3,15.25
SAB.LIQ.PH TR AMAZON 320ML,1,15.25
SAB.LIQ.PH TRAD.ODOR 320ML,2,15.25
Sab.LIQ.PITAYA/ROSA MOSQ LOVELY 200ML,3,5.95
SAB.LIQ.PROTEX ERVA DOCE 400ML,3,14.38
SAB.LIQUIDO VULT 200ML ANTIRRESSECAME,2,8.45
SAB.LIQUIDO VULT 200ML CORPO HIDRALUR,2,8.45
SAB.LUX BOTANICALS 85G FLOR DE LOTUS,11,2.21
SAB.LUX BOTANICALS 85G FLOR DE VERBEN,10,2.21
SAB.LUX BOTANICALS 85G ORQUIDEA NEGRA,15,1.95
SAB.LUX GLIC DAMA DA NOITE 100G,10,3.23
SAB.LUX GLICERINADO 85G GARDENIA&O.AM,1,1.95
SAB.LUX LIQ.200ML REFIL GARDEN&O.AME,1,5.27
SAB.LUX LIQ.200ML REFIL LAVANDA,4,6.53
SAB.LUX LIQ.200ML REFIL ORQUIDEA NEGR,1,5.27
SAB.LUX LIQ.250ML ROSAS FRANCESAS,1,7.48
SAB.LUX LIQ.300ML MAOS BROMELIA 300ML,2,10.55
SAB.LUX SUAVE 85G BUQUE DE JASMIM,59,1.83
SAB.LUX SUAVE 85G ROSAS FRANCESAS,36,2.11
SAB.LUX VITORIA REGIA 100G,9,3.23
SAB.NIVEA 250ML **FRANGIPANI&OIL,3,13.73
SAB.NIVEA 250ML **WATER LILY&OIL,4,11.98
SAB.NIVEA 250ML *CREME CARE,3,9.55
SAB.NIVEA 250ML *ERVA DOCE,3,9.63
SAB.NIVEA 250ML DERM DEFENDE,2,10.0
SAB.NIVEA 80G ABACATE E CAMOMILA,5,3.1
SAB.NIVEA 80G KARITE LIMA PERSIA,10,3.1
SAB.NIVEA 85G *ANTIBACTERIANO 3 EM 1,23,2.12
SAB.NIVEA 85G FLOR DE CEREJEIRA,22,0.92
SAB.NIVEA 85G HIDRATANTE AVEIA,18,2.12
SAB.NIVEA 85G HIDRATANTE ERVA DOCE,28,2.12
SAB.NIVEA 85G HIDRATANTE ORQUIDEAS,14,2.12
SAB.NIVEA 85G HIDRATANTE PROT.LEITE,33,2.12
SAB.NIVEA 85G HIDRATANTE TOQUE DE BAU,24,2.09
SAB.NIVEA 90G *MILK SENSITIVE,17,3.01
SAB.NIVEA INTIMO 250ML FRESH,2,15.0
SAB.NIVEA INTIMO 250ML NATURAL,1,15.0
SAB.NIVEA INTIMO 250ML SUAVE,1,15.0
SAB.PALMOLIVE LUMIN ABAC E IRIS 250M,9,8.08
SAB.PALMOLIVE LUMIN OILS 250ML,1,7.92
SAB.PALMOLIVE NATURALS 85G MELANCIA L,26,1.99
SAB.PALMOLIVE NUTRI-MILK 250ML HIDRAT,7,7.8
SAB.PHEBO 100G CREMOSO ALFAZEMA,2,4.05
SAB.PHEBO 100G GERANIO,7,4.05
SAB.PHEBO 100G LIMÃO SICILIANO,12,4.05
SAB.PHEBO 90G AMAZONIAN,7,3.3
SAB.PHEBO 90G LIMA DA PERSIA,18,3.3
SAB.PHEBO 90G NATURELLE,6,3.3
SAB.PHEBO 90G ODOR ROSAS,36,3.3
SAB.PHEBO 90G RAIZ ORIENTE,30,3.3
SAB.PHEBO LIQ.REF 320ML LIMA DA PERSI,3,11.9
SAB.POM-POM 80G OLEO DE AMENDOA,11,2.08
SAB.PROTEX 85G ((((TODOS OS TIPOS)))),163,2.68
SAB.PROTEX INTIMO LIQ.200ML CUIDADO I,2,13.96
SAB.PROTEX LIQ.200ML GLICERINA,18,11.24
SAB.PROTEX LIQ.250ML AVEIA.,3,8.68
SAB.PROTEX LIQ.250ML BALANCE,3,7.67
SAB.PROTEX LIQ.250ML CREAM,4,9.64
SAB.PROTEX LIQ.250ML LIMPEZA PROFUNDA,2,8.68
SAB.PROTEX LIQ.250ML SERUM HIA 250ML,11,10.85
SAB.PROTEX LIQ.250ML SERUM RETINOL NI,1,12.59
SAB.PROTEX LIQ.250ML VITAMINA E,6,9.64
SAB.PROTEX LIQ.CREAM 650ML,1,18.95
SAB.PROTEX LIQ.MEN 250ML SPORT,2,7.67
SAB.PROTEX PACK LV6PG5 85G AVEIA,4,13.0
SAB.PROTEX PACK LV6PG5 90G VITAMINA E,2,14.27
SAB.TIRA MANCHA SOFT HAIR 100ML,3,8.81
SAB.TRICOFACIL 2LT ERVA DOCE,1,19.0
SAB.TRICOFACIL 2LT LAVANDA FRANCESA,2,19.0
SAB.TRICOFACIL 2LT PERFUME DE BEBE,3,19.0
SAB.TRICOFACIL 500ML AMEIXA NEGRA,2,8.91
SAB.TRICOFACIL 500ML ERVA DOCE,6,8.91
SAB.TRICOFACIL 500ML MORANGO,2,8.91
SABONETE ERVA DOCE 500ML BEAUTIFUL,1,7.95
SABONETE ESFOLIANTE FACE BEAUTIFUL 10,6,6.5
SABONETE MOUSSE FACIAL JUPXT,1,7.95
SABONETE ROMA 500ML BEAUTIFUL,2,7.95
SABONETEIRA ARSIWANN PLASTICA,6,2.49
Sabrina Sato FM015 Unha Inf Post 24UN,6,6.99
SABRINA SATO FM016 UNHA INF POST 24UN,6,6.99
SABRINA SATO FM017 UNHA INF POST 24UN,6,6.99
SABRINA SATO FM020 UNHA INF POST 24UN,5,6.99
SABRINA SATO FM022 UNHA INF POST 24UN,6,6.99
SABRINA SATO SP1041 UNHA POST COLAN 2,5,8.65
SABRINA SATO SP1042 UNHA POST COLAN 2,6,8.65
SABRINA SATO SP1043 UNHA POST COLAN 2,5,8.65
SABRINA SATO SP1050 UNHA POST COLAN 2,5,8.65
SABRINA SATO SP1060 UNHA POST COLAN 2,6,8.65
SABRINA SATO SP1063 UNHA POST COLAN 2,6,8.65
SABRINA SATO SP1070 UNHA POST COLAN 2,6,8.65
SABRINA SATO SP1071 UNHA POST COLAN 2,6,8.65
SABRINA SATO SP1082 UNHA POST COLAN 2,6,8.65
SABRINA SATO SP1103 UNHA POST COLAN 2,6,8.65
SABRINA SATO SP1128 UNHA POST COLAN 2,6,8.65
SABRINA SATO SP1246 UNHA POST COLAN 2,5,8.65
SABRINA SATO SP1317 UNHA POST COLAN 2,5,8.65
SABRINA SATO SP1468 UNHA POST COLAN 2,3,8.65
SABRINA SATO SP1473 UNHA POST COLAN 2,5,8.65
SABRINA SATO SP1475 UNHA POST COLAN 2,5,8.65
SABRINA SATO SS3700 UNHA POST CART 12,10,2.5
SAL DE FRUTA ENO 100G,3,22.09
SAL DE FRUTA ENO 100G ABACAXI,2,24.6
SAL DE FRUTA ENO 100G LARANJA,1,23.84
SAL DE FRUTA ENO EV 2X5G,48,2.51
SAL DE FRUTA ENO EV ABACAXI 2X5G,6,3.99
SAL DE FRUTA ENO EV LARANJA 2X5G,4,3.91
SAL DE FRUTA ENO EV LIMAO 2X5G,16,2.51
SALBUTAMOL XPE 120ML,2,4.21
SALICETIL IF EV 10CP BRASTERAPICA,17,1.3
SALON L CR.PENT 5EM1 OLEO DE COCO 1KG,2,23.89
SALON L CR.PENT 5EM1 TRAT PROLONGADO,1,24.37
SALON L CR.PENT SUPER OLEOS 1KG,2,26.99
SALON LINE ATIV.DE CACHOS SOS 300ML C,1,15.0
SALON LINE ATIV.DE CACHOS SOS 300ML I,2,15.0
SALON LINE ATIV.DE CACHOS SOS 300ML N,2,15.0
SALON LINE ATIV.DE CACHOS SOS 300ML U,1,15.0
SALON LINE COND.MEU LISO 300ML *LOIRO,2,19.1
SALON LINE COND.MEU LISO 300ML DESMAI,2,15.19
SALON LINE COND.MEU LISO 300ML MUITO+,2,14.49
SALON LINE COND.SOS 300ML COCO,2,16.01
SALON LINE COND.SOS 300ML KIDS DEFINI,3,16.16
SALON LINE COND.SOS BOMBA 300ML D-PAN,2,13.94
SALON LINE COND.SOS CACHOS 300ML,2,15.99
SALON LINE COND.SOS CACHOS 300ML KIDS,2,16.01
SALON LINE COND.SOS CACHOS 300ML MEL,3,16.83
SALON LINE COND.SOS CACHOS 300ML NUTR,1,15.33
SALON LINE CR.ALISANTE OIL ARGAN 500G,1,32.57
SALON LINE CR.KIDS CACHINHOS BRILHA.1,2,26.99
SALON LINE CR.MULTY MULTIFUNC.300ML K,3,9.48
SALON LINE CR.P/PENT 1KG 5EM1 HIDRAT,2,27.61
SALON LINE CR.P/PENT.1KG DEF.MAX.LIBE,2,26.99
SALON LINE CR.P/PENT.1KG KIDS,2,26.99
SALON LINE CR.P/PENT.300ML CACHOS OST,2,12.79
SALON LINE CR.P/PENT.300ML DEF.EXTRAO,2,12.79
SALON LINE CR.P/PENT.DEFINICAO ANT.1K,2,26.99
SALON LINE CR.P/PENT.SOS KIDS NUTR 30,2,12.99
SALON LINE CR.P/PENTEAR 1KG RED VOL,3,26.99
SALON LINE CR.P/PENTEAR 1KG BRIL.MAXI,3,26.99
SALON LINE CR.P/PENTEAR 1KG COCO,2,23.89
SALON LINE CR.P/PENTEAR 1KG DEF NATUR,5,27.0
SALON LINE CR.P/PENTEAR 1KG DEF.INTEN,2,26.99
SALON LINE CR.P/PENTEAR 1KG HID.PROFU,2,26.99
SALON LINE CR.P/PENTEAR 1KG NUT.REPAR,2,26.99
SALON LINE CR.P/PENTEAR 1KG REC.INTEN,2,26.99
SALON LINE CR.P/PENTEAR 300ML MEL INT,2,12.63
SALON LINE CR.P/PENTEAR 300ML SOS BOM,2,13.21
SALON LINE CR.P/PENTEAR 300ML SOS COC,2,13.0
SALON LINE CR.P/PENTEAR AZEITE DE OL.,2,26.99
SALON LINE GELACREME DEF ULTRA EXTRAO,7,21.63
SALON LINE GELACREME FIX ULTRA EXTRAO,8,21.63
SALON LINE GELATINA 500G XEROSA VIBES,3,21.2
SALON LINE GELATINA DEF INTENSA 550G,2,19.16
SALON LINE GELATINA ESTILIZ #TDC 300G,2,16.94
SALON LINE GELATINA TDC 500G SUPER DE,1,19.16
SALON LINE GELATINA TDC 500G SUPER VO,4,19.0
SALON LINE GELATINA TDC 550G BABOSA,3,18.99
SALON LINE GELATINA TDC 550G DEF NATU,2,21.2
SALON LINE GELATINA TDC 550G DEF.EXTR,1,21.2
SALON LINE GELATINA TDC 550G HID CREM,4,21.2
SALON LINE GELATINA TDC 550G LINHACA,2,19.16
SALON LINE GELATINA TDC 550G OLEO RIC,3,19.16
SALON LINE GELATINA TDC 550G PINK LEM,2,21.2
SALON LINE GELATINA TDC 550G SUPER TR,2,19.16
SALON LINE GELATINA TODE.C.300G SUPER,2,18.39
SALON LINE GELATINA TODE.C.320G ALTA,1,17.71
SALON LINE GUANIDINA 218G SPECIAL GIR,2,23.73
SALON LINE GUANIDINA KIT 125G MILD,3,23.99
SALON LINE GUANIDINA KIT 215G SUPER M,1,23.99
SALON LINE GUANIDINA KIT 218G MED/FIN,2,24.49
SALON LINE GUANIDINA KIT 218G REGULAR,2,21.01
SALON LINE KIT RELAX.CACHOS DEF/SOL 2,14,25.98
SALON LINE KIT S.L OLEO DE ALGODAO,2,25.98
SALON LINE KIT S.L OLEO DE ARGAN,4,25.98
SALON LINE KIT S.L OLEO EXTRAORDINARI,2,25.98
SALON LINE KIT SOS CACHOS CALCIO E OI,2,33.8
SALON LINE LC.PERMANETE AFRO 500ML ON,2,21.13
SALON LINE LEAVE PRIMER LISO OSTEN 24,2,16.37
SALON LINE MASC.CHOCOLATE 300G,1,33.8
SALON LINE MASC.MEU LISO 300G DESMAIA,2,16.28
SALON LINE MASC.MEU LISO 300G MUITO+L,2,15.44
SALON LINE MASC.SOS BOMBA 500G D-PANT,2,19.0
SALON LINE MASC.SOS CACHOS 500G,3,18.99
SALON LINE MASC.SOS CACHOS 500G KIDS,1,15.98
SALON LINE MASC.TO PODENDO 1KG N3 BIO,2,15.41
SALON LINE MASC.TO PODENDO 1KG N3 TUR,2,16.36
SALON LINE MASC.TO PODENDO 1KG N3 ULT,3,16.54
SALON LINE MOUSSE 240ML DEFINICAO NAT,2,23.11
SALON LINE PERMANENTE AFRO 500G RELAX,2,30.0
SALON LINE SH. SOS U.GLOS DERREMP PRO,2,17.99
SALON LINE SH.KIDS DEFINICAO 300ML,2,15.63
SALON LINE SH.MEU LISO 300ML DESMAIAD,2,12.89
SALON LINE SH.MEU LISO 300ML LISO OST,2,13.27
SALON LINE SH.MEU LISO ESCUDO ANTIPOR,3,13.7
SALON LINE SH.SOS BOMBA 300ML D-PANTE,2,14.98
SALON LINE SH.SOS CACHOS 300ML,2,14.79
SALON LINE SH.SOS CACHOS 300ML COCO,2,14.98
SALON LINE SH.SOS CACHOS 300ML KIDS,2,14.98
SALON LINE SH.SOS CACHOS 300ML MEL IN,2,15.99
SALON LINE SH.SOS CACHOS 300ML NUTRIT,3,15.63
SALON LINE TONICO BOMBA NOT.FORT 100M,3,11.99
SALON LINE TONICO SOS BOMBA 100ML ANT,1,11.99
SALON LINE TONICO SOS BOMBA 100ML CRE,1,11.99
SALON.L GELATINA HIDRAT KIDS 400G,2,17.0
SALON.L GELATINA MANT KARITE 400G,1,17.0
SALON.L GELATINA NUTRITIVA 550G TDC,2,19.16
SALON.L GELATINA OLEO DE COCO 400G,2,17.0
SALON.L GELATINA SUPER OLEOS 400G,1,17.0
SALONPAS EMPLASTRO PQ 10UN,9,8.58
SALONPAS GEL PATCH 1ENV/3UN,10,16.49
SALONPAS PATCH 5UN,2,22.07
SALONPAS SPRAY ICE COLD 120ML,1,33.32
"SANDRENA GEL 0,5MG 28 SACHES",1,28.66
"SANDRENA GEL 1,0MG 28 SACHES",1,59.53
SANY D 14.000UI C 4 COMP,1,22.91
SANY D 2000UI 30 COMPRIMIDOS,2,39.31
SANY D 50000UI 4CP,2,53.39
SANY D 7000UI 8CP,1,21.93
"SAYA CONTROL 1,5MG 1CP DKT",316,1.71
SBP MULT.AER EUCALIPTO 300ML+150ML GR,9,11.5
SBP MULTINSETICIDA AER CITRONELA 450M,11,11.2
SEAKALM LIQ.100ML NATULAB,2,25.89
SEAKALM MELATONINA 15ML NATULAB,3,9.57
SECNIDAZOL 1000MG 2CP PHARLAB,1,3.11
SEDATIF PC 60CP,5,73.48
SEKI XP 120ML,2,25.97
SELENE 21DR,2,29.58
SELOZOK 100MG 30CP,1,73.04
SELOZOK 25MG 30CP,4,22.21
SELOZOK 25MG 60CP,2,64.4
SELOZOK 50MG 30CP,3,68.09
SELOZOK 50MG 60CP,1,89.11
SEPURIN 20DR,1,26.88
SER.LAVAGEM NASAL NOSEWASH 10ML GALIN,3,19.69
SER.LAVAGEM NASAL NOSEWASH 20ML CHASE,2,19.69
SER.LAVAGEM NASAL NOSEWASH 20ML MARSH,3,19.69
SER.LAVAGEM NASAL NOSEWASH 20ML SKYE,2,19.69
SERETIDE DISKUS 50/250MG 60DOSES,1,107.31
SERETIDE SPRAY 25/125MG 120DOSES,1,150.68
SERINGA BD 10ML S/AGULHA,1,0.82
SERINGA BD ULTRA FINEII 10UN 30U/8MM/,2,29.32
"SERINGA DESCARPACK 1ML INSULINA 8x0,3",23,0.39
SERINGA DESCARPACK 20ML S/AGULHA,1,0.67
SERINGA DESCARPACK C/AGULHA 3ML 25X7,114,0.39
SERINGA DESCARPACK C/AGULHA 5ML 25X7,137,0.41
SERUM CORP DOVE PANTENOL 380ML,2,33.85
SERUM ANTIOLHEIRAS 15G SALLVE,2,64.49
SERUM CONCENTRADO CORP DOVE 100ML,1,50.96
SERUM CORP DOVE PRO CERAMIDAS 380ML,2,30.94
SÉRUM CORPORAL DOVE PRO CERAMIDAS 18,2,18.01
SERUM DOVE CORP INT HIALUR 10% 380ML,2,36.58
SERUM DOVE CORP NIACINA+ UNIFORMIZ 38,2,35.0
SERUM DOVE CORP PRO-RETINOL+FIRMAD 38,2,31.04
SERUM DOVE CORPORAL HIALU 180ML,2,20.15
SERUM FACIAL ACIDO HYALURONICO 30ML,4,11.98
SERUM FACIAL COLAGENO 30ML,4,11.98
SERUM FACIAL ROSA MOSQUETA 30ML,4,12.88
SERUM FACIAL VITAMINA C 30ML,3,11.98
SÉRUM S/PERF CORP PANT+DER REP180ML,1,19.2
SERUM SEDA 190ML BOOM DEFINICAO FLEXI,3,16.26
SERUM SIAGE 48ML SCALP REBALANCE,1,52.59
SERUM SIAGE AUT CAUTERIZACAO FIOS 60M,1,49.99
SERUM TRESEMME BRILHO LAMELAR 170ML,2,27.91
SEXTOOO 10ML PREVENT,39,0.52
SH CLEAR 200ML VINI JR HIDRAT CAMPEAO,5,14.71
SH CLEAR 400ML VINI JR HIDRAT CAMPEAO,2,26.14
SH CLEAR DERMA ANTIQUEDA 300ML,1,39.9
SH PAMPERS GLICERINA 200ML,2,14.62
SH SIAGE PRO CRONOLOGY 250ML,1,35.54
SH SIAGE RESIST ANTIQUEDA 300ML,1,40.46
SH VULT CACHOS 350ML,2,15.8
SH VULT CRESPOS 350ML,3,15.3
SH VULT EXPLOSAO DE FORCA 350ML,2,15.8
SH VULT LISOS 350ML,2,15.8
SH VULT OLEOS PODEROSOS NUTRI 350ML,3,15.3
SH VULT ONDULADOS 350ML,2,15.3
SH VULT RECARGA DE HIDRAT 350ML,3,15.3
SH.ABOVE A SECO 150ML DRY CANDY,1,16.39
SH.ABOVE A SECO 150ML FRESH,1,16.39
SH.CLEAR 200ML MEN CABELO E BARBA,2,15.67
SH.CLEAR ANTI-CASPA 200ML *MEN COOL M,1,14.41
SH.CLEAR ANTI-CASPA 400ML *MEN ICE ME,1,26.13
SH.CLEAR ANTI-CASPA 400ML 2 EM 1,1,26.14
SH.CLEAR ANTI-CASPA 400ML QUEDA CONTR,2,26.14
SH.CLEAR ANTI-CASPA L400ML P330ML 2 E,2,21.86
SH.CLEAR ANTI-CASPA L400ML P330ML ANT,2,22.08
SH.CLEAR ANTI-CASPA L400ML P330ML DET,2,21.39
SH.CLEAR ANTI-CASPA L400ML P330ML ICE,1,21.82
SH.DIMENSION 2/1 200ML OLEOSO,2,19.55
SH.DIMENSION 2/1 200ML SECO,2,19.95
SH.DIMENSION 3/1 ANTI-CASPA 200ML OLE,2,19.55
SH.DOVE 190ML HIDRATACAO HIALURON VIT,2,13.25
SH.DOVE 190ML NUTRICAO TRI OLEOS,1,13.52
SH.DOVE 190ML RECONSTRUCAO AMINOACIDO,1,10.67
SH.DOVE 190ML UMECTACAO COCO ANTIOXI,3,10.67
SH.DOVE 190ML UVREPAIR/GLOW FERULICO,2,10.67
SH.ELSEVE 200ML CACHOS DOS SONHOS,3,11.58
SH.ELSEVE 200ML COLLAGEN LIFTER,36,15.25
SH.ELSEVE 200ML GLYCOLIC GLOSS,5,12.54
SH.ELSEVE 200ML HYDRA HIALURONICO,3,11.59
SH.ELSEVE 200ML LISO DOS SONHOS,14,11.59
SH.ELSEVE 200ML OLEO EXTRA NUTRICAO,2,11.53
SH.ELSEVE 200ML PURE HIALURONICO,2,12.16
SH.ELSEVE 200ML REPARACAO TOTAL 5,2,11.59
SH.ELSEVE 250ML BOND REPAIR,4,27.73
SH.ELSEVE 400ML CACHOS DOS SONHOS,4,15.51
SH.ELSEVE 400ML COLLAGEN LIFTER,4,35.63
SH.ELSEVE 400ML GLYCOLIC GLOSS,10,20.79
SH.ELSEVE 400ML HYDRA-DETOX ANTI-CASP,4,26.57
SH.ELSEVE 400ML LISO DOS SONHOS SUPER,4,20.79
SH.ELSEVE 400ML OLEO EXTRA NUTRIÇÃO,3,20.77
SH.ELSEVE 400ML PURE HIALURONICO,3,20.79
SH.ELSEVE 400ML REPARACAO TOTAL 5,1,20.82
SH.GRANADO BEBE 250ML CALEND,2,13.63
SH.GRANADO BEBE 250ML CAMOMILA,3,13.63
SH.GRANADO BEBE 250ML ERVA DOCE,3,13.63
SH.GRANADO BEBE 250ML LAVANDA,1,13.63
SH.GRANADO BEBE 250ML REFIL CAMOMILA,3,10.92
SH.GRANADO BEBE 250ML REFIL TRADICION,3,10.92
SH.GRANADO BEBE 250ML TRADICIONAL,2,13.63
SH.HEAD&SHOULDERS 200ML *3EM1,2,13.11
SH.HEAD&SHOULDERS 200ML ANTI COCEIRA,2,12.98
SH.HEAD&SHOULDERS 200ML CRESC RAIZ,2,13.12
SH.HEAD&SHOULDERS 200ML HOMEM,1,13.12
SH.HEAD&SHOULDERS 200ML LIMPEZA EFICA,3,12.97
SH.HEAD&SHOULDERS 200ML MENTHOL REFRE,4,13.21
SH.HEAD&SHOULDERS 200ML REMOCAO DA OL,2,13.21
SH.HEAD&SHOULDERS 400ML *3EM1,1,22.84
SH.HEAD&SHOULDERS 400ML HOMEM,2,20.53
SH.INOAR 500ML ARGAN,1,15.24
SH.INOAR 500ML CICATRIFIOS,2,15.24
SH.JOHNSONS BABY 180ML 2EM1 REFIL,11,8.89
SH.JOHNSONS BABY 200ML 2EM1,2,11.98
SH.JOHNSONS BABY 200ML BLACKINHO PODE,6,11.98
SH.JOHNSONS BABY 200ML CAB.CACHEADOS,3,11.98
SH.JOHNSONS BABY 200ML CAB.CLAROS,7,11.98
SH.JOHNSONS BABY 200ML CHEIRINHO PROL,2,12.11
SH.JOHNSONS BABY 200ML GOTAS DE BRILH,3,14.23
SH.JOHNSONS BABY 200ML REGULAR,6,11.98
SH.JOHNSONS BABY 400ML 2EM1,3,17.1
SH.JOHNSONS BABY 400ML BLACKINH PODER,2,17.1
SH.JOHNSONS BABY 400ML CABELOS CLAROS,12,14.54
SH.JOHNSONS BABY 400ML CHEIRINHO PROL,3,17.1
SH.JOHNSONS BABY 400ML REGULAR,5,17.1
SH.JOHNSONS BABY 750ML CABELOS CLAROS,4,29.28
SH.JOHNSONS BABY 750ML REGULAR,8,31.83
SH.PANTENE 175ML BRILHO EXTREMO,3,10.39
SH.PANTENE 175ML HIDRATACAO,1,10.39
SH.PANTENE 175ML LISO EXTREMO,3,10.64
SH.PANTENE 175ML QUERATINA,2,10.46
SH.PANTENE 175ML RESTAURACAO PROFUNDA,2,10.39
SH.PANTENE 300ML BIOTINAMINA B3 ANTIQ,2,18.49
SH.PANTENE 300ML COLAGENO,1,19.76
SH.PANTENE 300ML EQUILIBRIO,1,18.64
SH.PANTENE 300ML MOL BOND REPAIR,5,19.76
SH.PANTENE 300ML QUERATINA,3,19.77
SH.PANTENE 400ML BAMBU,1,18.68
SH.PANTENE 400ML HIDRATACAO,3,18.29
SH.PANTENE 400ML RESTAURACAO PROFUNDA,2,18.29
SH.PANTENE BAMBU 200ML,2,10.33
SH.PANTENE BIOTINAMINA B3 ANTIQ 175ML,4,10.4
SH.SEDA 300ML FROZEN BRILHO ENCANTADO,1,9.91
SH.SEDA 300ML LUMINOUS UV 300ML,3,10.11
SH.SEDA 300ML REGENERACAO INTENSA,2,9.91
SH.SEDA 300ML TIANA CRESPOS ENCANTADO,2,7.34
SH.SEDA 300ML TOQUE DE SEDA,3,9.91
SH.SEDA 325ML BY RAYZA FORCA&CRESCIME,2,11.39
SH.SEDA 325ML CACHOS COMPORTADOS,3,10.1
SH.SEDA 325ML CERAMIDAS,3,10.11
SH.SIAGE ANTIOLEOSIDADE 250ML,2,24.3
SH.SIAGE CAUTERIZACAO 250ML,1,35.54
SH.SIAGE CAUTERIZACAO LISOS 250ML,2,33.22
SH.SIAGE COMBATE O FRIZZ 250ML,2,36.13
SH.SIAGE ESTIMULA CRESCIMENTO 250ML,1,24.3
SH.SIAGE HIDRAT MICELAR 250ML,3,36.13
SH.SIAGE MEN COMBATE CASPA 250ML,1,24.3
SH.SIAGE MEN LIMP PURIFICA 250ML,2,24.3
SH.SIAGE NUTRI OLEOS PODER 250ML,3,32.78
SH.SIAGE RECONST FIOS 250ML,1,33.22
SH.SIAGE RECONSTROI FIOS 400ML,1,41.03
SH.SIAGE RESGATE IMEDIATO 250ML,1,39.09
SH.SIAGE SCALP REABALANCE 300ML,1,43.92
SH.SIAGE VOLUME IMEDIATO 250ML,1,35.54
SH.TIO NACHO 415ML ANTI-CASPA,2,25.64
SH.TIO NACHO 415ML ANTI-CASPA 2EM1,3,26.58
SH.TIO NACHO 415ML ANTI-IDADE,2,26.58
SH.TIO NACHO 415ML CLAREADOR,3,23.76
SH.TIO NACHO 415ML ENGROSSADOR,3,23.76
SH.TIO NACHO 415ML ERVAS MILENARES,3,23.76
SH.TIO NACHO 415ML GINSENG,4,26.15
SH.WC JUBA HIGIENIZANDO 500ML,1,40.9
SHOX QUERATINA CREATINA EM GEL 120G,12,12.65
SIGMA-CLAV BD 400MG SS 70ML,3,31.83
SIGMA-CLAV BD 875/125MG 14CP,2,86.48
SIGMA-CLAV BD 875/125MG 20CP,1,102.5
SIILIF 100MG 30CP,1,75.08
SIL-HP 4MG 30CAPS,1,44.25
SIL-HP 4MG 60CAPS,1,102.88
SILIMALON 100+140MG 30DR,2,59.49
SILIMALON 30DR,1,62.08
SILIMALON 70+100MG C/10COMP,3,17.99
SILIMARINA 100MG 60CAP FORTLIFE,1,46.76
SILIMARINA 200MG 60CAP FORTLIFE,1,50.52
SILIMARINA 300MG 60CAP,1,58.36
SIMBIOFLORA 15SACHES,1,70.83
SIMBRINZA 5ML,1,58.69
SIMETICONA 125MG 10CAP TEUTO,19,2.99
SIMETICONA 40MG 20CP GLOBO,5,3.04
SIMETICONA 75MG GTS 15ML BIOSINTETICA,11,2.34
SIMPLI D 2000UI 20ML HERBARIUM,1,44.02
SINOT 400MG SS 100ML*,2,22.74
SINOT CLAV 400+57MG SUSP 70ML*,2,45.61
SINTOCALMY 300MG 20CP,1,44.99
SINTOCALMY 600MG 30CP,1,66.81
SINUSTRAT NEBUL 10ML,1,11.2
SINUSTRAT SPRAY 10ML,2,16.23
SINVASTACOR 10MG 30CP SANDOZ,6,15.3
SINVASTACOR 20MG 30CP SANDOZ,2,14.0
SINVASTACOR 40MG 30CP SANDOZ,5,6.46
SINVASTATINA 20MG 30CP SANDOZ,6,75.22
SLINDA 4MG 28CP,1,106.83
SLOW-K 600MG 30DR,5,22.6
SNICKERS CHOCOLATE 45G,18,3.81
SNICKERS DARK 42G,27,3.85
SNICKERS DUPLO CHOCOLATE 42G,20,2.88
SNICKERS MARACUJA 42G,10,3.18
SNICKERS MORANGO 42G,13,3.18
SNICKERS WHITE 42G,26,3.18
SOAPEX SAB 80G,3,19.76
SODIX 50MG C/20 COMP GEOLAB,22,8.15
SOMALGIN CARDIO 100MG 60CP,3,29.36
SOMALGIN CARDIO 325MG 32CP,2,38.0
SOMALGIN CARDIO 81MG 60CP,2,26.35
SONHO VALSA 25G STICK RECHEADO,41,1.8
SONIC 50MG 60COMP REV C1,1,39.29
SONRIDOR CAF EV 4CP,3,10.13
SONRISAL 10CP EFERV.,4,12.72
SONRISAL EV 1X2CP,42,2.0
SOPI H 30CP,1,169.74
SORINE AD 30ML,2,16.18
SORINE H 3% 50ML,2,25.69
SORINE IF 30ML,2,16.84
SORINE JET BABY 100ML,1,35.6
SORINE SSC SPRAY 100ML,5,37.95
SORINE SSC SPRAY 50ML,2,24.32
SORINE XTM ALTO VOLUME AD 30ENV,2,47.85
SORINE XTM ALTO VOLUME AD 30ENV+240ML,1,49.0
SORO FISIOLOGICO FARMAX 250ML,48,2.43
SORO FISIOLOGICO FARMAX 500ML,4,3.01
SOROX ABACAXI COM HORTELA 550ML,1,4.84
SOROX FRUTAS VERMELHAS 550ML,1,4.84
SPIDUFEN 770MG 10CP,1,22.54
SPIDUFEN 770MG 20CP,5,28.93
SPRAY ACIDIFICANTE ELSEVE GLYCOLIC GL,1,35.34
SPRAY DE ROM 30ML,2,8.5
SPRAY OLEO&SERUM DOVE UV REP&GLOW 110,3,30.03
SPRAY PROPOLIS 30ML,9,11.5
SPRAY SEDA BOOM DEF INT DAY AFTER 350,2,20.0
SPRAY SIAGE REVELA CACHOS 100ML,1,31.32
SPRAY SIAGE REVELA MAG.COMBATE O FRIZ,1,31.32
SPRAY VULT 100ML RECARGA HIDRATANTE,1,17.07
STANGLIT 15MG 30CP,1,73.76
STANGLIT 30MG 30CP,1,78.68
STANGLIT 45MG 30CP,1,132.05
STARFOR C EFERV 10 CP NATULAB,4,16.83
STEATON 200MG C/60 CAPS,1,72.21
STELE 1MG CR VAGINAL 50G,1,51.38
STER COL 5ML.,2,26.18
STER MD COL 10ML.,1,31.64
STEZZA 28CP,2,49.14
STILL COL 5ML,2,16.78
STODAL XP 150ML,4,58.86
STOMALIV 5G ENV ABACAXI GEOLAB,35,0.9
STREPSILS 16PAST,2,21.43
STREPSILS 16PAST LARANJA,43,20.99
STREPSILS 8PAST MEL E LIMÃO,1,11.72
STREPSILS 8PAST. LARANJA,3,7.82
SUAVICID CR 15G LEGRAND,1,67.98
SUAVIE SAB 70G,1,33.79
SUC.DE DESVENLAFAXINA 100MG 30CP,5,33.3
SUC.DE DESVENLAFAXINA 100MG 30CP TORR,1,28.58
SUC.DE DESVENLAFAXINA 50MG 30CP ALTHA,2,30.04
SUC.DE DESVENLAFAXINA 50MG 30CP TEUTO,12,19.45
SUC.DE DESVENLAFAXINA 50MG 60CP PHARL,1,49.85
SUCC.DE SOLIFENACIN 10MG 30CP BIOLAB,1,91.43
SUCC.DE SOLIFENACIN 10MG 30CP NEO QUI,1,49.9
SUCC.DE SOLIFENACIN 5MG 30CP BIOLAB,1,75.07
SUCCINATO DE METOPROLOL 25MG 30CP NEO,2,14.59
SUCCINATO DE METOPROLOL 50MG 30CP NEO,4,28.99
SUCO MISTO DE UVA ROSE INTEGRAL 300ML,2,6.1
SUCO MISTO DE UVA TINTO AçAí E UVA 30,1,6.1
SUCO MISTO DE UVA TINTO AMORA E UVA 3,1,6.1
SUCO MISTO DE UVA TINTO INTEGRAL 300M,3,6.1
SUCO MISTO DE UVA TINTO MACA E UVA 30,1,6.1
SUCO MISTO DE UVA TINTO TANGERINA 300,2,6.1
SUCRAFILM 1G 30CP,1,61.12
SUCRILHOS ORIGINAL KELLOGGS 25G,7,1.58
SUFLAIR 50G AO LEITE,15,5.96
SUFLAIR 50G DUO,18,5.96
SUFLAIR 80G DUO,1,8.07
SUGANON 5MG 30CP EUROFARMA,1,138.44
SULF.+TRIMETOPRIMA 400/80MG 20CP TEUT,3,10.84
SULF.+TRIMETOPRIMA SUS 100ML EMS,4,10.61
SULF.HIDROXICLOROQUINA 400MG 30CP EMS,1,55.2
SULFADIAZINA PRATA CREME 30G NATIVITA,10,8.28
SULFADIAZINA PRATA CREME 50G NATIVITA,6,9.9
SULFATO DE SALBUTAMOL 120ML GEOLAB,2,5.51
SULFATO FERROSO GT 30ML ARTE NATIVA,2,3.83
SULFATO FERROSO SOL 100ML ARTE NATIVA,2,4.4
SULFATO NEOMICINA+BACITR.PM 15G PRATI,12,7.57
SULPAN 20CP *,1,24.5
SUMAX 100MG 2CP,1,46.39
SUMAX 50MG 2CP,2,26.26
SUMAX 50MG 6CP,1,52.31
SUMAX PRO 500/85MG 2CP,2,58.57
SUMAX PRO 50MG/500MG 2CP,3,35.92
SUNDOWN FPS30 200ML,13,39.47
SUNDOWN KIDS PRAIA E PISCINA FPS60 10,4,27.54
SUNMAX FLUID FPS55 120ML OLEOSOS,6,56.96
SUNMAX FLUID FPS55 200ML OLEOSOS,3,70.0
SUNMAX FLUID FPS55 60ML,6,32.0
SUNMAX FPS30 MATTE AVELUDADO 50G,3,40.81
SUNMAX INTENSE FPS60 200G,6,43.58
SUNMAX INTENSE FPS60 60G PELE NORMAL,6,43.58
SUNMAX SENSITIVE FAMILY FPS30 160ML,1,56.3
SUNMAX SENSITIVE FPS30 60G,2,38.0
SUNMAX SENSITIVE FPS50 160ML,2,104.9
SUNMAX SENSITIVE FPS50 25ML,3,22.0
SUP.GLICERINA AD 12SP GRANADO,3,22.31
SUP.GLICERINA IF 12SP GRANADO,2,19.55
SUP.GLICERINA LACTANTE 12SP GRANADO,4,17.85
SUPER AMPOLA PRO SHOT RESST 90ML,2,17.77
SUPER BONDER TB 3G,2,5.23
SUPER BONDER ULTRA 20G,3,10.17
SUSTAGEN 400G BANANA,1,57.0
SUSTAGEN 400G BAUNILHA,2,57.0
SUSTAGEN 400G CHOCOLATE,2,57.0
SUSTAGEN 400G MORANGO,1,57.0
SUSTAGEN 900G CHOCOLATE ADULTO,1,106.14
SUSTAGEN KID'S 350G MORANGO,1,24.39
SUSTAGEN KID'S 380G BAUNILHA,2,25.0
SUSTAGEN SENIOR 370G BAUNILHA,1,61.0
SUSTAGEN SENIOR 370G SEM SABOR,1,61.0
SUSTRATE 50CP,4,25.47
SYNTHROID 100MCG 30CP,3,29.54
SYNTHROID 112MCG 30CP,1,30.89
SYNTHROID 125MG 30CP,2,32.4
SYNTHROID 137MCG 30CP,1,33.7
SYNTHROID 150MCG 30CP,2,49.02
SYNTHROID 175MG 30CP,1,38.39
SYNTHROID 200MG 30CP,1,42.28
SYNTHROID 25MCG 30CP,3,31.2
SYNTHROID 50MCG 30CP,1,27.23
SYNTHROID 75MCG 30CP,2,28.54
SYNTHROID 88MG 30CP,2,29.04
SYSTANE COMPLETE 10ML,2,89.39
SYSTANE HIDRATACAO 10ML,1,76.35
SYSTANE UL 10ML,1,63.81
SYSTANE UL 15ML,1,87.02
SYSTEN 25MCG C 8 ENV,1,79.43
SYSTEN 50MCG 8ADESIVOS,1,82.01
TACITA 30CP,1,103.22
TADALAFILA 20MG 4CP NEO QUIMICA,14,3.09
TADALAFILA 20MG 4CP PRATI/DONADUZZI,32,1.26
TADALAFILA 5MG 28CP NEO QUIMICA,62,53.31
TADALAFILA 5MG 30CP PRATI,5,4.19
TAKIL CR 35G,1,58.46
TALCO BARLA 140G,2,5.66
TALCO BARLA 80G,8,3.82
TALCO GRANADO BEBE 100G,2,13.14
TALCO JOHNSON BABY DERMO H SONO 100G,2,17.03
TALCO JOHNSON BABY ORIGINAL 100G,4,16.86
TALENTO CHOCOLATE 25G AMENDOAS/PASSAS,19,2.61
TALENTO CHOCOLATE 25G AVELAS,20,2.61
TALENTO CHOCOLATE 25G AVELAS DIET,10,4.29
TALENTO CHOCOLATE 25G CASTANHA DO PAR,11,2.61
TALENTO CHOCOLATE 25G CEREAIS/PASSAS,23,3.19
TALENTO CHOCOLATE 25G MEIO AMARGO/AME,15,2.61
TALENTO CHOCOLATE 75G AMENDOAS / AMEN,3,6.04
TALENTO CHOCOLATE 80G MEIO AMARGO,10,10.78
TALENTO CHOCOLATE 85G AMENDOAS E PASS,3,8.29
TALENTO CHOCOLATE 85G BRANCO CEREAIS/,19,9.83
TALENTO CHOCOLATE 85G LEITE AVELAS,11,7.15
TALENTO CHOCOLATE 85G LEITE CASTANHA,12,7.16
TALENTO CHOCOLATE 85G MEIO AMARGO AME,24,8.07
TAMARINE 12MG 20CL,4,81.96
TAMARINE 20CL,3,49.34
TAMARINE DUAL FIT HIBISCO+F.VERM 400M,3,6.73
TAMARINE DUAL FIT TAN+PES+CHA 400ML,3,0.14
TAMARINE FIBRAS 10 SACHES 57G,3,35.36
TAMARINE FIBRAS KIDS MORANGO 240ML,1,69.59
"TAMARINE FIBRAS MAX LAR 10SACH 7,2G",1,35.36
TAMARINE GELEIA ZERO ACUCAR 150G,1,75.52
TAMARINE GELEIA ZERO ACUCAR 250G,4,101.32
TAMIRAM 750MG 5CP*,2,107.06
TAMIRAM 750MG 7CP*,1,140.95
TAMISA 15 MCG C/28 COMP,2,24.21
TAMISA 20MCG 21CP,2,31.85
TAMISA 30MCG 21CP,2,29.94
TAMISA SEM PARAR 28CP,2,38.88
TANDENE 15CP BUNKER,3,8.6
TANDENE 30CP BUNKER,2,17.52
TANDERALGIN 15CP DELTA,31,4.21
TANDERALGIN 30CP DELTA,29,26.91
TANDRILAX 15CP,7,12.04
TANDRILAX 30CP,3,29.44
TANTIN 15MG 28COMP,2,20.68
TAPAZOL 10MG C 100 COMP,1,45.82
TAPAZOL 5MG 100CP,3,21.63
"TAR.DE BRIMONIDINA+TIMOL 2,5MG 5ML NE",1,57.56
"TARFIC 0,3MG PM 10G",4,79.01
"TARFIC 1,0MG PM 10G",2,79.01
TARGIFOR C 16CP EFERV.,2,37.29
TARGIFOR CEWIN 500MG 30CP,3,29.33
TARGIFOR TEENERGIZA C/60,1,83.12
TARTARATO DE BRIMONIDINA 2MG/ML SL OF,2,12.99
TAXA DE ENTREGA,500,2.9
"TECNOMET 2,5MG 20CP",1,23.55
TEGRETOL 200MG 20CP *,1,17.61
TEGRETOL 200MG 60CP *,1,50.09
TEGRETOL CR 200MG 20CP *,1,19.02
TEGRETOL XP 100ML *,2,19.59
TEKBOND COLA INSTANTANEA 2G,23,2.81
TEKBOND COLA INSTANTANEA 3G GEL,24,3.65
TEKBOND COLA TEKBOND 793 20G,10,7.35
"TELMISARTANA+HIDRO 40+12,5MG 30CP TOR",1,48.07
"TELMISARTANA+HIDRO 80+12,5MG 30CP TOR",1,48.06
TELMISARTANA+HIDRO 80+25MG 30CP TORRE,1,48.06
TENOXICAN 20MG 10CPD GEOLAB,8,27.51
TENOXIL 20MG 10CP MEDQUIMICA,5,17.53
TENSALIV 10MG 30CP NEO QUIMICA,9,34.19
TENSALIV 5MG 30CP NEO QUIMICA,9,19.61
TEOLONG 200MG 30CL,1,29.13
TERCEN 250MG 5ML SUS OR 100ML,1,101.1
TERICIN AT CR VAG 45G C/10APLIC,1,38.71
TERMOMETRO DIGITAL G.TECH BRANCO 1UN,6,14.09
"TEROLAC 0,5MG SOL OFT 5ML",2,40.13
TEROQUATRO 4MG 5ML,1,32.09
TESOURA DE UNHA PONTA CURVA RAINHA CH,3,5.49
TESOURA DE UNHA PONTA RETA 1UN RAINHA,6,5.49
TESOURA INOX DE UNHA CURVA 385 MODELO,2,7.16
TESOURA INOX DE UNHA RETA 384 MODELO,2,6.93
TESOURA INOX PONTA REDONDA MODELLO,2,6.88
TESOURA MUNDIAL BABY FLEX,2,16.8
TESOURA MUNDIAL FLEX CURVA BC323,1,16.8
TESOURA MUNDIAL FLEX CURVA BC327,1,15.66
TESOURA MUNDIAL FLEX RETA 322,2,16.8
TESOURA MUNDIAL FLEX RETA 326,1,16.8
TESOURA MUNDIAL MULTIUSO 8.5 POLEGADA,2,14.13
"TESS 2,0/0,035MG COM REVX21",1,16.75
TESTOSTERONA UNDECILATO 250MG/ML EURO,1,306.0
TETRAMED 500MG ENV 10CPR MEDQUIMICA,10,8.51
TEUTOVIT E 400UI 30CL TEUTO,1,13.45
THEALOZ DUO SOL OFT 10ML,1,83.58
"THERAPSOR CAPILAR 0,05% 25ML",1,34.14
THREE BOND 2 GR ARIG,18,1.95
"TIBOLONA 2,5MG 28CP NEO QUIMICA",2,45.21
"TIMOPTOL 0,5% 5ML",1,12.94
TINIDAZOL+NITR MIC CR VG 40G EUROFARM,2,14.24
TINIDAZOL+NITRA.MICON.CR VAG 45G GEOL,3,25.66
TINT.BIGEN 21 PRETO AZULADO 6G,3,9.88
TINT.BIGEN 57 PRETO 6G,6,9.88
TINT.BIGEN 58 PRETO NATURAL 6G,2,9.52
TINT.BIGEN 59 PRETO AZULADO 6G,5,9.88
TINT.CASTING CR.GLOSS 100 PRETO NOITE,4,25.04
TINT.CASTING CR.GLOSS 200 PRETO,7,25.03
TINT.CASTING CR.GLOSS 210 PRETO AZULA,7,25.03
TINT.CASTING CR.GLOSS 300 CAST.ESCURO,2,25.03
TINT.CASTING CR.GLOSS 316 AMEIXA,2,26.06
TINT.CASTING CR.GLOSS 400 CAST.NATURA,1,25.04
TINT.CASTING CR.GLOSS 415 CHOC.GLACE,1,25.04
TINT.CASTING CR.GLOSS 426 BORGONHA,2,25.03
TINT.CASTING CR.GLOSS 500 CAST.CLARO,1,25.03
TINT.CASTING CR.GLOSS 535 CHOCOLATE,4,25.03
TINT.CASTING CR.GLOSS 600 LOURO ESCUR,5,25.04
TINT.CASTING CR.GLOSS 700 LOURO NATUR,6,25.03
TINT.COR&TON * 3.66 VIOLINE 50G,1,9.21
TINT.COR&TON * 7.66 LOURO MED.VERM 50,3,9.97
TINT.COR&TON 1.0 PRETO AZULADO 50G,1,9.2
TINT.COR&TON 1.0 PRETO INTENSO S/AMON,4,12.11
TINT.COR&TON 3.0 CAST.ESCURO S/AMONIA,5,12.11
TINT.COR&TON 5.0 CASTANHO CLARO S/AMO,8,12.11
TINT.COR&TON 5.3 CAST.CLARO DOUR.50G,1,9.98
TINT.COR&TON 6.66 VERMELHO CARMIM,3,12.11
TINT.COR&TON 6.7 CHOCOLATE 50G,8,9.99
TINT.COR&TON 6.7 CHOCOLATE 50G S/AMON,5,12.11
TINT.COR&TON 7.1 LOURO CINZA MED.50G,1,9.98
TINT.COR&TON 8.0 LOURO CLARO 50G,1,9.9
TINT.COR&TON 8.3 LOURO CLARO DOR.50G,1,9.97
TINT.COR&TON KIT 6.1 LOURO ESC.ACIZEN,2,9.42
TINT.IMEDIA 1 PRETO ONIX,8,22.39
TINT.IMEDIA 10 LOURO CLARISSIMO,3,22.36
TINT.IMEDIA 10.1 LOURO CLARIS ACINZEN,3,22.39
TINT.IMEDIA 2 PRETO CLASSICO,12,22.39
TINT.IMEDIA 3 CASTANHO ESCURO,4,22.39
TINT.IMEDIA 5 CASTANHO CLARO,1,22.4
TINT.IMEDIA 5.3 CASTANHO CLARO DOURAD,1,22.38
TINT.IMEDIA 6 LOURO ESCURO,1,22.39
TINT.IMEDIA 6.1 LOURO ESCURO ACINZENT,2,22.4
TINT.IMEDIA 6.41 MARRON,2,22.38
TINT.IMEDIA 7 LOURO NATURAL,1,22.39
TINT.IMEDIA 7.1 LOURO ACINZENTADO,2,22.38
TINT.IMEDIA 8 LOURO CLARO,2,22.39
TINT.IMEDIA 8.1 LOURO SUECO,2,22.4
TINT.IMEDIA 9 LOURO MUITO CLARO,3,21.49
TINT.IMEDIA UNIV NUDES S/AM 2U PRETO,6,25.65
TINT.IMEDIA UNIV NUDES S/AM 3U CAST E,4,25.65
TINT.IMEDIA UNIV NUDES S/AM 4U CASTAN,2,25.29
TINT.IMEDIA UNIV NUDES S/AM 5U CAST C,2,25.29
TINT.IMEDIA UNIV NUDES S/AM 6U LOURO,5,25.29
TINT.IMEDIA UNIV NUDES S/AM 7U LOURO,2,25.29
TINT.IMEDIA UNIV NUDES S/AM 8U LOURO,2,25.65
TINT.KOLESTON *4446 BORGONHA VIBRANTE,3,16.5
TINT.KOLESTON *5546 AMORA 55G,1,16.5
TINT.KOLESTON *6646 CEREJA 55G,1,16.5
TINT.KOLESTON 10 PRETO INFINITO 55G,2,16.5
TINT.KOLESTON 20 PRETO 50G,1,16.5
TINT.KOLESTON 415 CASTANHO NOITES ILU,1,16.5
TINT.KOLESTON 54 CAST DOURADO ACOBREA,2,16.5
TINT.KOLESTON 61 LOURO CINZA ESCURO 5,2,16.5
TINT.KOLESTON 67 CHOCOLATE 55G,1,16.5
TINT.KOLESTON 674 CHOCOLATE ACOBREAD.,1,16.5
TINT.KOLESTON 72 LOURO MATE MEDIO 50G,2,16.5
TINT.KOLESTON RETOQUE SPRAY 100ML CAS,1,30.2
TINT.KOLESTON RETOQUE SPRAY 100ML CAS,1,30.21
TINT.KOLESTON RETOQUE SPRAY 100ML PRE,2,26.6
TINT.MARCIA 1.0 PRETO,3,5.49
TINT.MARCIA 1.1 PRETO AZULADO 60ML,3,5.49
TINT.MARCIA 2.0 PRETO SUAVE 60ML,3,5.49
TINT.MARCIA 3.0 CAST ESCURO 60ML,3,5.49
TINT.MARCIA 4.0 CAST MEDIO 60ML,3,5.49
TINT.MAXTON 1.77 PRETO AZULADO INTENS,1,8.9
TINT.MAXTON 4.66 VERMELHO INTENSO,3,11.74
TINT.MAXTON 5.7 CHOCOLATE AMARGO,3,11.4
TINT.MAXTON 6.7 CHOCOLATE,1,8.9
TINT.MAXTON 7.37 MARRON CARAMELO,1,11.4
TINT.MAXTON PRATICA *6.66 VERMELHO,2,11.74
TINT.MAXTON PRATICA 4.0 CAST.NATURAL,1,8.3
TINT.MAXTON PRATICA 5.0 CAST.CLARO,2,8.9
TINT.MAXTON PRATICA 7.0 LOURO NATURAL,2,8.9
TINT.MAXTON PRATICA 8.1 LOURO SUECO,1,8.9
TINT.NUT.INTENSA 2.8 PRETO AZULADO AÇ,2,16.0
TINT.NUTRISSE 10 PRETO,7,16.0
TINT.NUTRISSE 20 PRETO ABSOLUTO,2,16.0
TINT.NUTRISSE 210 CAFE AZULADO,5,16.0
TINT.NUTRISSE 30 CAST.ESCURO,3,16.0
TINT.NUTRISSE 50 CASTANHO CLARO,3,16.0
TINT.NUTRISSE 52 MARROM IVETE,1,16.0
TINT.NUTRISSE 60 LOURO ESCURO,4,16.0
TINT.NUTRISSE 61 CAFE GELADO,1,16.0
TINT.NUTRISSE 67 CHOCOLATE,5,16.0
TINT.NUTRISSE 70 LOURO NATURAL,2,16.0
TINT.NUTRISSE 71 LOURO NATURAL ACINZE,2,16.0
TINT.NUTRISSE 80 LOURO CLARO,1,16.0
TINT.NUTRISSE 81 LOURO ACIZENTADO,2,16.0
TINT.SALON LINE LIGHT 01.0 PRETO AZUL,3,15.43
TINT.SALON LINE LIGHT 02.0 PRETO,3,14.36
TINT.SALON LINE LIGHT 03.0 CAST.ESCUR,2,14.37
TINT.SALON LINE LIGHT 06.00 LOURO ESC,3,14.37
TINT.SALON LINE LIGHT 06.7 CHOCOLATE,3,15.07
TINT.SALON LINE LIGHT 07.00 LOURO NAT,2,14.27
TINT.SALON LINE LIGHT 1.110 TURBALINA,3,14.36
TINT.SALON LINE LIGHT 4.0 CASTANHO ME,3,14.36
TINT.SALON LINE LIGHT 5.0 CASTANHO CL,3,14.36
TINT.SOFT COLOR 20 PRETO,7,16.0
TINT.SOFT COLOR 28 PRETO,6,16.0
TINT.SOFT COLOR 30 CAST.ESCURO,4,16.0
TINT.SOFT COLOR 46 BORGONHA,3,16.0
TINT.SOFT COLOR 50 CASTANHO CLARO,2,16.0
TINT.SOFT COLOR 54 CASTANHO ACOBREADO,1,16.0
TINTURA ARNICA MONTANA 30ML UNIPHAR,15,3.72
TINTURA DE IODO 2% 30ML FARMAX,5,5.01
TINTURA DE IODO 2% 30ML UNIPHAR,12,4.34
TIO NACHO SH415ML+COND200ML ANTIGRISA,5,37.34
TIOCONAZOL+TINID.CR VAG 35G 7AP GEOLA,3,39.53
TIORFAN 100MG 9CL,2,33.1
TIORFAN 10MG SACHES 18X1G,1,48.72
TIPOIA ORTOPEDICA FLEX MERCUR G/GG,1,30.97
TIPOIA ORTOPEDICA FLEX MERCUR P/M,1,30.97
TIRA LEITE SANITY AZUL 1UN,2,29.99
TIRA LEITE SANITY ROSA 1UN,2,32.31
TIRA LEITE SANITY TRADICIONAL 1UN,2,32.33
TIRAS G-TECH FREE 50UN,2,60.01
TIRAS G-TECH LITE 50UN,3,56.07
TIRAS G-TECH VITA 50UN,3,56.07
TOALHA DE PAPEL COQUETEL 360TOALHAS 2,7,12.26
TOALHA SCOTT DURAMAX ROLO 3X1,2,19.84
TOALHA UMED BABYSEC ULTRA 48UNID,44,5.98
TOALHA UMED.PERSONALIDADE BABY 50UN,4,7.94
TOALHA UMEDECIDA BEBE LIMP 45UN CIMED,49,2.9
TOBRADEX COL 5ML,2,26.9
"TOBRADEX POMADA 3,5G",1,42.64
"TOBRAMICINA SL OFT 0,3% 5ML GEOLAB",3,7.19
TOBREX COL 5ML,3,30.14
"TOBREX PM OFT 3,5G",1,40.69
TODDYNHO 200ML,24,2.23
TODDYNHO LEVINHO 200ML,4,2.23
TOLREST 25MG 30CP *,2,29.65
TOLREST 50MG 30CP*,2,57.41
TONALIZ.BURGUESINHA 1.0 PROBELLE 50ML,2,6.28
TONALIZ.BURGUESINHA 2.0 PROBELLE 50ML,1,7.29
TONALIZ.BURGUESINHA 3.66 PROBELLE 50M,3,7.29
TONALIZ.BURGUESINHA 4.0 PROBELLE 50ML,3,6.28
TONALIZ.BURGUESINHA 5.0 PROBELLE 50ML,4,7.29
TONALIZ.BURGUESINHA 6.0 PROBELLE 50ML,5,7.29
TONALIZ.BURGUESINHA 6.1 PROBELLE 50ML,6,7.29
TONALIZ.BURGUESINHA 6.66 PROBELLE 50M,6,7.19
TONALIZ.BURGUESINHA 7.0 PROBELLE 50ML,4,7.31
TONIC SIAGE 100ML ANTIQUEDA,1,57.21
TONIC VULT EXPLOSAO DE FORCA 65ML,2,23.97
TONICO CAP CLEAR MEN ANTIQUEDA 100ML,1,30.0
TONICO CAP SL PINK FATAL 300ML,2,27.35
TONICO FACIAL FACE BEAUTIFUL 100ML,1,4.0
TONICO GOTA DOURADA FORTALECIMENTO 30,14,4.81
TOPIRAMATO 100MG 60CP GERMED,1,142.8
TOPIRAMATO 100MG 60CP*,1,34.55
TOPIRAMATO 25MG 60CP EMS,3,14.71
TOPIRAMATO 25MG 60CP GERMED,3,53.78
TOPIRAMATO 50MG 60CP EMS,1,174.14
TOPIRAMATO 50MG 60CP ZYDUS GENERICO,5,18.87
TOPISON CR 20G,1,58.63
TOPISON PM 20G,1,45.09
TORAGESIC 10MG 10CP,1,32.67
TORAGESIC 5ML SOL OFT,2,38.79
TORANTE XP 100ML,1,43.63
TORMIV 10MG 10CP SUBL,1,19.53
TORMIV ODG 10MG 10SACH SUBL,2,21.96
TORNOZELEIRA ELASTICA MERCUR G,1,28.99
TORNOZELEIRA ELASTICA MERCUR P,3,28.99
TORSILAX 12CP NEO QUIMICA,7,10.28
TORSILAX 30CP NEO QUIMICA,45,7.95
TORSILAX EV 4CP NEO QUIMICA,12,3.77
TORVAL CR 300MG 30CP*,2,28.23
TORVAL CR 500MG 30CP*,1,47.15
TORXIS 90MG 7CP,1,54.4
TOUCA DE BANHO C/2 324 MODELO,6,4.84
TOUCA REFLEXO C/ AGULHA RCB0502 MODEL,1,21.55
"TRAMADOL+PARACETAMOL 37,5+325MG 20CP",11,14.3
"TRAMADOL+PARACETAMOL 37,5+325MG 30CP",3,23.91
TRAMAL 100MG/ML GT 10ML *,2,124.93
TRAMAL 50MG 10CL *,2,57.89
TRAMAL RETARD 100MG 10CP *,2,87.15
TRANSAMIN 12CP,3,50.79
"TRATURIL 5,631G/8G CX C/1 ENV *",3,51.65
"TRATURIL 5,631G/8G CX C/2 ENV *",2,71.11
"TRAUMEEL 301,5 MG 50 COMP",1,81.0
"TRAVAMED MT 0,04+5MG ML OFT2,5ML",2,100.47
"TRAVOPROSTA SOL OFT 2,5ML GEOLAB",4,17.45
TRAXONOL 100MG 15CPS GEOLAB,6,15.03
TRAXONOL 100MG 4CPS GEOLAB,3,24.75
TRAYENTA 5MG 30CP,1,190.15
TREZETE 10MG+10MG C30 COMP REV,1,74.78
TREZETE 20MG+10MG C30 COMP REV,1,105.74
TREZETE 5MG+10MG C 30 COMP,1,61.89
TREZOR 10MG 60CP,1,55.06
TREZOR 20MG 30CP,2,55.7
TREZOR 40MG 30CP REV,1,114.5
TRIADE MULHER C/30 COMP,1,36.86
TRIADE OSSO 30 COMP,1,75.95
TRICOFORT 2X20ML,3,10.63
TRICOFORT 2X25ML ANTICASPA,2,9.21
TRICOFORT LOC CAP 25ML C/2UN,3,10.32
TRICORTID CR 30GR,4,1.6
TRILEPTAL 300MG 20CP *,1,63.93
TRILEPTAL XP 100ML *,1,50.19
TRIM LAVANDA 65G,3,22.73
TRIMEB 200MG 30CP,1,73.2
TRIMUSK C 15 CP,3,20.38
TRINODAZOL GEL VAG 50G,2,21.24
TRIO 3 ESPONJAS POWDER PUFF YOU SE.ME,3,3.65
TRIO 3 ESPONJAS POWDER PUFF YOU SE.ME,2,3.65
"TRIPLIXAM 10+2,5+5MG 30CP",1,74.19
TRIQUILAR 21DR,2,10.42
TRISORB COL 15ML,1,29.88
TRIVAGEL N CR VAG 60G,1,54.8
TROK CR 10G,6,16.86
TROK N CR 10G,3,18.13
TROK N CR 30G,1,34.84
TROK N PM 10G,1,17.25
TROK N PM 30G,1,35.36
TROK PM 10G,1,15.39
TROK PM 30G,1,23.84
TROK-G 1MG CR 30G,1,19.21
TROK-G 1MG PM 30G,1,19.21
TROMBOFOB GEL 40G,2,20.12
TROMETAMOL CETOROLACO 10MG 10COMP,5,9.3
TROMETAMOL CETOROLACO 10MG 10CP BIOSI,4,7.84
TROPINAL 20CP,4,21.55
TROPINAL GT 15ML,2,16.7
TURNO SL 5MG 30CP,1,37.24
TWIX TRIPLO CARAMELO 40G,69,4.0
TWIX TRIPLO CHOCOLATE 40G,16,3.07
TYLEMAX CRIANCA SUSP 60ML MULTILAB,2,7.45
TYLENOL 500MG 10CP,4,15.55
TYLENOL 500MG 20CP,1,15.56
TYLENOL 750MG 10CP,2,13.71
TYLENOL 750MG 20CP,4,26.08
TYLENOL BEBE GT 15ML,2,28.51
TYLENOL CRIANÇA 60ML,1,20.6
TYLENOL DC 1G MULT DORES C 20 CP,1,24.28
TYLENOL DC 500MG 10CP,2,17.37
TYLENOL SINUS 36CP,2,28.44
TYLENOL SINUS 500MG 24CP*,11,13.84
TYLEX 30MG 12CP *,1,27.03
TYLEX 30MG 24CP*,1,52.71
"TYLEX 7,5MG 12CP *",1,19.61
TYNNA 20MG 30CP,1,80.22
UAU PERFUMES CHA BRANCO 500ML,1,2.92
UNHA BAILARINA RAINHA CHIC C/100UN,4,5.49
UNHA CURVATURA RAINHA CHIC C/100UN,2,5.49
UNIZINCO SL 100ML,2,24.77
UREADIN 10% LOCAO 200ML,1,58.61
UREADIN GEL DE BANHO 424G,1,60.18
UREADIN LC HIDRAT 10% 100ML,2,24.13
UROCRAN 30CAPS,1,95.35
UTROGESTAN 100MG 30CP,1,66.95
UTROGESTAN 200MG 14CP,1,44.0
UTROGESTAN 200MG 42CP,1,187.7
VAGIFEM 10MG 18CP,1,121.23
VAL.BET+GENT+CLIO+TOL CR 20G GEOLAB,1,19.64
VALDA PAST.FRIENDS CAFE 25G,24,3.76
VALDA PAST.FRIENDS CHERRY SACHE 25G,15,4.94
VALDA PAST.FRIENDS F AMARELA 25G,17,4.94
VALDA PAST.FRIENDS MORANGO POTE 50G S,3,7.49
VALDA PAST.FRIENDS S/AÇUCAR 12UN,2,4.94
VALDA PAST.FRIENDS S/AÇUCAR 12UN MORA,12,4.94
VALDA PAST.SACHES 12UN,11,4.15
VALDA PAST.SACHES DIET 12UN,10,5.84
VALDA STRANGER 25G CARAMELO,20,2.71
VALDA STRANGER 25G CHOCOLATE,20,2.71
VALDA STRANGER 25G MORANGO/LARANJA,20,2.71
VALDA STRANGER 25G UVA MACA,19,2.71
VALDA STRANGER 50G FREEZE,4,9.22
VALERATO DE BET.CR 30G NEO QUIMICA,2,17.55
VALERATO DE BET.POMADA 30G PHARLAB,3,10.67
VALSARTANA 160MG 30CP NEO QUIMICA,2,43.34
VALSARTANA 160MG 30CPD G TEU,1,26.47
VALSARTANA 320MG 30CP BIOSINTETICA,2,40.0
VALSARTANA 320MG 30CP NEO QUIMICA,1,39.88
VALSARTANA 320MG 30CP NOVA QUIMICA,1,43.66
VALSARTANA 80MG 30CP EMS,1,37.71
VALSARTANA+HTC 160+25MG 30CP BIOSINTE,3,26.85
"VALSARTANA+HTC 80+12,5MG 30CP BIOSINT",1,27.59
VALYANNE 50MG 20CP,3,5.59
VARICELL KIT NANOINTENSE CR 300G,1,54.01
VARICELL PHYTO 30CAPS,2,40.42
VASCOR MR 35MG C 30 CP,1,34.21
VASCOR MR 35MG C 60 CP,1,77.18
VASELINA LIQ.100ML UNIPHAR,11,4.45
VASELINA LIQUIDA 100ML VASEMAX,16,5.89
VASTAREL MR 30CP,1,79.9
VASTAREL MR 60CP,1,159.79
VATIS 150MG 60CP,1,71.22
VAZIDIN MR 35MG C/30 COMP,2,42.55
VEET CR 100ML CORPO PELE DELICADA,1,27.76
VEET CR 100ML PELE NORMAL/SECA,3,27.38
VEET CR 150ML PELE SENSIVEL,3,37.09
VEET CR 200ML FOR MEN,1,42.57
VEET DEPIL CR PELE NORMAL 200ML,2,44.66
VEET DEPIL CR PELE SENS 200ML,3,43.0
VEET FOLHAS AXILAS/VIRILHAS C/16UN,4,19.73
VEET FOLHAS CERA FACIAL 16UN PELE DEL,3,19.73
VELIJA 30MG 30CAPS*,1,55.14
VELIJA 30MG 60CAPS*,1,108.76
VELIJA 60MG 30CAPS*,1,110.25
VELIJA 60MG 60CAPS*,1,184.44
VENAFLON 450/50MG 30CP TEUTO,2,58.68
VENAFLON 450/50MG 60CP TEUTO,3,26.82
VENAFLON 900+100MG 30CPD TEUTO,1,29.16
VENALOT 30DR,7,42.42
VENALOT CR 240ML,1,55.37
VENLAXIN 150MG 30CPS *,1,92.44
"VENLAXIN 37,5MG 30CL*",1,27.85
VENLAXIN 75MG 30CL *,1,65.21
"VENLIFT OD 37,5MG 30CAPS *",2,40.43
VENLIFT OD 75MG 30CP *,2,62.72
VENTUS 50MG SPR NAS 120 ACION,1,36.95
VENULA 200MG 30AP,1,25.39
VENUS3 REC PELE SENS 2UN,7,19.99
VENVANSE 30MG 28CP*,2,287.69
VENZER 16MG 30CP,2,69.72
VENZER 32MG 30CP,1,77.29
VENZER 8MG 30CP,1,69.72
VENZER 8MG 90CPR,1,149.15
"VENZER HCT 16+12,5MG 30CP",2,74.68
"VENZER HCT 8+12,5MG 30CP",1,74.68
VERRUX 10ML,2,55.84
VERTIGIUM 10MG 50CP NEO QUIMICA,3,10.75
VERUTEX B CR 15G,1,86.07
VERUTEX CR 15G,1,48.25
VIBRAL XP 120ML,1,25.87
VIBRAL XP IF 120ML,1,14.3
VICHY PROT SOLAR FAC.COR 4.0 FPS60 40,1,77.55
VICHY PROT SOLAR FAC.FPS60 2.0 Antima,1,66.61
VICHY PROT SOLAR HYDMAT 1.0 FPS50 30G,1,48.41
VICHY PROT SOLAR HYDMAT 6.0 FPS50 30G,1,48.41
VICK BABYRUB 12G,1,18.08
VICK INALADOR 1UN,8,17.84
VICK PAST 20UN GENGIBRE,2,9.79
VICK PAST 20UN MEL,8,9.79
VICK PAST 20UN MENTOL,10,9.79
VICK PYRENA 5X5G LIMAO/MEL,1,10.97
VICK PYRENA GRIP-7 C 10CP,2,6.99
VICK VAPORUB 12G,29,10.08
VICK VAPORUB POTE 30G,1,22.64
VICK VAPORUB POTE 50G,2,28.98
VICK XP 44E 120ML,2,18.7
VICK XR INFANTIL 120ML+COPO MEDID,1,17.92
VICOG 30CP,3,20.02
VICOG 90CP,1,54.81
VIDISIC GEL 10G,1,33.06
VIGADEXA COL.5ML,1,41.35
VIGAMOX COL 5ML,1,42.85
VILDAGLIPTINA 50MG 60CP PHARLAB,2,55.22
"VIOFTA 0,15% SOL OFT 10ML",2,44.21
"VIOFTA 0,40% SOL OFT 10ML",2,69.08
VIT NEO MELATONINA 90CP,3,25.89
VITA E 400MG 30CL,1,37.68
"VITACID ACNE 0,25MG GEL*",2,67.29
VITACID CR 25G*,2,46.9
VITACID GEL 25G*,4,32.81
VITACID PLUS CR 15G*,1,101.77
VITACID XT CR 25G *,3,43.95
VITACIN KIDS 25GOMAS LARANJA GEOLAB,2,5.36
VITACIN KIDS 25GOMAS MORANGO GEOLAB,2,4.84
VITAMINA B12 MASTIGAVEL 60 COMP,14,25.75
VITAMINA B12 MASTIGAVEL 60 COMP CATAR,5,22.04
VITAMINA C 1000MG C/30 COMP CATARINEN,2,26.61
VITAMINA C GT 20ML ARTE NATIVA,12,2.73
VITAMINA CAP BRILHO DA SEDA 10ML RICI,20,1.46
VITAMINA D 2.000UI 30CP NEO QUIMICA,2,8.83
VITAMINA D3 1.000UI C/30 CP BIOLAB,1,7.23
VITAMINA D3 10.000UI C/ 30 CáPS MOLES,3,30.43
VITAMINA D3 15.000UI 4CAP GEL,1,14.93
VITAMINA D3 2000UI 30CAP,2,12.52
VITAMINA D3 400UI 10ML GTS NEO QUIMIC,1,8.27
VITAMINA D3 50.000UI C/ 4 CAPS GEL,2,43.15
VITAMINA D3 50.000UI C/ 8 CAPS GEL,1,75.31
VITAMINA D3 5000UI C/ 30 CáPS MOLES,3,19.14
VITAMINA D3 7000UI 4CAP NEO QUIMICA,7,3.99
VITAMINA E C/ 60 CP,2,15.97
VITAXON C + ZINCO 10CP,3,6.78
VITAXON C 10CP LARANJA,3,4.06
VITAXON C 200 MG 20 ML VITAMINA,3,3.55
VITAXON TRIPLA ACAO 30CP VITAMINA D+Z,1,17.38
VITAXON ZINCO 10 CP EFEV VIT C+ZINCO,4,5.99
VITER C 1G 10 CP EFERV LARANJA,10,4.6
VITER C 20ML VITAMINA C,1,3.41
VITERGAN MASTER N C 30 COMPR,1,93.98
VITERGAN ZINCO PLUS 30CP,1,94.63
VITERGAN ZINCO PLUS D C/ 30CP,1,100.59
VIVERDAL 2MG COM REV X 30,2,25.81
VOEXTOR 10MG C 30 COMP,1,128.04
VOEXTOR 5MG C 30 COMP,1,77.7
VOLIG 4MG 10CP LEGRAND,1,14.04
VOLTAREN 75MG INJ.5X3ML,1,14.79
VOLTAREN RETARD 100MG 10CP,2,28.75
VOLTAREN SR 75MG 20CP,1,32.79
VONAU FLASH 4MG 10CP,7,33.65
VONAU FLASH 4MG 30CP,2,66.23
VONAU FLASH 8MG 10CP,2,74.05
WAFER STICK RECHEADO OURO BRANCO 25G,9,1.79
"WEGOVY 2,4MG+4AG NOVOFINE",1,2064.6
WINTER AP 6/120MG 8CL,2,27.14
X ABS.TENA LADY DISCR NORMAL 8UN,2,13.06
X BIO-OIL GEL 50ML,3,18.0
X CABO V8,7,14.99
X DRUSOLOL COL 5ML UNIAO QUIMICA.,1,55.99
X FISIOGEL CR TRAVEL SIZE 60G,2,24.33
X HIDRATEEE MAX PRO ZINCO 4SACHE LARA,1,7.99
X LEITE APTAMIL 3 800G,1,41.6
X LISTERINE PRO GENVIVA EXP 250ML,10,21.88
X PANTOGAR 60CP NEO,1,122.09
"XAFAC 2,5MG C/30 COMP",1,42.55
"XALANOFT 0,05+5MG/ML SOL OF2,5ML",1,93.01
"XALATAN 50MG 2,5ML",1,136.16
XANTINON 30DR,5,13.25
XANTINON B12 EV 10CP,10,4.89
XANTINON COMPLEX 100ML,1,15.04
XAQUELIV 12CP DIPIRONA+DI-HIDROERGOTA,1,9.91
XAROPE DA VOVO 250ML,1,12.99
XEFO 8MG 20CP,3,27.58
XEFO 8MG 30CP,2,41.33
XIGDUO XR 10/1000MG 30CP,1,190.6
XO INSETO LOÇAO 100ML KIDS CIMED,23,11.59
XO INSETO LOÇAO 200ML CIMED,17,8.81
XO INSETO SPRAY 200ML CIMED,22,17.86
XUMER 90MG 14CPR,1,85.76
YASMIN 21+7CP,1,62.86
YAZ 24+4CP,1,88.83
"YOMAX 5,4MG 60CP",1,87.9
"ZAP 2,5MG C 30 COMP *",1,40.21
ZART 50MG 30CP,7,7.72
ZAZ REPELENTE DE INSETOS KIDS LOCAO 1,12,9.59
ZAZ REPELENTE LOCAO 120G,20,7.99
ZAZ REPELENTE SPRAY 130ML,20,11.0
ZEFORUS 20MG 4CP,1,33.85
ZETIA 10MG 30CP,1,67.5
ZETRON XL 150MG 30CP *,3,79.52
ZETRON XL 300MG 30CP *,1,120.63
ZINA 5MG 10CP,1,46.18
ZINCO 20MG 30CP,2,9.54
ZINNAT 250MG SS 50ML,2,113.75
ZINPASS 10MG 30CP,1,52.24
ZINPASS 20MG 30CP,1,91.69
ZINPASS+EZE 10/10MG 30CP MEDLEY,1,72.93
ZINPASS+EZE 20/10MG 30CP MEDLEY,1,66.13
ZINPASS+EZE 40+10MG C 30COMP,1,145.81
ZIRVIT B 30ML,1,48.0
ZIRVIT KIDS MAX 100ML,1,66.03
ZIRVIT KIDS SS 100ML,1,50.76
ZIRVIT MULTI 30CP,1,75.9
ZYLORIC 100MG 30CP,1,12.72
ZYLORIC 300MG 30CP,1,37.57
ZYMAR COL 5ML,1,40.76
ZYXEM GT 20ML,1,52.83
